focus,container,entry,has_cyrillic,has_ru_ru_path,sample
cobblenav_pokenav,cobblemon-extra\mods\cobblemon-additions-4.1.6.jar,data/bca/loot_table/item_groups/pokefinder.json,False,False,"{ ""type"": ""minecraft:chest"", ""pools"": [ { ""rolls"": 1, ""entries"": [ ] } ] } "
cobblenav_pokenav,cobblemon-extra\mods\cobblemon-additions-4.1.6.jar,data/bca/loot_table/item_groups/pokenav.json,False,False,"{ ""type"": ""minecraft:chest"", ""pools"": [ { ""rolls"": 1, ""entries"": [ ] } ] } "
cobblenav_pokenav,cobblemon-extra\mods\cobblemon-additions-4.1.6.jar,data/bca/loot_table/support_tables/poke_gear.json,False,False,"﻿{ ""type"": ""minecraft:chest"", ""pools"": [ { ""rolls"": 1, ""entries"": [ { ""type"": ""loot_table"", ""value"": ""bca:item_groups/fishingnav"", ""weight"": 1 }, { ""type"": ""loot_table"", ""value"": ""bca:item_groups/pokedex"", ""weight"": 3 }, { ""type"": ""loot_table"", ""value"": ""bca:i"
battle_move_descriptions,cobblemon-extra\mods\cobblemon-battle-extras-fabric-1.13.44.jar,assets/cobblemon-battle-extras/lang/de_de.json,False,False,"{ ""move.battleinfo.power"": ""⚔ Stärke: %d"", ""move.battleinfo.power.none"": ""⚔ Stärke: —"", ""move.battleinfo.accuracy"": ""◎ Genauigkeit: %d%%"", ""move.battleinfo.accuracy.none"": ""◎ Genauigkeit: —"", ""move.battleinfo.priority"": ""⚡ Priorität: %s"", ""move.battleinfo.spee"
battle_move_descriptions,cobblemon-extra\mods\cobblemon-battle-extras-fabric-1.13.44.jar,assets/cobblemon-battle-extras/lang/en_us.json,False,False,"{ ""move.battleinfo.power"": ""⚔ Power: %d"", ""move.battleinfo.power.none"": ""⚔ Power: —"", ""move.battleinfo.accuracy"": ""◎ Accuracy: %d%%"", ""move.battleinfo.accuracy.none"": ""◎ Accuracy: —"", ""move.battleinfo.priority"": ""⚡ Priority: %s"", ""move.battleinfo.speed"": ""⚡ Sp"
battle_move_descriptions,cobblemon-extra\mods\cobblemon-battle-extras-fabric-1.13.44.jar,assets/cobblemon-battle-extras/lang/es_es.json,False,False,"{ ""move.battleinfo.power"": ""⚔ Potencia: %d"", ""move.battleinfo.power.none"": ""⚔ Potencia: —"", ""move.battleinfo.accuracy"": ""◎ Precisión: %d%%"", ""move.battleinfo.accuracy.none"": ""◎ Precisión: —"", ""move.battleinfo.priority"": ""⚡ Prioridad: %s"", ""move.battleinfo.spee"
battle_move_descriptions,cobblemon-extra\mods\cobblemon-battle-extras-fabric-1.13.44.jar,assets/cobblemon-battle-extras/lang/es_mx.json,False,False,"{ ""move.battleinfo.power"": ""⚔ Potencia: %d"", ""move.battleinfo.power.none"": ""⚔ Potencia: —"", ""move.battleinfo.accuracy"": ""◎ Precisión: %d%%"", ""move.battleinfo.accuracy.none"": ""◎ Precisión: —"", ""move.battleinfo.priority"": ""⚡ Prioridad: %s"", ""move.battleinfo.spee"
battle_move_descriptions,cobblemon-extra\mods\cobblemon-battle-extras-fabric-1.13.44.jar,assets/cobblemon-battle-extras/lang/fr_fr.json,False,False,"{ ""move.battleinfo.power"": ""⚔ Puissance : %d"", ""move.battleinfo.power.none"": ""⚔ Puissance : —"", ""move.battleinfo.accuracy"": ""◎ Précision : %d%%"", ""move.battleinfo.accuracy.none"": ""◎ Précision : —"", ""move.battleinfo.priority"": ""⚡ Priorité : %s"", ""move.battleinf"
battle_move_descriptions,cobblemon-extra\mods\cobblemon-battle-extras-fabric-1.13.44.jar,assets/cobblemon-battle-extras/lang/it_it.json,False,False,"{ ""move.battleinfo.power"": ""⚔ Potenza: %d"", ""move.battleinfo.power.none"": ""⚔ Potenza: —"", ""move.battleinfo.accuracy"": ""◎ Precisione: %d%%"", ""move.battleinfo.accuracy.none"": ""◎ Precisione: —"", ""move.battleinfo.priority"": ""⚡ Priorità: %s"", ""move.battleinfo.speed"
battle_move_descriptions,cobblemon-extra\mods\cobblemon-battle-extras-fabric-1.13.44.jar,assets/cobblemon-battle-extras/lang/ja_jp.json,False,False,"{ ""move.battleinfo.power"": ""⚔ 威力: %d"", ""move.battleinfo.power.none"": ""⚔ 威力: —"", ""move.battleinfo.accuracy"": ""◎ 命中: %d%%"", ""move.battleinfo.accuracy.none"": ""◎ 命中: —"", ""move.battleinfo.priority"": ""⚡ 優先度: %s"", ""move.battleinfo.speed"": ""⚡ 素早さ: %s"", ""move.battleinf"
battle_move_descriptions,cobblemon-extra\mods\cobblemon-battle-extras-fabric-1.13.44.jar,assets/cobblemon-battle-extras/lang/ko_kr.json,False,False,"{ ""move.battleinfo.power"": ""⚔ 위력: %d"", ""move.battleinfo.power.none"": ""⚔ 위력: —"", ""move.battleinfo.accuracy"": ""◎ 명중률: %d%%"", ""move.battleinfo.accuracy.none"": ""◎ 명중률: —"", ""move.battleinfo.priority"": ""⚡ 우선도: %s"", ""move.battleinfo.speed"": ""⚡ 스피드: %s"", ""move.battlei"
battle_move_descriptions,cobblemon-extra\mods\cobblemon-battle-extras-fabric-1.13.44.jar,assets/cobblemon-battle-extras/lang/nl_nl.json,False,False,"{ ""move.battleinfo.power"": ""⚔ Kracht: %d"", ""move.battleinfo.power.none"": ""⚔ Kracht: —"", ""move.battleinfo.accuracy"": ""◎ Nauwkeurigheid: %d%%"", ""move.battleinfo.accuracy.none"": ""◎ Nauwkeurigheid: —"", ""move.battleinfo.priority"": ""⚡ Prioriteit: %s"", ""move.battlein"
battle_move_descriptions,cobblemon-extra\mods\cobblemon-battle-extras-fabric-1.13.44.jar,assets/cobblemon-battle-extras/lang/pl_pl.json,False,False,"{ ""move.battleinfo.power"": ""⚔ Moc: %d"", ""move.battleinfo.power.none"": ""⚔ Moc: —"", ""move.battleinfo.accuracy"": ""◎ Celność: %d%%"", ""move.battleinfo.accuracy.none"": ""◎ Celność: —"", ""move.battleinfo.priority"": ""⚡ Priorytet: %s"", ""move.battleinfo.speed"": ""⚡ Szybkoś"
battle_move_descriptions,cobblemon-extra\mods\cobblemon-battle-extras-fabric-1.13.44.jar,assets/cobblemon-battle-extras/lang/pt_br.json,False,False,"{ ""move.battleinfo.power"": ""⚔ Poder: %d"", ""move.battleinfo.power.none"": ""⚔ Poder: —"", ""move.battleinfo.accuracy"": ""◎ Precisão: %d%%"", ""move.battleinfo.accuracy.none"": ""◎ Precisão: —"", ""move.battleinfo.priority"": ""⚡ Prioridade: %s"", ""move.battleinfo.speed"": ""⚡ "
battle_move_descriptions,cobblemon-extra\mods\cobblemon-battle-extras-fabric-1.13.44.jar,assets/cobblemon-battle-extras/lang/ru_ru.json,True,True,"{ ""move.battleinfo.power"": ""⚔ Мощность: %d"", ""move.battleinfo.power.none"": ""⚔ Мощность: —"", ""move.battleinfo.accuracy"": ""◎ Точность: %d%%"", ""move.battleinfo.accuracy.none"": ""◎ Точность: —"", ""move.battleinfo.priority"": ""⚡ Приоритет: %s"", ""move.battleinfo.speed"""
battle_move_descriptions,cobblemon-extra\mods\cobblemon-battle-extras-fabric-1.13.44.jar,assets/cobblemon-battle-extras/lang/tl_ph.json,False,False,"{ ""move.battleinfo.power"": ""⚔ Lakas: %d"", ""move.battleinfo.power.none"": ""⚔ Lakas: —"", ""move.battleinfo.accuracy"": ""◎ Katumpakan: %d%%"", ""move.battleinfo.accuracy.none"": ""◎ Katumpakan: —"", ""move.battleinfo.priority"": ""⚡ Prayoridad: %s"", ""move.battleinfo.speed"":"
battle_move_descriptions,cobblemon-extra\mods\cobblemon-battle-extras-fabric-1.13.44.jar,assets/cobblemon-battle-extras/lang/tr_tr.json,False,False,"{ ""move.battleinfo.power"": ""⚔ Güç: %d"", ""move.battleinfo.power.none"": ""⚔ Güç: —"", ""move.battleinfo.accuracy"": ""◎ İsabet: %d%%"", ""move.battleinfo.accuracy.none"": ""◎ İsabet: —"", ""move.battleinfo.priority"": ""⚡ Öncelik: %s"", ""move.battleinfo.speed"": ""⚡ Hız: %s"", """
battle_move_descriptions,cobblemon-extra\mods\cobblemon-battle-extras-fabric-1.13.44.jar,assets/cobblemon-battle-extras/lang/uk_ua.json,True,False,"{ ""move.battleinfo.power"": ""⚔ Потужність: %d"", ""move.battleinfo.power.none"": ""⚔ Потужність: —"", ""move.battleinfo.accuracy"": ""◎ Точність: %d%%"", ""move.battleinfo.accuracy.none"": ""◎ Точність: —"", ""move.battleinfo.priority"": ""⚡ Пріоритет: %s"", ""move.battleinfo.sp"
battle_move_descriptions,cobblemon-extra\mods\cobblemon-battle-extras-fabric-1.13.44.jar,assets/cobblemon-battle-extras/lang/vi_vn.json,False,False,"{ ""move.battleinfo.power"": ""⚔ Sức mạnh: %d"", ""move.battleinfo.power.none"": ""⚔ Sức mạnh: —"", ""move.battleinfo.accuracy"": ""◎ Độ chính xác: %d%%"", ""move.battleinfo.accuracy.none"": ""◎ Độ chính xác: —"", ""move.battleinfo.priority"": ""⚡ Ưu tiên: %s"", ""move.battleinfo."
battle_move_descriptions,cobblemon-extra\mods\cobblemon-battle-extras-fabric-1.13.44.jar,assets/cobblemon-battle-extras/lang/zh_cn.json,False,False,"{ ""move.battleinfo.power"": ""⚔ 威力: %d"", ""move.battleinfo.power.none"": ""⚔ 威力: —"", ""move.battleinfo.accuracy"": ""◎ 命中率: %d%%"", ""move.battleinfo.accuracy.none"": ""◎ 命中率: —"", ""move.battleinfo.priority"": ""⚡ 优先级: %s"", ""move.battleinfo.speed"": ""⚡ 速度: %s"", ""move.battlein"
battle_move_descriptions,cobblemon-extra\mods\cobblemon-battle-extras-fabric-1.13.44.jar,assets/cobblemon-battle-extras/lang/zh_hk.json,False,False,"{ ""move.battleinfo.power"": ""⚔ 威力: %d"", ""move.battleinfo.power.none"": ""⚔ 威力: —"", ""move.battleinfo.accuracy"": ""◎ 命中率: %d%%"", ""move.battleinfo.accuracy.none"": ""◎ 命中率: —"", ""move.battleinfo.priority"": ""⚡ 優先度: %s"", ""move.battleinfo.speed"": ""⚡ 速度: %s"", ""move.battlein"
battle_move_descriptions,cobblemon-extra\mods\cobblemon-battle-extras-fabric-1.13.44.jar,assets/cobblemon-battle-extras/lang/zh_tw.json,False,False,"{ ""move.battleinfo.power"": ""⚔ 威力: %d"", ""move.battleinfo.power.none"": ""⚔ 威力: —"", ""move.battleinfo.accuracy"": ""◎ 命中率: %d%%"", ""move.battleinfo.accuracy.none"": ""◎ 命中率: —"", ""move.battleinfo.priority"": ""⚡ 優先度: %s"", ""move.battleinfo.speed"": ""⚡ 速度: %s"", ""move.battlein"
cobblenav_pokenav,cobblemon-extra\mods\Cobblemon-fabric-1.7.3%2B1.21.1.jar,assets/cobblemon/lang/cs_cz.json,False,False,"{""item.cobblemon.poke_ball"":""Poké Ball"",""item.cobblemon.slate_ball"":""Slate Ball"",""item.cobblemon.azure_ball"":""Azure Ball"",""item.cobblemon.verdant_ball"":""Verdant Ball"",""item.cobblemon.roseate_ball"":""Roseate Ball"",""item.cobblemon.citrine_ball"":""Citrine Ball"",""it"
cobblenav_pokenav,cobblemon-extra\mods\Cobblemon-fabric-1.7.3%2B1.21.1.jar,assets/cobblemon/lang/de_de.json,False,False,"{""item.cobblemon.poke_ball"":""Pokéball"",""item.cobblemon.slate_ball"":""Schieferball"",""item.cobblemon.azure_ball"":""Azurball"",""item.cobblemon.verdant_ball"":""Grünball"",""item.cobblemon.roseate_ball"":""Rosenball"",""item.cobblemon.citrine_ball"":""Zitrinball"",""item.cobblem"
cobblenav_pokenav,cobblemon-extra\mods\Cobblemon-fabric-1.7.3%2B1.21.1.jar,assets/cobblemon/lang/el_cy.json,False,False,"{""item.cobblemon.poke_ball"":""Πόκε-Μπολ"",""item.cobblemon.slate_ball"":""Σλαίτ-Μπολ"",""item.cobblemon.azure_ball"":""Αζουρ-Μπολ"",""item.cobblemon.verdant_ball"":""Βέρνταντ-Μπολ"",""item.cobblemon.roseate_ball"":""Ροζεάτε-Μπολ"",""item.cobblemon.citrine_ball"":""Κιτρίν-Μπολ"",""it"
cobblenav_pokenav,cobblemon-extra\mods\Cobblemon-fabric-1.7.3%2B1.21.1.jar,assets/cobblemon/lang/en_pt.json,False,False,"{""item.cobblemon.poke_ball"":""Monster ball"",""item.cobblemon.slate_ball"":""Cannonball"",""item.cobblemon.azure_ball"":""Ball o' water's hue"",""item.cobblemon.verdant_ball"":""Ball o' moss"",""item.cobblemon.roseate_ball"":""Flowered ball"",""item.cobblemon.citrine_ball"":""Scur"
cobblenav_pokenav,cobblemon-extra\mods\Cobblemon-fabric-1.7.3%2B1.21.1.jar,assets/cobblemon/lang/en_us.json,False,False,"{""item.cobblemon.poke_ball"":""Poké Ball"",""item.cobblemon.slate_ball"":""Slate Ball"",""item.cobblemon.azure_ball"":""Azure Ball"",""item.cobblemon.verdant_ball"":""Verdant Ball"",""item.cobblemon.roseate_ball"":""Roseate Ball"",""item.cobblemon.citrine_ball"":""Citrine Ball"",""it"
cobblenav_pokenav,cobblemon-extra\mods\Cobblemon-fabric-1.7.3%2B1.21.1.jar,assets/cobblemon/lang/eo_eo.json,False,False,"{""item.cobblemon.poke_ball"":""Pokeglobo"",""item.cobblemon.slate_ball"":""Ardezogriza globo"",""item.cobblemon.azure_ball"":""Lazura globo"",""item.cobblemon.verdant_ball"":""Herbkolora globo"",""item.cobblemon.roseate_ball"":""Roza globo"",""item.cobblemon.citrine_ball"":""Citron"
cobblenav_pokenav,cobblemon-extra\mods\Cobblemon-fabric-1.7.3%2B1.21.1.jar,assets/cobblemon/lang/es_es.json,False,False,"{""item.cobblemon.poke_ball"":""Poké Ball"",""item.cobblemon.slate_ball"":""Pizarra Ball"",""item.cobblemon.azure_ball"":""Azur Ball"",""item.cobblemon.verdant_ball"":""Verdor Ball"",""item.cobblemon.roseate_ball"":""Rosada Ball"",""item.cobblemon.citrine_ball"":""Citrino Ball"",""ite"
cobblenav_pokenav,cobblemon-extra\mods\Cobblemon-fabric-1.7.3%2B1.21.1.jar,assets/cobblemon/lang/es_mx.json,False,False,"{""item.cobblemon.poke_ball"":""Poké Ball"",""item.cobblemon.slate_ball"":""Pizarra Ball"",""item.cobblemon.azure_ball"":""Azur Ball"",""item.cobblemon.verdant_ball"":""Verdor Ball"",""item.cobblemon.roseate_ball"":""Rosa Ball"",""item.cobblemon.citrine_ball"":""Citrino Ball"",""item."
cobblenav_pokenav,cobblemon-extra\mods\Cobblemon-fabric-1.7.3%2B1.21.1.jar,assets/cobblemon/lang/fr_ca.json,False,False,"{""item.cobblemon.poke_ball"":""Poké Ball"",""item.cobblemon.slate_ball"":""Ardoise Ball"",""item.cobblemon.azure_ball"":""Azur Ball"",""item.cobblemon.verdant_ball"":""Verdoyante Ball"",""item.cobblemon.roseate_ball"":""Rose Ball"",""item.cobblemon.citrine_ball"":""Citrine Ball"",""i"
cobblenav_pokenav,cobblemon-extra\mods\Cobblemon-fabric-1.7.3%2B1.21.1.jar,assets/cobblemon/lang/fr_fr.json,False,False,"{""item.cobblemon.poke_ball"":""Poké Ball"",""item.cobblemon.slate_ball"":""Ardoise Ball"",""item.cobblemon.azure_ball"":""Azur Ball"",""item.cobblemon.verdant_ball"":""Verdoyante Ball"",""item.cobblemon.roseate_ball"":""Rose Ball"",""item.cobblemon.citrine_ball"":""Citrine Ball"",""i"
cobblenav_pokenav,cobblemon-extra\mods\Cobblemon-fabric-1.7.3%2B1.21.1.jar,assets/cobblemon/lang/hu_hu.json,False,False,"{""item.cobblemon.poke_ball"":""Poké Labda"",""item.cobblemon.slate_ball"":""Pala Labda"",""item.cobblemon.azure_ball"":""Azúr Labda"",""item.cobblemon.verdant_ball"":""Zöldellő labda"",""item.cobblemon.roseate_ball"":""Rózsaszínű Labda"",""item.cobblemon.citrine_ball"":""Citrán Lab"
cobblenav_pokenav,cobblemon-extra\mods\Cobblemon-fabric-1.7.3%2B1.21.1.jar,assets/cobblemon/lang/it_it.json,False,False,"{""item.cobblemon.poke_ball"":""Poké Ball"",""item.cobblemon.slate_ball"":""Slate Ball"",""item.cobblemon.azure_ball"":""Azure Ball"",""item.cobblemon.verdant_ball"":""Verdant Ball"",""item.cobblemon.roseate_ball"":""Roseate Ball"",""item.cobblemon.citrine_ball"":""Citrine Ball"",""it"
cobblenav_pokenav,cobblemon-extra\mods\Cobblemon-fabric-1.7.3%2B1.21.1.jar,assets/cobblemon/lang/ja_jp.json,False,False,"{""item.cobblemon.poke_ball"":""モンスターボール"",""item.cobblemon.slate_ball"":""ブラックボール"",""item.cobblemon.azure_ball"":""ブルーボール"",""item.cobblemon.verdant_ball"":""グリーンボール"",""item.cobblemon.roseate_ball"":""ピンクボール"",""item.cobblemon.citrine_ball"":""イエローボール"",""item.cobblemon.great_ball"""
cobblenav_pokenav,cobblemon-extra\mods\Cobblemon-fabric-1.7.3%2B1.21.1.jar,assets/cobblemon/lang/ko_kr.json,False,False,"{""item.cobblemon.poke_ball"":""몬스터볼"",""item.cobblemon.slate_ball"":""블랙볼"",""item.cobblemon.azure_ball"":""블루볼"",""item.cobblemon.verdant_ball"":""그린볼"",""item.cobblemon.roseate_ball"":""핑크볼"",""item.cobblemon.citrine_ball"":""옐로볼"",""item.cobblemon.great_ball"":""슈퍼볼"",""item.cobblemon"
cobblenav_pokenav,cobblemon-extra\mods\Cobblemon-fabric-1.7.3%2B1.21.1.jar,assets/cobblemon/lang/nl_nl.json,False,False,"{""item.cobblemon.poke_ball"":""Pokéballen"",""item.cobblemon.slate_ball"":""Leisteen bal"",""item.cobblemon.azure_ball"":""Azuur bal"",""item.cobblemon.verdant_ball"":""Groene bal"",""item.cobblemon.roseate_ball"":""Rooskleurig bal"",""item.cobblemon.citrine_ball"":""Citriene bal"","
cobblenav_pokenav,cobblemon-extra\mods\Cobblemon-fabric-1.7.3%2B1.21.1.jar,assets/cobblemon/lang/pl_pl.json,False,False,"{""item.cobblemon.poke_ball"":""Poké Ball"",""item.cobblemon.slate_ball"":""Slate Ball"",""item.cobblemon.azure_ball"":""Azure Ball"",""item.cobblemon.verdant_ball"":""Verdant Ball"",""item.cobblemon.roseate_ball"":""Roseate Ball"",""item.cobblemon.citrine_ball"":""Citrine Ball"",""it"
cobblenav_pokenav,cobblemon-extra\mods\Cobblemon-fabric-1.7.3%2B1.21.1.jar,assets/cobblemon/lang/pt_br.json,False,False,"{""item.cobblemon.poke_ball"":""Pokébola"",""item.cobblemon.slate_ball"":""Bola Ardósia"",""item.cobblemon.azure_ball"":""Bola Cerúlea"",""item.cobblemon.verdant_ball"":""Bola Verdejante"",""item.cobblemon.roseate_ball"":""Bola Rosada"",""item.cobblemon.citrine_ball"":""Bola Citrina"
cobblenav_pokenav,cobblemon-extra\mods\Cobblemon-fabric-1.7.3%2B1.21.1.jar,assets/cobblemon/lang/pt_pt.json,False,False,"{""item.cobblemon.poke_ball"":""Pokébola"",""item.cobblemon.slate_ball"":""Bola de Ardósia"",""item.cobblemon.azure_ball"":""Bola Cerúlea"",""item.cobblemon.verdant_ball"":""Bola Verdejante"",""item.cobblemon.roseate_ball"":""Bola Rosada"",""item.cobblemon.citrine_ball"":""Bola Citr"
cobblenav_pokenav,cobblemon-extra\mods\Cobblemon-fabric-1.7.3%2B1.21.1.jar,assets/cobblemon/lang/ru_ru.json,True,True,"{ ""item.cobblemon.poke_ball"": ""Покебол"", ""item.cobblemon.slate_ball"": ""Слейтбол"", ""item.cobblemon.azure_ball"": ""Азурбол"", ""item.cobblemon.verdant_ball"": ""Вердантбол"", ""item.cobblemon.roseate_ball"": ""Розеатбол"", ""item.cobblemon.citrine_ball"": ""Цитринбол"", ""item"
cobblenav_pokenav,cobblemon-extra\mods\Cobblemon-fabric-1.7.3%2B1.21.1.jar,assets/cobblemon/lang/sv_se.json,False,False,"{""item.cobblemon.poke_ball"":""Poké Boll"",""item.cobblemon.slate_ball"":""Slate Ball"",""item.cobblemon.azure_ball"":""Azure Ball"",""item.cobblemon.verdant_ball"":""Verdant Ball"",""item.cobblemon.roseate_ball"":""Roseate Ball"",""item.cobblemon.citrine_ball"":""Citrine Ball"",""it"
cobblenav_pokenav,cobblemon-extra\mods\Cobblemon-fabric-1.7.3%2B1.21.1.jar,assets/cobblemon/lang/th_th.json,False,False,"{""item.cobblemon.poke_ball"":""มอนสเตอร์บอล"",""item.cobblemon.slate_ball"":""สเลทบอล"",""item.cobblemon.azure_ball"":""อาซัวร์บอล"",""item.cobblemon.verdant_ball"":""เวอเดินท์บอล"",""item.cobblemon.roseate_ball"":""โรซีเอทบอล"",""item.cobblemon.citrine_ball"":""ซิทรินบอล"",""item.co"
cobblenav_pokenav,cobblemon-extra\mods\Cobblemon-fabric-1.7.3%2B1.21.1.jar,assets/cobblemon/lang/tr_tr.json,False,False,"{""item.cobblemon.poke_ball"":""Poké Topu"",""item.cobblemon.slate_ball"":""Slate Topu"",""item.cobblemon.azure_ball"":""Azure Top"",""item.cobblemon.verdant_ball"":""Verdant Top"",""item.cobblemon.roseate_ball"":""Gül Topu"",""item.cobblemon.citrine_ball"":""Sitrin Top"",""item.cobbl"
cobblenav_pokenav,cobblemon-extra\mods\Cobblemon-fabric-1.7.3%2B1.21.1.jar,assets/cobblemon/lang/uk_ua.json,True,False,"{""item.cobblemon.poke_ball"":""Покебол"",""item.cobblemon.slate_ball"":""Слейтбол"",""item.cobblemon.azure_ball"":""Азурбол"",""item.cobblemon.verdant_ball"":""Вердантбол"",""item.cobblemon.roseate_ball"":""Розетбол"",""item.cobblemon.citrine_ball"":""Цитринбол"",""item.cobblemon.gre"
cobblenav_pokenav,cobblemon-extra\mods\Cobblemon-fabric-1.7.3%2B1.21.1.jar,assets/cobblemon/lang/vi_vn.json,False,False,"{""cobblemon.species.mareep.name"":""Mareep"",""block.cobblemon.smooth_tumblestone_stairs"":""Cầu thang Đá lăn Mịn"",""cobblemon.ability.stickyhold.desc"":""Các vật phẩm được giữ bởi Pokémon bị dính chặt và không thể bị loại bỏ bởi các Pokémon khác."",""key.cobblemon.summa"
cobblenav_pokenav,cobblemon-extra\mods\Cobblemon-fabric-1.7.3%2B1.21.1.jar,assets/cobblemon/lang/zh_cn.json,False,False,"{""item.cobblemon.poke_ball"":""精灵球"",""item.cobblemon.slate_ball"":""精灵球（黑）"",""item.cobblemon.azure_ball"":""精灵球（蓝）"",""item.cobblemon.verdant_ball"":""精灵球（绿）"",""item.cobblemon.roseate_ball"":""精灵球（粉）"",""item.cobblemon.citrine_ball"":""精灵球（黄）"",""item.cobblemon.great_ball"":""超级球"","""
cobblenav_pokenav,cobblemon-extra\mods\Cobblemon-fabric-1.7.3%2B1.21.1.jar,assets/cobblemon/lang/zh_hk.json,False,False,"{""itemGroup.cobblemon.pokeball"":""所有精靈球"",""item.cobblemon.poke_ball"":""精靈球"",""item.cobblemon.slate_ball"":""深黑球"",""item.cobblemon.azure_ball"":""天藍球"",""item.cobblemon.verdant_ball"":""蔥鬱球"",""item.cobblemon.roseate_ball"":""瑰色球"",""item.cobblemon.citrine_ball"":""茶晶球"",""item.cobbl"
cobblenav_pokenav,cobblemon-extra\mods\Cobblemon-fabric-1.7.3%2B1.21.1.jar,assets/cobblemon/lang/zh_tw.json,False,False,"{""item.cobblemon.poke_ball"":""精靈球"",""item.cobblemon.slate_ball"":""精靈球（黑）"",""item.cobblemon.azure_ball"":""精靈球（藍）"",""item.cobblemon.verdant_ball"":""精靈球（綠）"",""item.cobblemon.roseate_ball"":""精靈球（粉）"",""item.cobblemon.citrine_ball"":""精靈球（黃）"",""item.cobblemon.great_ball"":""超級球"","""
cobblenav_pokenav,cobblemon-extra\mods\cobblenav-fabric-2.2.5.jar,assets/cobblenav/lang/en_us.json,False,False,"{ ""key.cobblenav.open_pokenav"": ""Open Pokenav"", ""key.cobblenav.open_location"": ""Open Location Screen"", ""category.cobblenav"": ""Cobblenav"", ""itemGroup.cobblenav.pokenav_group"": ""Cobblenav"", ""tag.item.cobblenav.pokenav"": ""PokéNav"", ""tag.item.cobblenav.dyed_pokena"
cobblenav_pokenav,cobblemon-extra\mods\cobblenav-fabric-2.2.5.jar,assets/cobblenav/lang/es_es.json,False,False,"{ ""key.cobblenav.open_pokenav"": ""Abrir Pokenav"", ""key.cobblenav.open_location"": ""Abrir Pantalla de Localización"", ""category.cobblenav"": ""Cobblenav"", ""gamerule.titleCommandsPermissionLevel"": ""Nivel de permiso del comando de título"", ""itemGroup.cobblenav.pokenav"
cobblenav_pokenav,cobblemon-extra\mods\cobblenav-fabric-2.2.5.jar,assets/cobblenav/lang/es_mx.json,False,False,"{ ""key.cobblenav.open_pokenav"": ""Abrir Pokenav"", ""key.cobblenav.open_location"": ""Abrir Pantalla de Localización"", ""category.cobblenav"": ""Cobblenav"", ""gamerule.titleCommandsPermissionLevel"": ""Nivel de permiso del comando de título"", ""itemGroup.cobblenav.pokenav"
cobblenav_pokenav,cobblemon-extra\mods\cobblenav-fabric-2.2.5.jar,assets/cobblenav/lang/ko_kr.json,False,False,"{ ""gamerule.titleCommandsPermissionLevel"": ""타이틀 명령어 사용 권한 레벨"", ""itemGroup.cobblenav.pokenav_group"": ""코블내브"", ""item.cobblenav.pokenav_item"": ""포켓내비"", ""gui.cobblenav.pokenav_item.title"": ""포켓몬 네비게이터"", ""gui.cobblenav.pokenav_item.close_button"": ""끄기"", ""gui.cobblenav."
cobblenav_pokenav,cobblemon-extra\mods\cobblenav-fabric-2.2.5.jar,assets/cobblenav/lang/ru_ru.json,True,True,"{ ""key.cobblenav.open_pokenav"": ""Открыть PokéNav"", ""key.cobblenav.open_location"": ""Открыть экран локации"", ""category.cobblenav"": ""Cobblenav"", ""itemGroup.cobblenav.pokenav_group"": ""Cobblenav"", ""tag.item.cobblenav.pokenav"": ""PokéNav"", ""tag.item.cobblenav.dyed_po"
cobblenav_pokenav,cobblemon-extra\mods\cobblenav-fabric-2.2.5.jar,assets/cobblenav/lang/zh_cn.json,False,False,"{ ""key.cobblenav.open_pokenav"": ""打开Pokenav"", ""key.cobblenav.open_location"": ""打开位置屏幕"", ""category.cobblenav"": ""Cobblenav"", ""itemGroup.cobblenav.pokenav_group"": ""Cobblenav"", ""tag.item.cobblenav.pokenav"": ""宝可导航器"", ""tag.item.cobblenav.dyed_pokenav"": ""染色宝可导航器"", ""ite"
cobblenav_pokenav,cobblemon-extra\mods\cobblenav-fabric-2.2.5.jar,assets/cobblenav/models/item/custom/legacy_pokenav_item.json,False,False,"{ ""parent"": ""item/generated"", ""textures"": { ""layer0"": ""cobblenav:item/custom/legacy_pokenav_item"" } }"
cobblenav_pokenav,cobblemon-extra\mods\cobblenav-fabric-2.2.5.jar,assets/cobblenav/models/item/pokefinder_item_black.json,False,False,"{ ""parent"": ""cobblenav:item/cobblenav_template"", ""textures"": { ""layer0"": ""cobblenav:item/pokefinder_item_black"" } }"
cobblenav_pokenav,cobblemon-extra\mods\cobblenav-fabric-2.2.5.jar,assets/cobblenav/models/item/pokefinder_item_blue.json,False,False,"{ ""parent"": ""cobblenav:item/cobblenav_template"", ""textures"": { ""layer0"": ""cobblenav:item/pokefinder_item_blue"" } }"
cobblenav_pokenav,cobblemon-extra\mods\cobblenav-fabric-2.2.5.jar,assets/cobblenav/models/item/pokefinder_item_green.json,False,False,"{ ""parent"": ""cobblenav:item/cobblenav_template"", ""textures"": { ""layer0"": ""cobblenav:item/pokefinder_item_green"" } }"
cobblenav_pokenav,cobblemon-extra\mods\cobblenav-fabric-2.2.5.jar,assets/cobblenav/models/item/pokefinder_item_pink.json,False,False,"{ ""parent"": ""cobblenav:item/cobblenav_template"", ""textures"": { ""layer0"": ""cobblenav:item/pokefinder_item_pink"" } }"
cobblenav_pokenav,cobblemon-extra\mods\cobblenav-fabric-2.2.5.jar,assets/cobblenav/models/item/pokefinder_item_red.json,False,False,"{ ""parent"": ""cobblenav:item/cobblenav_template"", ""textures"": { ""layer0"": ""cobblenav:item/pokefinder_item_red"" } }"
cobblenav_pokenav,cobblemon-extra\mods\cobblenav-fabric-2.2.5.jar,assets/cobblenav/models/item/pokefinder_item_white.json,False,False,"{ ""parent"": ""cobblenav:item/cobblenav_template"", ""textures"": { ""layer0"": ""cobblenav:item/pokefinder_item_white"" } }"
cobblenav_pokenav,cobblemon-extra\mods\cobblenav-fabric-2.2.5.jar,assets/cobblenav/models/item/pokefinder_item_yellow.json,False,False,"{ ""parent"": ""cobblenav:item/cobblenav_template"", ""textures"": { ""layer0"": ""cobblenav:item/pokefinder_item_yellow"" } }"
cobblenav_pokenav,cobblemon-extra\mods\cobblenav-fabric-2.2.5.jar,assets/cobblenav/models/item/pokenav_item_base.json,False,False,"{ ""parent"": ""cobblenav:item/cobblenav_template"", ""textures"": { ""layer0"": ""cobblenav:item/pokenav_item_base"" } }"
cobblenav_pokenav,cobblemon-extra\mods\cobblenav-fabric-2.2.5.jar,assets/cobblenav/models/item/pokenav_item_black.json,False,False,"{ ""parent"": ""cobblenav:item/cobblenav_template"", ""textures"": { ""layer0"": ""cobblenav:item/pokenav_item_black"" } }"
cobblenav_pokenav,cobblemon-extra\mods\cobblenav-fabric-2.2.5.jar,assets/cobblenav/models/item/pokenav_item_blue.json,False,False,"{ ""parent"": ""cobblenav:item/cobblenav_template"", ""textures"": { ""layer0"": ""cobblenav:item/pokenav_item_blue"" } }"
cobblenav_pokenav,cobblemon-extra\mods\cobblenav-fabric-2.2.5.jar,assets/cobblenav/models/item/pokenav_item_brown.json,False,False,"{ ""parent"": ""cobblenav:item/cobblenav_template"", ""textures"": { ""layer0"": ""cobblenav:item/pokenav_item_brown"" } }"
cobblenav_pokenav,cobblemon-extra\mods\cobblenav-fabric-2.2.5.jar,assets/cobblenav/models/item/pokenav_item_custom.json,False,False,"{ ""parent"": ""item/generated"", ""overrides"": [ {""predicate"": {""custom_model_data"":0}, ""model"": ""cobblenav:item/custom/legacy_pokenav_item""} ] }"
cobblenav_pokenav,cobblemon-extra\mods\cobblenav-fabric-2.2.5.jar,assets/cobblenav/models/item/pokenav_item_cyan.json,False,False,"{ ""parent"": ""cobblenav:item/cobblenav_template"", ""textures"": { ""layer0"": ""cobblenav:item/pokenav_item_cyan"" } }"
cobblenav_pokenav,cobblemon-extra\mods\cobblenav-fabric-2.2.5.jar,assets/cobblenav/models/item/pokenav_item_gholdengo.json,False,False,"{ ""parent"": ""cobblenav:item/cobblenav_template"", ""textures"": { ""layer0"": ""cobblenav:item/pokenav_item_gholdengo"" } }"
cobblenav_pokenav,cobblemon-extra\mods\cobblenav-fabric-2.2.5.jar,assets/cobblenav/models/item/pokenav_item_gray.json,False,False,"{ ""parent"": ""cobblenav:item/cobblenav_template"", ""textures"": { ""layer0"": ""cobblenav:item/pokenav_item_gray"" } }"
cobblenav_pokenav,cobblemon-extra\mods\cobblenav-fabric-2.2.5.jar,assets/cobblenav/models/item/pokenav_item_green.json,False,False,"{ ""parent"": ""cobblenav:item/cobblenav_template"", ""textures"": { ""layer0"": ""cobblenav:item/pokenav_item_green"" } }"
cobblenav_pokenav,cobblemon-extra\mods\cobblenav-fabric-2.2.5.jar,assets/cobblenav/models/item/pokenav_item_invisible_gholdengo.json,False,False,"{ ""parent"": ""cobblenav:item/cobblenav_template"", ""textures"": { ""layer0"": ""cobblenav:item/pokenav_item_invisible_gholdengo"" } }"
cobblenav_pokenav,cobblemon-extra\mods\cobblenav-fabric-2.2.5.jar,assets/cobblenav/models/item/pokenav_item_light_blue.json,False,False,"{ ""parent"": ""cobblenav:item/cobblenav_template"", ""textures"": { ""layer0"": ""cobblenav:item/pokenav_item_light_blue"" } }"
cobblenav_pokenav,cobblemon-extra\mods\cobblenav-fabric-2.2.5.jar,assets/cobblenav/models/item/pokenav_item_light_gray.json,False,False,"{ ""parent"": ""cobblenav:item/cobblenav_template"", ""textures"": { ""layer0"": ""cobblenav:item/pokenav_item_light_gray"" } }"
cobblenav_pokenav,cobblemon-extra\mods\cobblenav-fabric-2.2.5.jar,assets/cobblenav/models/item/pokenav_item_lime.json,False,False,"{ ""parent"": ""cobblenav:item/cobblenav_template"", ""textures"": { ""layer0"": ""cobblenav:item/pokenav_item_lime"" } }"
cobblenav_pokenav,cobblemon-extra\mods\cobblenav-fabric-2.2.5.jar,assets/cobblenav/models/item/pokenav_item_magenta.json,False,False,"{ ""parent"": ""cobblenav:item/cobblenav_template"", ""textures"": { ""layer0"": ""cobblenav:item/pokenav_item_magenta"" } }"
cobblenav_pokenav,cobblemon-extra\mods\cobblenav-fabric-2.2.5.jar,assets/cobblenav/models/item/pokenav_item_netherite.json,False,False,"{ ""parent"": ""cobblenav:item/cobblenav_template"", ""textures"": { ""layer0"": ""cobblenav:item/pokenav_item_netherite"" } }"
cobblenav_pokenav,cobblemon-extra\mods\cobblenav-fabric-2.2.5.jar,assets/cobblenav/models/item/pokenav_item_old.json,False,False,"{ ""parent"": ""cobblenav:item/cobblenav_template"", ""textures"": { ""layer0"": ""cobblenav:item/pokenav_item_old"" } }"
cobblenav_pokenav,cobblemon-extra\mods\cobblenav-fabric-2.2.5.jar,assets/cobblenav/models/item/pokenav_item_orange.json,False,False,"{ ""parent"": ""cobblenav:item/cobblenav_template"", ""textures"": { ""layer0"": ""cobblenav:item/pokenav_item_orange"" } }"
cobblenav_pokenav,cobblemon-extra\mods\cobblenav-fabric-2.2.5.jar,assets/cobblenav/models/item/pokenav_item_pink.json,False,False,"{ ""parent"": ""cobblenav:item/cobblenav_template"", ""textures"": { ""layer0"": ""cobblenav:item/pokenav_item_pink"" } }"
cobblenav_pokenav,cobblemon-extra\mods\cobblenav-fabric-2.2.5.jar,assets/cobblenav/models/item/pokenav_item_purple.json,False,False,"{ ""parent"": ""cobblenav:item/cobblenav_template"", ""textures"": { ""layer0"": ""cobblenav:item/pokenav_item_purple"" } }"
cobblenav_pokenav,cobblemon-extra\mods\cobblenav-fabric-2.2.5.jar,assets/cobblenav/models/item/pokenav_item_red.json,False,False,"{ ""parent"": ""cobblenav:item/cobblenav_template"", ""textures"": { ""layer0"": ""cobblenav:item/pokenav_item_red"" } }"
cobblenav_pokenav,cobblemon-extra\mods\cobblenav-fabric-2.2.5.jar,assets/cobblenav/models/item/pokenav_item_wanderer.json,False,False,"{ ""parent"": ""cobblenav:item/cobblenav_template"", ""textures"": { ""layer0"": ""cobblenav:item/pokenav_item_wanderer"" } }"
cobblenav_pokenav,cobblemon-extra\mods\cobblenav-fabric-2.2.5.jar,assets/cobblenav/models/item/pokenav_item_white.json,False,False,"{ ""parent"": ""cobblenav:item/cobblenav_template"", ""textures"": { ""layer0"": ""cobblenav:item/pokenav_item_white"" } }"
cobblenav_pokenav,cobblemon-extra\mods\cobblenav-fabric-2.2.5.jar,assets/cobblenav/models/item/pokenav_item_yellow.json,False,False,"{ ""parent"": ""cobblenav:item/cobblenav_template"", ""textures"": { ""layer0"": ""cobblenav:item/pokenav_item_yellow"" } }"
cobblenav_pokenav,cobblemon-extra\mods\cobblenav-fabric-2.2.5.jar,data/cobblenav/loot_table/injection/chests/ancient_city.json,False,False,"{ ""type"": ""minecraft:chest"", ""pools"": [ { ""entries"": [ { ""type"": ""minecraft:item"", ""name"": ""cobblenav:pokenav_item_old"", ""functions"": [ { ""function"": ""minecraft:set_count"", ""count"": 1 } ] } ], ""conditions"": [ { ""condition"": ""minecraft:random_chance"", ""chance"":"
cobblenav_pokenav,cobblemon-extra\mods\cobblenav-fabric-2.2.5.jar,data/cobblenav/loot_table/injection/gameplay/fishing/treasure.json,False,False,"{ ""type"": ""minecraft:fishing"", ""pools"": [ { ""bonus_rolls"": 0, ""entries"": [ { ""type"": ""minecraft:item"", ""name"": ""cobblenav:pokenav_item_old"", ""functions"": [ { ""function"": ""minecraft:set_count"", ""count"": 1, ""add"": false } ] } ], ""conditions"": [ { ""condition"": ""m"
cobblenav_pokenav,cobblemon-extra\mods\cobblenav-fabric-2.2.5.jar,data/cobblenav/recipe/pokefinder_item_black.json,False,False,"{ ""type"": ""minecraft:crafting_shaped"", ""category"": ""equipment"", ""pattern"": [ "" R "", ""RCR"", ""IEI"" ], ""key"": { ""R"": { ""item"": ""cobblemon:black_apricorn"" }, ""C"": { ""item"": ""minecraft:compass"" }, ""I"": { ""item"": ""minecraft:copper_ingot"" }, ""E"": { ""item"": ""cobblemon"
cobblenav_pokenav,cobblemon-extra\mods\cobblenav-fabric-2.2.5.jar,data/cobblenav/recipe/pokefinder_item_blue.json,False,False,"{ ""type"": ""minecraft:crafting_shaped"", ""category"": ""equipment"", ""pattern"": [ "" R "", ""RCR"", ""IEI"" ], ""key"": { ""R"": { ""item"": ""cobblemon:blue_apricorn"" }, ""C"": { ""item"": ""minecraft:compass"" }, ""I"": { ""item"": ""minecraft:copper_ingot"" }, ""E"": { ""item"": ""cobblemon:"
cobblenav_pokenav,cobblemon-extra\mods\cobblenav-fabric-2.2.5.jar,data/cobblenav/recipe/pokefinder_item_green.json,False,False,"{ ""type"": ""minecraft:crafting_shaped"", ""category"": ""equipment"", ""pattern"": [ "" R "", ""RCR"", ""IEI"" ], ""key"": { ""R"": { ""item"": ""cobblemon:green_apricorn"" }, ""C"": { ""item"": ""minecraft:compass"" }, ""I"": { ""item"": ""minecraft:copper_ingot"" }, ""E"": { ""item"": ""cobblemon"
cobblenav_pokenav,cobblemon-extra\mods\cobblenav-fabric-2.2.5.jar,data/cobblenav/recipe/pokefinder_item_pink.json,False,False,"{ ""type"": ""minecraft:crafting_shaped"", ""category"": ""equipment"", ""pattern"": [ "" R "", ""RCR"", ""IEI"" ], ""key"": { ""R"": { ""item"": ""cobblemon:pink_apricorn"" }, ""C"": { ""item"": ""minecraft:compass"" }, ""I"": { ""item"": ""minecraft:copper_ingot"" }, ""E"": { ""item"": ""cobblemon:"
cobblenav_pokenav,cobblemon-extra\mods\cobblenav-fabric-2.2.5.jar,data/cobblenav/recipe/pokefinder_item_red.json,False,False,"{ ""type"": ""minecraft:crafting_shaped"", ""category"": ""equipment"", ""pattern"": [ "" R "", ""RCR"", ""IEI"" ], ""key"": { ""R"": { ""item"": ""cobblemon:red_apricorn"" }, ""C"": { ""item"": ""minecraft:compass"" }, ""I"": { ""item"": ""minecraft:copper_ingot"" }, ""E"": { ""item"": ""cobblemon:e"
cobblenav_pokenav,cobblemon-extra\mods\cobblenav-fabric-2.2.5.jar,data/cobblenav/recipe/pokefinder_item_white.json,False,False,"{ ""type"": ""minecraft:crafting_shaped"", ""category"": ""equipment"", ""pattern"": [ "" R "", ""RCR"", ""IEI"" ], ""key"": { ""R"": { ""item"": ""cobblemon:white_apricorn"" }, ""C"": { ""item"": ""minecraft:compass"" }, ""I"": { ""item"": ""minecraft:copper_ingot"" }, ""E"": { ""item"": ""cobblemon"
cobblenav_pokenav,cobblemon-extra\mods\cobblenav-fabric-2.2.5.jar,data/cobblenav/recipe/pokefinder_item_yellow.json,False,False,"{ ""type"": ""minecraft:crafting_shaped"", ""category"": ""equipment"", ""pattern"": [ "" R "", ""RCR"", ""IEI"" ], ""key"": { ""R"": { ""item"": ""cobblemon:yellow_apricorn"" }, ""C"": { ""item"": ""minecraft:compass"" }, ""I"": { ""item"": ""minecraft:copper_ingot"" }, ""E"": { ""item"": ""cobblemo"
cobblenav_pokenav,cobblemon-extra\mods\cobblenav-fabric-2.2.5.jar,data/cobblenav/recipe/pokenav_from_old.json,False,False,"{ ""type"": ""minecraft:crafting_shaped"", ""category"": ""equipment"", ""pattern"": [ "" D "", ""COC"", "" R "" ], ""key"": { ""O"": { ""item"": ""cobblenav:pokenav_item_old"" }, ""C"": { ""item"": ""minecraft:copper_ingot"" }, ""D"": { ""item"": ""minecraft:diamond"" }, ""R"": { ""item"": ""minecra"
cobblenav_pokenav,cobblemon-extra\mods\cobblenav-fabric-2.2.5.jar,data/cobblenav/recipe/pokenav_item.json,False,False,"{ ""type"": ""minecraft:crafting_shaped"", ""category"": ""equipment"", ""pattern"": [ ""CIC"", ""EDU"", ""CRC"" ], ""key"": { ""C"": { ""item"": ""minecraft:copper_ingot"" }, ""D"": { ""item"": ""minecraft:diamond"" }, ""I"": { ""item"": ""minecraft:iron_ingot"" }, ""R"": { ""item"": ""minecraft:red"
cobblenav_pokenav,cobblemon-extra\mods\cobblenav-fabric-2.2.5.jar,data/cobblenav/recipe/pokenav_item_black.json,False,False,"{ ""type"": ""minecraft:crafting_shapeless"", ""category"": ""equipment"", ""ingredients"": [ { ""item"": ""minecraft:black_dye"" }, { ""tag"": ""cobblenav:pokenav"" } ], ""result"": { ""id"": ""cobblenav:pokenav_item_black"" } }"
cobblenav_pokenav,cobblemon-extra\mods\cobblenav-fabric-2.2.5.jar,data/cobblenav/recipe/pokenav_item_blue.json,False,False,"{ ""type"": ""minecraft:crafting_shapeless"", ""category"": ""equipment"", ""ingredients"": [ { ""item"": ""minecraft:blue_dye"" }, { ""tag"": ""cobblenav:pokenav"" } ], ""result"": { ""id"": ""cobblenav:pokenav_item_blue"" } }"
cobblenav_pokenav,cobblemon-extra\mods\cobblenav-fabric-2.2.5.jar,data/cobblenav/recipe/pokenav_item_brown.json,False,False,"{ ""type"": ""minecraft:crafting_shapeless"", ""category"": ""equipment"", ""ingredients"": [ { ""item"": ""minecraft:brown_dye"" }, { ""tag"": ""cobblenav:pokenav"" } ], ""result"": { ""id"": ""cobblenav:pokenav_item_brown"" } }"
cobblenav_pokenav,cobblemon-extra\mods\cobblenav-fabric-2.2.5.jar,data/cobblenav/recipe/pokenav_item_cyan.json,False,False,"{ ""type"": ""minecraft:crafting_shapeless"", ""category"": ""equipment"", ""ingredients"": [ { ""item"": ""minecraft:cyan_dye"" }, { ""tag"": ""cobblenav:pokenav"" } ], ""result"": { ""id"": ""cobblenav:pokenav_item_cyan"" } }"
cobblenav_pokenav,cobblemon-extra\mods\cobblenav-fabric-2.2.5.jar,data/cobblenav/recipe/pokenav_item_from_dyed.json,False,False,"{ ""type"": ""minecraft:crafting_shapeless"", ""category"": ""equipment"", ""ingredients"": [ { ""tag"": ""cobblenav:dyed_pokenav"" } ], ""result"": { ""id"": ""cobblenav:pokenav_item_base"" } }"
cobblenav_pokenav,cobblemon-extra\mods\cobblenav-fabric-2.2.5.jar,data/cobblenav/recipe/pokenav_item_gholdengo.json,False,False,"{ ""type"": ""minecraft:crafting_shaped"", ""category"": ""equipment"", ""pattern"": [ ""CCC"", ""CPC"", ""CGC"" ], ""key"": { ""C"": { ""item"": ""cobblemon:relic_coin"" }, ""P"": { ""tag"": ""cobblenav:pokenav"" }, ""G"": { ""item"": ""cobblemon:ghost_gem"" } }, ""result"": { ""id"": ""cobblenav:po"
cobblenav_pokenav,cobblemon-extra\mods\cobblenav-fabric-2.2.5.jar,data/cobblenav/recipe/pokenav_item_gray.json,False,False,"{ ""type"": ""minecraft:crafting_shapeless"", ""category"": ""equipment"", ""ingredients"": [ { ""item"": ""minecraft:gray_dye"" }, { ""tag"": ""cobblenav:pokenav"" } ], ""result"": { ""id"": ""cobblenav:pokenav_item_gray"" } }"
cobblenav_pokenav,cobblemon-extra\mods\cobblenav-fabric-2.2.5.jar,data/cobblenav/recipe/pokenav_item_green.json,False,False,"{ ""type"": ""minecraft:crafting_shapeless"", ""category"": ""equipment"", ""ingredients"": [ { ""item"": ""minecraft:green_dye"" }, { ""tag"": ""cobblenav:pokenav"" } ], ""result"": { ""id"": ""cobblenav:pokenav_item_green"" } }"
cobblenav_pokenav,cobblemon-extra\mods\cobblenav-fabric-2.2.5.jar,data/cobblenav/recipe/pokenav_item_light_blue.json,False,False,"{ ""type"": ""minecraft:crafting_shapeless"", ""category"": ""equipment"", ""ingredients"": [ { ""item"": ""minecraft:light_blue_dye"" }, { ""tag"": ""cobblenav:pokenav"" } ], ""result"": { ""id"": ""cobblenav:pokenav_item_light_blue"" } }"
cobblenav_pokenav,cobblemon-extra\mods\cobblenav-fabric-2.2.5.jar,data/cobblenav/recipe/pokenav_item_light_gray.json,False,False,"{ ""type"": ""minecraft:crafting_shapeless"", ""category"": ""equipment"", ""ingredients"": [ { ""item"": ""minecraft:light_gray_dye"" }, { ""tag"": ""cobblenav:pokenav"" } ], ""result"": { ""id"": ""cobblenav:pokenav_item_light_gray"" } }"
cobblenav_pokenav,cobblemon-extra\mods\cobblenav-fabric-2.2.5.jar,data/cobblenav/recipe/pokenav_item_lime.json,False,False,"{ ""type"": ""minecraft:crafting_shapeless"", ""category"": ""equipment"", ""ingredients"": [ { ""item"": ""minecraft:lime_dye"" }, { ""tag"": ""cobblenav:pokenav"" } ], ""result"": { ""id"": ""cobblenav:pokenav_item_lime"" } }"
cobblenav_pokenav,cobblemon-extra\mods\cobblenav-fabric-2.2.5.jar,data/cobblenav/recipe/pokenav_item_magenta.json,False,False,"{ ""type"": ""minecraft:crafting_shapeless"", ""category"": ""equipment"", ""ingredients"": [ { ""item"": ""minecraft:magenta_dye"" }, { ""tag"": ""cobblenav:pokenav"" } ], ""result"": { ""id"": ""cobblenav:pokenav_item_magenta"" } }"
cobblenav_pokenav,cobblemon-extra\mods\cobblenav-fabric-2.2.5.jar,data/cobblenav/recipe/pokenav_item_mirrored.json,False,False,"{ ""type"": ""minecraft:crafting_shaped"", ""pattern"": [ ""CIC"", ""UDE"", ""CRC"" ], ""key"": { ""C"": { ""item"": ""minecraft:copper_ingot"" }, ""D"": { ""item"": ""minecraft:diamond"" }, ""I"": { ""item"": ""minecraft:iron_ingot"" }, ""R"": { ""item"": ""minecraft:redstone"" }, ""E"": { ""item"": "
cobblenav_pokenav,cobblemon-extra\mods\cobblenav-fabric-2.2.5.jar,data/cobblenav/recipe/pokenav_item_orange.json,False,False,"{ ""type"": ""minecraft:crafting_shapeless"", ""category"": ""equipment"", ""ingredients"": [ { ""item"": ""minecraft:orange_dye"" }, { ""tag"": ""cobblenav:pokenav"" } ], ""result"": { ""id"": ""cobblenav:pokenav_item_orange"" } }"
cobblenav_pokenav,cobblemon-extra\mods\cobblenav-fabric-2.2.5.jar,data/cobblenav/recipe/pokenav_item_pink.json,False,False,"{ ""type"": ""minecraft:crafting_shapeless"", ""category"": ""equipment"", ""ingredients"": [ { ""item"": ""minecraft:pink_dye"" }, { ""tag"": ""cobblenav:pokenav"" } ], ""result"": { ""id"": ""cobblenav:pokenav_item_pink"" } }"
cobblenav_pokenav,cobblemon-extra\mods\cobblenav-fabric-2.2.5.jar,data/cobblenav/recipe/pokenav_item_purple.json,False,False,"{ ""type"": ""minecraft:crafting_shapeless"", ""category"": ""equipment"", ""ingredients"": [ { ""item"": ""minecraft:purple_dye"" }, { ""tag"": ""cobblenav:pokenav"" } ], ""result"": { ""id"": ""cobblenav:pokenav_item_purple"" } }"
cobblenav_pokenav,cobblemon-extra\mods\cobblenav-fabric-2.2.5.jar,data/cobblenav/recipe/pokenav_item_red.json,False,False,"{ ""type"": ""minecraft:crafting_shapeless"", ""category"": ""equipment"", ""ingredients"": [ { ""item"": ""minecraft:red_dye"" }, { ""tag"": ""cobblenav:pokenav"" } ], ""result"": { ""id"": ""cobblenav:pokenav_item_red"" } }"
cobblenav_pokenav,cobblemon-extra\mods\cobblenav-fabric-2.2.5.jar,data/cobblenav/recipe/pokenav_item_white.json,False,False,"{ ""type"": ""minecraft:crafting_shapeless"", ""category"": ""equipment"", ""ingredients"": [ { ""item"": ""minecraft:white_dye"" }, { ""tag"": ""cobblenav:pokenav"" } ], ""result"": { ""id"": ""cobblenav:pokenav_item_white"" } }"
cobblenav_pokenav,cobblemon-extra\mods\cobblenav-fabric-2.2.5.jar,data/cobblenav/recipe/pokenav_item_yellow.json,False,False,"{ ""type"": ""minecraft:crafting_shapeless"", ""category"": ""equipment"", ""ingredients"": [ { ""item"": ""minecraft:yellow_dye"" }, { ""tag"": ""cobblenav:pokenav"" } ], ""result"": { ""id"": ""cobblenav:pokenav_item_yellow"" } }"
cobblenav_pokenav,cobblemon-extra\mods\cobblenav-fabric-2.2.5.jar,data/cobblenav/tags/item/dyed_pokenav.json,False,False,"{ ""replace"": false, ""values"": [ ""cobblenav:pokenav_item_black"", ""cobblenav:pokenav_item_blue"", ""cobblenav:pokenav_item_brown"", ""cobblenav:pokenav_item_cyan"", ""cobblenav:pokenav_item_gray"", ""cobblenav:pokenav_item_green"", ""cobblenav:pokenav_item_light_blue"", ""c"
cobblenav_pokenav,cobblemon-extra\mods\cobblenav-fabric-2.2.5.jar,data/cobblenav/tags/item/pokenav.json,False,False,"{ ""replace"": false, ""values"": [ ""cobblenav:pokenav_item_base"", ""cobblenav:pokenav_item_black"", ""cobblenav:pokenav_item_blue"", ""cobblenav:pokenav_item_brown"", ""cobblenav:pokenav_item_cyan"", ""cobblenav:pokenav_item_gray"", ""cobblenav:pokenav_item_green"", ""cobblen"
cobblenav_pokenav,cobblemon-extra\mods\cobblenav-fabric-2.2.5.jar,fabric.mod.json,False,False,"{ ""schemaVersion"": 1, ""id"": ""cobblenav"", ""version"": ""2.2.5"", ""name"": ""Cobblenav"", ""description"": ""Cobblenav (Cobblemon Pokenav) is a sidemod that adds a pokenav item similar to the one featured in the Pokemon RS games"", ""authors"": [ ""gatekeep06"" ], ""contact"": "
cobblepedia,cobblemon-extra\mods\Cobblepedia-Fabric-0.7.1.jar,assets/cobblepedia/lang/en_us.json,False,False,"{ ""book.cobblepedia"": ""Poképedia"", ""book.cobblepedia.landing_text"": ""Cobblemon: The Pokémon mod for everyone that aims to integrate much better into modpacks and Minecraft itself than other Pokémon mods."", ""book.cobblepedia.subtitle"": ""All about Cobblemon"", ""b"
cobblepedia,cobblemon-extra\mods\Cobblepedia-Fabric-0.7.1.jar,assets/cobblepedia/lang/es_es.json,False,False,"{ ""book.cobblepedia"": ""Poképedia"", ""book.cobblepedia.landing_text"": ""Cobblemon: El mod de Pokémon para todos que pretende integrarse mucho mejor en los modpacks y en el propio Minecraft que otros mods de Pokémon."", ""book.cobblepedia.subtitle"": ""Todo sobre Cobb"
cobblepedia,cobblemon-extra\mods\Cobblepedia-Fabric-0.7.1.jar,assets/cobblepedia/lang/it_it.json,False,False,"{ ""book.cobblepedia"": ""Poképedia"", ""book.cobblepedia.landing_text"": ""Cobblemon: La mod Pokémon per tutti che mira a integrarsi molto meglio nei modpack e in Minecraft stesso rispetto ad altre mod Pokémon."", ""book.cobblepedia.subtitle"": ""Tutto su Cobblemon"", ""b"
cobblepedia,cobblemon-extra\mods\Cobblepedia-Fabric-0.7.1.jar,assets/cobblepedia/lang/pt_br.json,False,False,"{ ""book.cobblepedia"": ""Pokepédia"", ""book.cobblepedia.landing_text"": ""Cobblemon: O mod Pokémon para todos e que visa se integrar muito melhor aos modpacks e ao próprio Minecraft do que outros mods Pokémon."", ""book.cobblepedia.subtitle"": ""Tudo sobre Cobblemon"", "
cobblepedia,cobblemon-extra\mods\Cobblepedia-Fabric-0.7.1.jar,assets/cobblepedia/lang/zh_cn.json,False,False,"{ ""book.cobblepedia"": ""Poképedia"", ""book.cobblepedia.landing_text"": ""Cobblemon：适用于所有人的宝可梦模组，旨在比其他宝可梦模组更好地集成到整合包和Minecraft本身中。"", ""book.cobblepedia.subtitle"": ""关于神奇宝贝的一切"", ""book.cobblepedia.categories.getting_started"": ""入门"", ""book.cobblepedia.categories.getting_"
cobblepedia,cobblemon-extra\mods\Cobblepedia-Fabric-0.7.1.jar,assets/cobblepedia/patchouli_books/cobblepedia/en_us/categories/agriculture.json,False,False,"{ ""name"": ""book.cobblepedia.categories.agriculture"", ""description"": ""book.cobblepedia.categories.agriculture.description"", ""icon"": ""cobblemon:medicinal_leek"", ""sortnum"": 3 }"
cobblepedia,cobblemon-extra\mods\Cobblepedia-Fabric-0.7.1.jar,assets/cobblepedia/patchouli_books/cobblepedia/en_us/categories/archaeology.json,False,False,"{ ""name"": ""book.cobblepedia.categories.archaeology.name"", ""description"": ""book.cobblepedia.categories.archaeology.description"", ""icon"": ""cobblemon:helix_fossil"", ""sortnum"": 3 }"
cobblepedia,cobblemon-extra\mods\Cobblepedia-Fabric-0.7.1.jar,assets/cobblepedia/patchouli_books/cobblepedia/en_us/categories/cobblemon_addons.json,False,False,"{ ""name"": ""book.cobblepedia.categories.cobblemon_addons"", ""description"": ""book.cobblepedia.categories.cobblemon_addons.description"", ""icon"": ""cobblemon:calcium"", ""sortnum"": 9 }"
cobblepedia,cobblemon-extra\mods\Cobblepedia-Fabric-0.7.1.jar,assets/cobblepedia/patchouli_books/cobblepedia/en_us/categories/commands.json,False,False,"{ ""name"": ""book.cobblepedia.categories.commands"", ""description"": ""book.cobblepedia.categories.commands.description"", ""icon"": ""cobblemon:upgrade"", ""sortnum"": 8 }"
cobblepedia,cobblemon-extra\mods\Cobblepedia-Fabric-0.7.1.jar,assets/cobblepedia/patchouli_books/cobblepedia/en_us/categories/consumables.json,False,False,"{ ""name"": ""itemGroup.cobblemon.consumables"", ""description"": ""book.cobblepedia.categories.consumables.description"", ""icon"": ""cobblemon:roasted_leek"", ""sortnum"": 4 }"
cobblepedia,cobblemon-extra\mods\Cobblepedia-Fabric-0.7.1.jar,assets/cobblepedia/patchouli_books/cobblepedia/en_us/categories/evolution_items.json,False,False,"{ ""name"": ""itemGroup.cobblemon.evolution_item"", ""description"": ""book.cobblepedia.categories.evolution_items.description"", ""icon"": ""cobblemon:black_augurite"", ""sortnum"": 4 }"
cobblepedia,cobblemon-extra\mods\Cobblepedia-Fabric-0.7.1.jar,assets/cobblepedia/patchouli_books/cobblepedia/en_us/categories/getting_started.json,False,False,"{ ""name"": ""book.cobblepedia.categories.getting_started"", ""description"": ""book.cobblepedia.categories.getting_started.description"", ""icon"": ""cobblemon:leftovers"", ""sortnum"": 1 }"
cobblepedia,cobblemon-extra\mods\Cobblepedia-Fabric-0.7.1.jar,assets/cobblepedia/patchouli_books/cobblepedia/en_us/categories/held_items.json,False,False,"{ ""name"": ""itemGroup.cobblemon.held_item"", ""description"": ""book.cobblepedia.categories.held_items.description"", ""icon"": ""cobblemon:exp_share"", ""sortnum"": 4 }"
cobblepedia,cobblemon-extra\mods\Cobblepedia-Fabric-0.7.1.jar,assets/cobblepedia/patchouli_books/cobblepedia/en_us/categories/items.json,False,False,"{ ""name"": ""book.cobblepedia.categories.items"", ""description"": ""book.cobblepedia.categories.items.description"", ""icon"": ""cobblemon:red_apricorn"", ""sortnum"": 5 }"
cobblepedia,cobblemon-extra\mods\Cobblepedia-Fabric-0.7.1.jar,assets/cobblepedia/patchouli_books/cobblepedia/en_us/categories/poke_balls.json,False,False,"{ ""name"": ""itemGroup.cobblemon.utility_item"", ""description"": ""book.cobblepedia.categories.poke_balls.description"", ""icon"": ""cobblemon:poke_ball"", ""sortnum"": 2 }"
cobblepedia,cobblemon-extra\mods\Cobblepedia-Fabric-0.7.1.jar,assets/cobblepedia/patchouli_books/cobblepedia/en_us/categories/pokemon.json,False,False,"{ ""name"": ""book.cobblepedia.categories.pokemon"", ""description"": ""book.cobblepedia.categories.pokemon.description"", ""icon"": ""cobblemon:pokemon_model[cobblemon:pokemon_item={species:\""cobblemon:pikachu\"", aspects:[]}]"", ""sortnum"": 1 }"
cobblepedia,cobblemon-extra\mods\Cobblepedia-Fabric-0.7.1.jar,assets/cobblepedia/patchouli_books/cobblepedia/en_us/categories/structures.json,False,False,"{ ""name"": ""book.cobblepedia.categories.structures.name"", ""description"": ""book.cobblepedia.categories.structures.description"", ""icon"": ""cobblemon:apricorn_door"", ""sortnum"": 7 }"
cobblepedia,cobblemon-extra\mods\Cobblepedia-Fabric-0.7.1.jar,assets/cobblepedia/patchouli_books/cobblepedia/en_us/entries/ability_capsule.json,False,False,"{ ""name"": ""item.cobblemon.ability_capsule"", ""category"": ""cobblepedia:items"", ""read_by_default"": true, ""icon"": ""cobblemon:ability_capsule"", ""pages"": [ { ""type"": ""patchouli:spotlight"", ""item"": ""cobblemon:ability_capsule"", ""link_recipe"": true, ""text"": ""book.cobbl"
cobblepedia,cobblemon-extra\mods\Cobblepedia-Fabric-0.7.1.jar,assets/cobblepedia/patchouli_books/cobblepedia/en_us/entries/ability_patch.json,False,False,"{ ""name"": ""item.cobblemon.ability_patch"", ""category"": ""cobblepedia:items"", ""read_by_default"": true, ""icon"": ""cobblemon:ability_patch"", ""pages"": [ { ""type"": ""patchouli:spotlight"", ""item"": ""cobblemon:ability_patch"", ""link_recipe"": true, ""text"": ""book.cobblepedia"
cobblepedia,cobblemon-extra\mods\Cobblepedia-Fabric-0.7.1.jar,assets/cobblepedia/patchouli_books/cobblepedia/en_us/entries/ability_shield.json,False,False,"{ ""name"": ""item.cobblemon.ability_shield"", ""category"": ""cobblepedia:items"", ""read_by_default"": true, ""icon"": ""cobblemon:ability_shield"", ""pages"": [ { ""type"": ""patchouli:spotlight"", ""item"": ""cobblemon:ability_shield"", ""text"": ""book.cobblepedia.entries.ability_s"
cobblepedia,cobblemon-extra\mods\Cobblepedia-Fabric-0.7.1.jar,assets/cobblepedia/patchouli_books/cobblepedia/en_us/entries/absorb_bulb.json,False,False,"{ ""name"": ""item.cobblemon.absorb_bulb"", ""category"": ""cobblepedia:items"", ""read_by_default"": true, ""icon"": ""cobblemon:absorb_bulb"", ""pages"": [ { ""type"": ""patchouli:spotlight"", ""item"": ""cobblemon:absorb_bulb"", ""link_recipe"": true, ""text"": ""book.cobblepedia.entri"
cobblepedia,cobblemon-extra\mods\Cobblepedia-Fabric-0.7.1.jar,assets/cobblepedia/patchouli_books/cobblepedia/en_us/entries/adamant_mint.json,False,False,"{ ""name"": ""item.cobblemon.adamant_mint"", ""category"": ""cobblepedia:items"", ""read_by_default"": true, ""icon"": ""cobblemon:adamant_mint"", ""pages"": [ { ""type"": ""patchouli:spotlight"", ""item"": ""cobblemon:adamant_mint"", ""text"": ""book.cobblepedia.entries.adamant_mint.te"
cobblepedia,cobblemon-extra\mods\Cobblepedia-Fabric-0.7.1.jar,assets/cobblepedia/patchouli_books/cobblepedia/en_us/entries/aguav_berry.json,False,False,"{ ""name"": ""item.cobblemon.aguav_berry"", ""category"": ""cobblepedia:items"", ""read_by_default"": true, ""icon"": ""cobblemon:aguav_berry"", ""pages"": [ { ""type"": ""cobblepedia:mutated_berry"", ""item"": ""cobblemon:aguav_berry"" }, { ""type"": ""patchouli:text"", ""title"": ""book.c"
cobblepedia,cobblemon-extra\mods\Cobblepedia-Fabric-0.7.1.jar,assets/cobblepedia/patchouli_books/cobblepedia/en_us/entries/air_balloon.json,False,False,"{ ""name"": ""item.cobblemon.air_balloon"", ""category"": ""cobblepedia:items"", ""read_by_default"": true, ""icon"": ""cobblemon:air_balloon"", ""pages"": [ { ""type"": ""patchouli:spotlight"", ""item"": ""cobblemon:air_balloon"", ""text"": ""book.cobblepedia.entries.air_balloon.text"" "
cobblepedia,cobblemon-extra\mods\Cobblepedia-Fabric-0.7.1.jar,assets/cobblepedia/patchouli_books/cobblepedia/en_us/entries/ancient_azure_ball.json,False,False,"{ ""name"": ""item.cobblemon.ancient_azure_ball"", ""category"": ""cobblepedia:items"", ""read_by_default"": true, ""icon"": ""cobblemon:ancient_azure_ball"", ""pages"": [ { ""type"": ""patchouli:spotlight"", ""item"": ""cobblemon:ancient_azure_ball"", ""text"": ""book.cobblepedia.entri"
cobblepedia,cobblemon-extra\mods\Cobblepedia-Fabric-0.7.1.jar,assets/cobblepedia/patchouli_books/cobblepedia/en_us/entries/ancient_azure_rod.json,False,False,"{ ""name"": ""book.cobblepedia.entries.ancient_azure_rod.name"", ""category"": ""cobblepedia:items"", ""read_by_default"": true, ""icon"": ""cobblemon:ancient_azure_rod"", ""pages"": [ { ""type"": ""patchouli:spotlight"", ""item"": ""cobblemon:ancient_azure_rod"", ""text"": ""book.cobbl"
cobblepedia,cobblemon-extra\mods\Cobblepedia-Fabric-0.7.1.jar,assets/cobblepedia/patchouli_books/cobblepedia/en_us/entries/ancient_balls.json,False,False,"{ ""name"": ""book.cobblepedia.entries.ancient_balls.name"", ""category"": ""cobblepedia:archaeology"", ""icon"": ""cobblemon:ancient_poke_ball"", ""pages"": [ { ""type"": ""patchouli:spotlight"", ""title"": ""book.cobblepedia.entries.ancient_balls.name"", ""item"": ""tag:cobblemon:an"
cobblepedia,cobblemon-extra\mods\Cobblepedia-Fabric-0.7.1.jar,assets/cobblepedia/patchouli_books/cobblepedia/en_us/entries/ancient_citrine_ball.json,False,False,"{ ""name"": ""item.cobblemon.ancient_citrine_ball"", ""category"": ""cobblepedia:items"", ""read_by_default"": true, ""icon"": ""cobblemon:ancient_citrine_ball"", ""pages"": [ { ""type"": ""patchouli:spotlight"", ""item"": ""cobblemon:ancient_citrine_ball"", ""text"": ""book.cobblepedia"
cobblepedia,cobblemon-extra\mods\Cobblepedia-Fabric-0.7.1.jar,assets/cobblepedia/patchouli_books/cobblepedia/en_us/entries/ancient_citrine_rod.json,False,False,"{ ""name"": ""book.cobblepedia.entries.ancient_citrine_rod.name"", ""category"": ""cobblepedia:items"", ""read_by_default"": true, ""icon"": ""cobblemon:ancient_citrine_rod"", ""pages"": [ { ""type"": ""patchouli:spotlight"", ""item"": ""cobblemon:ancient_citrine_rod"", ""text"": ""book"
cobblepedia,cobblemon-extra\mods\Cobblepedia-Fabric-0.7.1.jar,assets/cobblepedia/patchouli_books/cobblepedia/en_us/entries/ancient_feather_ball.json,False,False,"{ ""name"": ""item.cobblemon.ancient_feather_ball"", ""category"": ""cobblepedia:items"", ""read_by_default"": true, ""icon"": ""cobblemon:ancient_feather_ball"", ""pages"": [ { ""type"": ""patchouli:spotlight"", ""item"": ""cobblemon:ancient_feather_ball"", ""text"": ""book.cobblepedia"
cobblepedia,cobblemon-extra\mods\Cobblepedia-Fabric-0.7.1.jar,assets/cobblepedia/patchouli_books/cobblepedia/en_us/entries/ancient_feather_rod.json,False,False,"{ ""name"": ""book.cobblepedia.entries.ancient_feather_rod.name"", ""category"": ""cobblepedia:items"", ""read_by_default"": true, ""icon"": ""cobblemon:ancient_feather_rod"", ""pages"": [ { ""type"": ""patchouli:spotlight"", ""item"": ""cobblemon:ancient_feather_rod"", ""text"": ""book"
cobblepedia,cobblemon-extra\mods\Cobblepedia-Fabric-0.7.1.jar,assets/cobblepedia/patchouli_books/cobblepedia/en_us/entries/ancient_gigaton_ball.json,False,False,"{ ""name"": ""item.cobblemon.ancient_gigaton_ball"", ""category"": ""cobblepedia:items"", ""read_by_default"": true, ""icon"": ""cobblemon:ancient_gigaton_ball"", ""pages"": [ { ""type"": ""patchouli:spotlight"", ""item"": ""cobblemon:ancient_gigaton_ball"", ""text"": ""book.cobblepedia"
cobblepedia,cobblemon-extra\mods\Cobblepedia-Fabric-0.7.1.jar,assets/cobblepedia/patchouli_books/cobblepedia/en_us/entries/ancient_gigaton_rod.json,False,False,"{ ""name"": ""book.cobblepedia.entries.ancient_gigaton_rod.name"", ""category"": ""cobblepedia:items"", ""read_by_default"": true, ""icon"": ""cobblemon:ancient_gigaton_rod"", ""pages"": [ { ""type"": ""patchouli:spotlight"", ""item"": ""cobblemon:ancient_gigaton_rod"", ""text"": ""book"
cobblepedia,cobblemon-extra\mods\Cobblepedia-Fabric-0.7.1.jar,assets/cobblepedia/patchouli_books/cobblepedia/en_us/entries/ancient_great_ball.json,False,False,"{ ""name"": ""item.cobblemon.ancient_great_ball"", ""category"": ""cobblepedia:items"", ""read_by_default"": true, ""icon"": ""cobblemon:ancient_great_ball"", ""pages"": [ { ""type"": ""patchouli:spotlight"", ""item"": ""cobblemon:ancient_great_ball"", ""text"": ""book.cobblepedia.entri"
cobblepedia,cobblemon-extra\mods\Cobblepedia-Fabric-0.7.1.jar,assets/cobblepedia/patchouli_books/cobblepedia/en_us/entries/ancient_great_rod.json,False,False,"{ ""name"": ""book.cobblepedia.entries.ancient_great_rod.name"", ""category"": ""cobblepedia:items"", ""read_by_default"": true, ""icon"": ""cobblemon:ancient_great_rod"", ""pages"": [ { ""type"": ""patchouli:spotlight"", ""item"": ""cobblemon:ancient_great_rod"", ""text"": ""book.cobbl"
cobblepedia,cobblemon-extra\mods\Cobblepedia-Fabric-0.7.1.jar,assets/cobblepedia/patchouli_books/cobblepedia/en_us/entries/ancient_heavy_ball.json,False,False,"{ ""name"": ""item.cobblemon.ancient_heavy_ball"", ""category"": ""cobblepedia:items"", ""read_by_default"": true, ""icon"": ""cobblemon:ancient_heavy_ball"", ""pages"": [ { ""type"": ""patchouli:spotlight"", ""item"": ""cobblemon:ancient_heavy_ball"", ""text"": ""book.cobblepedia.entri"
cobblepedia,cobblemon-extra\mods\Cobblepedia-Fabric-0.7.1.jar,assets/cobblepedia/patchouli_books/cobblepedia/en_us/entries/ancient_heavy_rod.json,False,False,"{ ""name"": ""book.cobblepedia.entries.ancient_heavy_rod.name"", ""category"": ""cobblepedia:items"", ""read_by_default"": true, ""icon"": ""cobblemon:ancient_heavy_rod"", ""pages"": [ { ""type"": ""patchouli:spotlight"", ""item"": ""cobblemon:ancient_heavy_rod"", ""text"": ""book.cobbl"
cobblepedia,cobblemon-extra\mods\Cobblepedia-Fabric-0.7.1.jar,assets/cobblepedia/patchouli_books/cobblepedia/en_us/entries/ancient_ivory_ball.json,False,False,"{ ""name"": ""item.cobblemon.ancient_ivory_ball"", ""category"": ""cobblepedia:items"", ""read_by_default"": true, ""icon"": ""cobblemon:ancient_ivory_ball"", ""pages"": [ { ""type"": ""patchouli:spotlight"", ""item"": ""cobblemon:ancient_ivory_ball"", ""text"": ""book.cobblepedia.entri"
cobblepedia,cobblemon-extra\mods\Cobblepedia-Fabric-0.7.1.jar,assets/cobblepedia/patchouli_books/cobblepedia/en_us/entries/ancient_ivory_rod.json,False,False,"{ ""name"": ""book.cobblepedia.entries.ancient_ivory_rod.name"", ""category"": ""cobblepedia:items"", ""read_by_default"": true, ""icon"": ""cobblemon:ancient_ivory_rod"", ""pages"": [ { ""type"": ""patchouli:spotlight"", ""item"": ""cobblemon:ancient_ivory_rod"", ""text"": ""book.cobbl"
cobblepedia,cobblemon-extra\mods\Cobblepedia-Fabric-0.7.1.jar,assets/cobblepedia/patchouli_books/cobblepedia/en_us/entries/ancient_jet_ball.json,False,False,"{ ""name"": ""item.cobblemon.ancient_jet_ball"", ""category"": ""cobblepedia:items"", ""read_by_default"": true, ""icon"": ""cobblemon:ancient_jet_ball"", ""pages"": [ { ""type"": ""patchouli:spotlight"", ""item"": ""cobblemon:ancient_jet_ball"", ""text"": ""book.cobblepedia.entries.anc"
cobblepedia,cobblemon-extra\mods\Cobblepedia-Fabric-0.7.1.jar,assets/cobblepedia/patchouli_books/cobblepedia/en_us/entries/ancient_jet_rod.json,False,False,"{ ""name"": ""book.cobblepedia.entries.ancient_jet_rod.name"", ""category"": ""cobblepedia:items"", ""read_by_default"": true, ""icon"": ""cobblemon:ancient_jet_rod"", ""pages"": [ { ""type"": ""patchouli:spotlight"", ""item"": ""cobblemon:ancient_jet_rod"", ""text"": ""book.cobblepedia"
cobblepedia,cobblemon-extra\mods\Cobblepedia-Fabric-0.7.1.jar,assets/cobblepedia/patchouli_books/cobblepedia/en_us/entries/ancient_leaden_ball.json,False,False,"{ ""name"": ""item.cobblemon.ancient_leaden_ball"", ""category"": ""cobblepedia:items"", ""read_by_default"": true, ""icon"": ""cobblemon:ancient_leaden_ball"", ""pages"": [ { ""type"": ""patchouli:spotlight"", ""item"": ""cobblemon:ancient_leaden_ball"", ""text"": ""book.cobblepedia.en"
cobblepedia,cobblemon-extra\mods\Cobblepedia-Fabric-0.7.1.jar,assets/cobblepedia/patchouli_books/cobblepedia/en_us/entries/ancient_leaden_rod.json,False,False,"{ ""name"": ""book.cobblepedia.entries.ancient_leaden_rod.name"", ""category"": ""cobblepedia:items"", ""read_by_default"": true, ""icon"": ""cobblemon:ancient_leaden_rod"", ""pages"": [ { ""type"": ""patchouli:spotlight"", ""item"": ""cobblemon:ancient_leaden_rod"", ""text"": ""book.co"
cobblepedia,cobblemon-extra\mods\Cobblepedia-Fabric-0.7.1.jar,assets/cobblepedia/patchouli_books/cobblepedia/en_us/entries/ancient_origin_ball.json,False,False,"{ ""name"": ""item.cobblemon.ancient_origin_ball"", ""category"": ""cobblepedia:items"", ""read_by_default"": true, ""icon"": ""cobblemon:ancient_origin_ball"", ""pages"": [ { ""type"": ""patchouli:spotlight"", ""item"": ""cobblemon:ancient_origin_ball"", ""link_recipe"": true, ""text"":"
cobblepedia,cobblemon-extra\mods\Cobblepedia-Fabric-0.7.1.jar,assets/cobblepedia/patchouli_books/cobblepedia/en_us/entries/ancient_origin_rod.json,False,False,"{ ""name"": ""book.cobblepedia.entries.ancient_origin_rod.name"", ""category"": ""cobblepedia:items"", ""read_by_default"": true, ""icon"": ""cobblemon:ancient_origin_rod"", ""pages"": [ { ""type"": ""patchouli:spotlight"", ""item"": ""cobblemon:ancient_origin_rod"", ""text"": ""book.co"
cobblepedia,cobblemon-extra\mods\Cobblepedia-Fabric-0.7.1.jar,assets/cobblepedia/patchouli_books/cobblepedia/en_us/entries/ancient_poke_ball.json,False,False,"{ ""name"": ""item.cobblemon.ancient_poke_ball"", ""category"": ""cobblepedia:items"", ""read_by_default"": true, ""icon"": ""cobblemon:ancient_poke_ball"", ""pages"": [ { ""type"": ""patchouli:spotlight"", ""item"": ""cobblemon:ancient_poke_ball"", ""text"": ""book.cobblepedia.entries."
cobblepedia,cobblemon-extra\mods\Cobblepedia-Fabric-0.7.1.jar,assets/cobblepedia/patchouli_books/cobblepedia/en_us/entries/ancient_poke_rod.json,False,False,"{ ""name"": ""book.cobblepedia.entries.ancient_poke_rod.name"", ""category"": ""cobblepedia:items"", ""read_by_default"": true, ""icon"": ""cobblemon:ancient_poke_rod"", ""pages"": [ { ""type"": ""patchouli:spotlight"", ""item"": ""cobblemon:ancient_poke_rod"", ""text"": ""book.cobblepe"
cobblepedia,cobblemon-extra\mods\Cobblepedia-Fabric-0.7.1.jar,assets/cobblepedia/patchouli_books/cobblepedia/en_us/entries/ancient_roseate_ball.json,False,False,"{ ""name"": ""item.cobblemon.ancient_roseate_ball"", ""category"": ""cobblepedia:items"", ""read_by_default"": true, ""icon"": ""cobblemon:ancient_roseate_ball"", ""pages"": [ { ""type"": ""patchouli:spotlight"", ""item"": ""cobblemon:ancient_roseate_ball"", ""text"": ""book.cobblepedia"
cobblepedia,cobblemon-extra\mods\Cobblepedia-Fabric-0.7.1.jar,assets/cobblepedia/patchouli_books/cobblepedia/en_us/entries/ancient_roseate_rod.json,False,False,"{ ""name"": ""book.cobblepedia.entries.ancient_roseate_rod.name"", ""category"": ""cobblepedia:items"", ""read_by_default"": true, ""icon"": ""cobblemon:ancient_roseate_rod"", ""pages"": [ { ""type"": ""patchouli:spotlight"", ""item"": ""cobblemon:ancient_roseate_rod"", ""text"": ""book"
cobblepedia,cobblemon-extra\mods\Cobblepedia-Fabric-0.7.1.jar,assets/cobblepedia/patchouli_books/cobblepedia/en_us/entries/ancient_slate_ball.json,False,False,"{ ""name"": ""item.cobblemon.ancient_slate_ball"", ""category"": ""cobblepedia:items"", ""read_by_default"": true, ""icon"": ""cobblemon:ancient_slate_ball"", ""pages"": [ { ""type"": ""patchouli:spotlight"", ""item"": ""cobblemon:ancient_slate_ball"", ""text"": ""book.cobblepedia.entri"
cobblepedia,cobblemon-extra\mods\Cobblepedia-Fabric-0.7.1.jar,assets/cobblepedia/patchouli_books/cobblepedia/en_us/entries/ancient_slate_rod.json,False,False,"{ ""name"": ""book.cobblepedia.entries.ancient_slate_rod.name"", ""category"": ""cobblepedia:items"", ""read_by_default"": true, ""icon"": ""cobblemon:ancient_slate_rod"", ""pages"": [ { ""type"": ""patchouli:spotlight"", ""item"": ""cobblemon:ancient_slate_rod"", ""text"": ""book.cobbl"
cobblepedia,cobblemon-extra\mods\Cobblepedia-Fabric-0.7.1.jar,assets/cobblepedia/patchouli_books/cobblepedia/en_us/entries/ancient_ultra_ball.json,False,False,"{ ""name"": ""item.cobblemon.ancient_ultra_ball"", ""category"": ""cobblepedia:items"", ""read_by_default"": true, ""icon"": ""cobblemon:ancient_ultra_ball"", ""pages"": [ { ""type"": ""patchouli:spotlight"", ""item"": ""cobblemon:ancient_ultra_ball"", ""text"": ""book.cobblepedia.entri"
cobblepedia,cobblemon-extra\mods\Cobblepedia-Fabric-0.7.1.jar,assets/cobblepedia/patchouli_books/cobblepedia/en_us/entries/ancient_ultra_rod.json,False,False,"{ ""name"": ""book.cobblepedia.entries.ancient_ultra_rod.name"", ""category"": ""cobblepedia:items"", ""read_by_default"": true, ""icon"": ""cobblemon:ancient_ultra_rod"", ""pages"": [ { ""type"": ""patchouli:spotlight"", ""item"": ""cobblemon:ancient_ultra_rod"", ""text"": ""book.cobbl"
cobblepedia,cobblemon-extra\mods\Cobblepedia-Fabric-0.7.1.jar,assets/cobblepedia/patchouli_books/cobblepedia/en_us/entries/ancient_verdant_ball.json,False,False,"{ ""name"": ""item.cobblemon.ancient_verdant_ball"", ""category"": ""cobblepedia:items"", ""read_by_default"": true, ""icon"": ""cobblemon:ancient_verdant_ball"", ""pages"": [ { ""type"": ""patchouli:spotlight"", ""item"": ""cobblemon:ancient_verdant_ball"", ""text"": ""book.cobblepedia"
cobblepedia,cobblemon-extra\mods\Cobblepedia-Fabric-0.7.1.jar,assets/cobblepedia/patchouli_books/cobblepedia/en_us/entries/ancient_verdant_rod.json,False,False,"{ ""name"": ""book.cobblepedia.entries.ancient_verdant_rod.name"", ""category"": ""cobblepedia:items"", ""read_by_default"": true, ""icon"": ""cobblemon:ancient_verdant_rod"", ""pages"": [ { ""type"": ""patchouli:spotlight"", ""item"": ""cobblemon:ancient_verdant_rod"", ""text"": ""book"
cobblepedia,cobblemon-extra\mods\Cobblepedia-Fabric-0.7.1.jar,assets/cobblepedia/patchouli_books/cobblepedia/en_us/entries/ancient_wing_ball.json,False,False,"{ ""name"": ""item.cobblemon.ancient_wing_ball"", ""category"": ""cobblepedia:items"", ""read_by_default"": true, ""icon"": ""cobblemon:ancient_wing_ball"", ""pages"": [ { ""type"": ""patchouli:spotlight"", ""item"": ""cobblemon:ancient_wing_ball"", ""text"": ""book.cobblepedia.entries."
cobblepedia,cobblemon-extra\mods\Cobblepedia-Fabric-0.7.1.jar,assets/cobblepedia/patchouli_books/cobblepedia/en_us/entries/ancient_wing_rod.json,False,False,"{ ""name"": ""book.cobblepedia.entries.ancient_wing_rod.name"", ""category"": ""cobblepedia:items"", ""read_by_default"": true, ""icon"": ""cobblemon:ancient_wing_rod"", ""pages"": [ { ""type"": ""patchouli:spotlight"", ""item"": ""cobblemon:ancient_wing_rod"", ""text"": ""book.cobblepe"
cobblepedia,cobblemon-extra\mods\Cobblepedia-Fabric-0.7.1.jar,assets/cobblepedia/patchouli_books/cobblepedia/en_us/entries/antidote.json,False,False,"{ ""name"": ""item.cobblemon.antidote"", ""category"": ""cobblepedia:items"", ""read_by_default"": true, ""icon"": ""cobblemon:antidote"", ""pages"": [ { ""type"": ""patchouli:spotlight"", ""item"": ""cobblemon:antidote"", ""text"": ""book.cobblepedia.entries.antidote.text"" }, { ""type"":"
cobblepedia,cobblemon-extra\mods\Cobblepedia-Fabric-0.7.1.jar,assets/cobblepedia/patchouli_books/cobblepedia/en_us/entries/apicot_berry.json,False,False,"{ ""name"": ""item.cobblemon.apicot_berry"", ""category"": ""cobblepedia:items"", ""read_by_default"": true, ""icon"": ""cobblemon:apicot_berry"", ""pages"": [ { ""type"": ""cobblepedia:mutated_berry"", ""item"": ""cobblemon:apicot_berry"" }, { ""type"": ""patchouli:text"", ""title"": ""boo"
cobblepedia,cobblemon-extra\mods\Cobblepedia-Fabric-0.7.1.jar,assets/cobblepedia/patchouli_books/cobblepedia/en_us/entries/apricorn.json,False,False,"{ ""name"": ""book.cobblepedia.entries.apricorn"", ""category"": ""cobblepedia:agriculture"", ""icon"": ""cobblemon:red_apricorn"", ""turnin"": ""cobblemon:harvest_apricorn"", ""pages"": [ { ""type"": ""patchouli:spotlight"", ""title"": ""book.cobblepedia.entries.apricorn"", ""item"": ""t"
cobblepedia,cobblemon-extra\mods\Cobblepedia-Fabric-0.7.1.jar,assets/cobblepedia/patchouli_books/cobblepedia/en_us/entries/apricorn_balls.json,False,False,"{ ""name"": ""book.cobblepedia.entries.apricorn_balls"", ""category"": ""cobblepedia:poke_balls"", ""icon"": ""cobblemon:fast_ball"", ""sortnum"": 2, ""pages"": [ { ""type"": ""patchouli:spotlight"", ""title"": ""book.cobblepedia.entries.apricorn_balls"", ""item"": ""tag:cobblemon:apric"
cobblepedia,cobblemon-extra\mods\Cobblepedia-Fabric-0.7.1.jar,assets/cobblepedia/patchouli_books/cobblepedia/en_us/entries/apricorn_boat.json,False,False,"{ ""name"": ""item.cobblemon.apricorn_boat"", ""category"": ""cobblepedia:items"", ""read_by_default"": true, ""icon"": ""cobblemon:apricorn_boat"", ""pages"": [ { ""type"": ""patchouli:spotlight"", ""item"": ""cobblemon:apricorn_boat"", ""title"": ""item.cobblemon.apricorn_boat"", ""text"
cobblepedia,cobblemon-extra\mods\Cobblepedia-Fabric-0.7.1.jar,assets/cobblepedia/patchouli_books/cobblepedia/en_us/entries/apricorn_button.json,False,False,"{ ""name"": ""block.cobblemon.apricorn_button"", ""category"": ""cobblepedia:items"", ""read_by_default"": true, ""icon"": ""cobblemon:apricorn_button"", ""pages"": [ { ""type"": ""patchouli:spotlight"", ""item"": ""cobblemon:apricorn_button"", ""title"": ""block.cobblemon.apricorn_butt"
cobblepedia,cobblemon-extra\mods\Cobblepedia-Fabric-0.7.1.jar,assets/cobblepedia/patchouli_books/cobblepedia/en_us/entries/apricorn_chest_boat.json,False,False,"{ ""name"": ""item.cobblemon.apricorn_chest_boat"", ""category"": ""cobblepedia:items"", ""read_by_default"": true, ""icon"": ""cobblemon:apricorn_chest_boat"", ""pages"": [ { ""type"": ""patchouli:spotlight"", ""item"": ""cobblemon:apricorn_chest_boat"", ""title"": ""item.cobblemon.apr"
cobblepedia,cobblemon-extra\mods\Cobblepedia-Fabric-0.7.1.jar,assets/cobblepedia/patchouli_books/cobblepedia/en_us/entries/apricorn_door.json,False,False,"{ ""name"": ""block.cobblemon.apricorn_door"", ""category"": ""cobblepedia:items"", ""read_by_default"": true, ""icon"": ""cobblemon:apricorn_door"", ""pages"": [ { ""type"": ""patchouli:spotlight"", ""item"": ""cobblemon:apricorn_door"", ""title"": ""block.cobblemon.apricorn_door"", ""te"
cobblepedia,cobblemon-extra\mods\Cobblepedia-Fabric-0.7.1.jar,assets/cobblepedia/patchouli_books/cobblepedia/en_us/entries/apricorn_fence.json,False,False,"{ ""name"": ""block.cobblemon.apricorn_fence"", ""category"": ""cobblepedia:items"", ""read_by_default"": true, ""icon"": ""cobblemon:apricorn_fence"", ""pages"": [ { ""type"": ""patchouli:spotlight"", ""item"": ""cobblemon:apricorn_fence"", ""title"": ""block.cobblemon.apricorn_fence"","
cobblepedia,cobblemon-extra\mods\Cobblepedia-Fabric-0.7.1.jar,assets/cobblepedia/patchouli_books/cobblepedia/en_us/entries/apricorn_fence_gate.json,False,False,"{ ""name"": ""block.cobblemon.apricorn_fence_gate"", ""category"": ""cobblepedia:items"", ""read_by_default"": true, ""icon"": ""cobblemon:apricorn_fence_gate"", ""pages"": [ { ""type"": ""patchouli:spotlight"", ""item"": ""cobblemon:apricorn_fence_gate"", ""title"": ""block.cobblemon.a"
cobblepedia,cobblemon-extra\mods\Cobblepedia-Fabric-0.7.1.jar,assets/cobblepedia/patchouli_books/cobblepedia/en_us/entries/apricorn_hanging_sign.json,False,False,"{ ""name"": ""block.cobblemon.apricorn_hanging_sign"", ""category"": ""cobblepedia:items"", ""read_by_default"": true, ""icon"": ""cobblemon:apricorn_hanging_sign"", ""pages"": [ { ""type"": ""patchouli:spotlight"", ""item"": ""cobblemon:apricorn_hanging_sign"", ""title"": ""block.cobbl"
cobblepedia,cobblemon-extra\mods\Cobblepedia-Fabric-0.7.1.jar,assets/cobblepedia/patchouli_books/cobblepedia/en_us/entries/apricorn_leaves.json,False,False,"{ ""name"": ""block.cobblemon.apricorn_leaves"", ""category"": ""cobblepedia:items"", ""read_by_default"": true, ""icon"": ""cobblemon:apricorn_leaves"", ""pages"": [ { ""type"": ""patchouli:spotlight"", ""item"": ""cobblemon:apricorn_leaves"", ""link_recipe"": true, ""title"": ""block.co"
cobblepedia,cobblemon-extra\mods\Cobblepedia-Fabric-0.7.1.jar,assets/cobblepedia/patchouli_books/cobblepedia/en_us/entries/apricorn_log.json,False,False,"{ ""name"": ""block.cobblemon.apricorn_log"", ""category"": ""cobblepedia:items"", ""read_by_default"": true, ""icon"": ""cobblemon:apricorn_log"", ""pages"": [ { ""type"": ""patchouli:spotlight"", ""item"": ""cobblemon:apricorn_log"", ""link_recipe"": true, ""title"": ""block.cobblemon.a"
cobblepedia,cobblemon-extra\mods\Cobblepedia-Fabric-0.7.1.jar,assets/cobblepedia/patchouli_books/cobblepedia/en_us/entries/apricorn_planks.json,False,False,"{ ""name"": ""block.cobblemon.apricorn_planks"", ""category"": ""cobblepedia:items"", ""read_by_default"": true, ""icon"": ""cobblemon:apricorn_planks"", ""pages"": [ { ""type"": ""patchouli:spotlight"", ""item"": ""cobblemon:apricorn_planks"", ""title"": ""block.cobblemon.apricorn_plan"
cobblepedia,cobblemon-extra\mods\Cobblepedia-Fabric-0.7.1.jar,assets/cobblepedia/patchouli_books/cobblepedia/en_us/entries/apricorn_pressure_plate.json,False,False,"{ ""name"": ""block.cobblemon.apricorn_pressure_plate"", ""category"": ""cobblepedia:items"", ""read_by_default"": true, ""icon"": ""cobblemon:apricorn_pressure_plate"", ""pages"": [ { ""type"": ""patchouli:spotlight"", ""item"": ""cobblemon:apricorn_pressure_plate"", ""title"": ""block"
cobblepedia,cobblemon-extra\mods\Cobblepedia-Fabric-0.7.1.jar,assets/cobblepedia/patchouli_books/cobblepedia/en_us/entries/apricorn_seed.json,False,False,"{ ""name"": ""book.cobblepedia.entries.apricorn_seed"", ""category"": ""cobblepedia:agriculture"", ""icon"": ""cobblemon:red_apricorn_seed"", ""pages"": [ { ""type"": ""patchouli:spotlight"", ""title"": ""book.cobblepedia.entries.apricorn_seed"", ""item"": ""tag:cobblemon:apricorn_spr"
cobblepedia,cobblemon-extra\mods\Cobblepedia-Fabric-0.7.1.jar,assets/cobblepedia/patchouli_books/cobblepedia/en_us/entries/apricorn_set.json,False,False,"{ ""name"": ""book.cobblepedia.entries.apricorn_set"", ""category"": ""cobblepedia:items"", ""icon"": ""cobblemon:apricorn_log"", ""pages"": [ { ""type"": ""patchouli:text"", ""text"": ""book.cobblepedia.entries.apricorn_set.text"" }, { ""type"": ""patchouli:relations"", ""entries"": [ """
cobblepedia,cobblemon-extra\mods\Cobblepedia-Fabric-0.7.1.jar,assets/cobblepedia/patchouli_books/cobblepedia/en_us/entries/apricorn_sign.json,False,False,"{ ""name"": ""block.cobblemon.apricorn_sign"", ""category"": ""cobblepedia:items"", ""read_by_default"": true, ""icon"": ""cobblemon:apricorn_sign"", ""pages"": [ { ""type"": ""patchouli:spotlight"", ""item"": ""cobblemon:apricorn_sign"", ""title"": ""block.cobblemon.apricorn_sign"", ""te"
cobblepedia,cobblemon-extra\mods\Cobblepedia-Fabric-0.7.1.jar,assets/cobblepedia/patchouli_books/cobblepedia/en_us/entries/apricorn_slab.json,False,False,"{ ""name"": ""block.cobblemon.apricorn_slab"", ""category"": ""cobblepedia:items"", ""read_by_default"": true, ""icon"": ""cobblemon:apricorn_slab"", ""pages"": [ { ""type"": ""patchouli:spotlight"", ""item"": ""cobblemon:apricorn_slab"", ""title"": ""block.cobblemon.apricorn_slab"", ""te"
cobblepedia,cobblemon-extra\mods\Cobblepedia-Fabric-0.7.1.jar,assets/cobblepedia/patchouli_books/cobblepedia/en_us/entries/apricorn_stairs.json,False,False,"{ ""name"": ""block.cobblemon.apricorn_stairs"", ""category"": ""cobblepedia:items"", ""read_by_default"": true, ""icon"": ""cobblemon:apricorn_stairs"", ""pages"": [ { ""type"": ""patchouli:spotlight"", ""item"": ""cobblemon:apricorn_stairs"", ""title"": ""block.cobblemon.apricorn_stai"
cobblepedia,cobblemon-extra\mods\Cobblepedia-Fabric-0.7.1.jar,assets/cobblepedia/patchouli_books/cobblepedia/en_us/entries/apricorn_trapdoor.json,False,False,"{ ""name"": ""block.cobblemon.apricorn_trapdoor"", ""category"": ""cobblepedia:items"", ""read_by_default"": true, ""icon"": ""cobblemon:apricorn_trapdoor"", ""pages"": [ { ""type"": ""patchouli:spotlight"", ""item"": ""cobblemon:apricorn_trapdoor"", ""title"": ""block.cobblemon.apricor"
cobblepedia,cobblemon-extra\mods\Cobblepedia-Fabric-0.7.1.jar,assets/cobblepedia/patchouli_books/cobblepedia/en_us/entries/apricorn_tree.json,False,False,"{ ""name"": ""book.cobblepedia.entries.apricorn_tree"", ""category"": ""cobblepedia:agriculture"", ""icon"": ""cobblemon:green_apricorn_seed"", ""pages"": [ { ""type"": ""patchouli:text"", ""text"": ""book.cobblepedia.entries.apricorn_tree.text"" }, { ""type"": ""patchouli:image"", ""bo"
cobblepedia,cobblemon-extra\mods\Cobblepedia-Fabric-0.7.1.jar,assets/cobblepedia/patchouli_books/cobblepedia/en_us/entries/apricorn_wood.json,False,False,"{ ""name"": ""block.cobblemon.apricorn_wood"", ""category"": ""cobblepedia:items"", ""read_by_default"": true, ""icon"": ""cobblemon:apricorn_wood"", ""pages"": [ { ""type"": ""patchouli:spotlight"", ""item"": ""cobblemon:apricorn_wood"", ""title"": ""block.cobblemon.apricorn_wood"", ""te"
cobblepedia,cobblemon-extra\mods\Cobblepedia-Fabric-0.7.1.jar,assets/cobblepedia/patchouli_books/cobblepedia/en_us/entries/armor_fossil.json,False,False,"{ ""name"": ""item.cobblemon.armor_fossil"", ""category"": ""cobblepedia:items"", ""read_by_default"": true, ""icon"": ""cobblemon:armor_fossil"", ""pages"": [ { ""type"": ""patchouli:spotlight"", ""title"": ""item.cobblemon.armor_fossil"", ""item"": ""cobblemon:armor_fossil"", ""link_rec"
cobblepedia,cobblemon-extra\mods\Cobblepedia-Fabric-0.7.1.jar,assets/cobblepedia/patchouli_books/cobblepedia/en_us/entries/aspear_berry.json,False,False,"{ ""name"": ""item.cobblemon.aspear_berry"", ""category"": ""cobblepedia:items"", ""read_by_default"": true, ""icon"": ""cobblemon:aspear_berry"", ""pages"": [ { ""type"": ""cobblepedia:natural_berry"", ""item"": ""cobblemon:aspear_berry"" }, { ""type"": ""patchouli:text"", ""title"": ""boo"
cobblepedia,cobblemon-extra\mods\Cobblepedia-Fabric-0.7.1.jar,assets/cobblepedia/patchouli_books/cobblepedia/en_us/entries/assault_vest.json,False,False,"{ ""name"": ""item.cobblemon.assault_vest"", ""category"": ""cobblepedia:items"", ""read_by_default"": true, ""icon"": ""cobblemon:assault_vest"", ""pages"": [ { ""type"": ""patchouli:spotlight"", ""item"": ""cobblemon:assault_vest"", ""text"": ""book.cobblepedia.entries.assault_vest.te"
cobblepedia,cobblemon-extra\mods\Cobblepedia-Fabric-0.7.1.jar,assets/cobblepedia/patchouli_books/cobblepedia/en_us/entries/auspicious_armor.json,False,False,"{ ""name"": ""item.cobblemon.auspicious_armor"", ""category"": ""cobblepedia:items"", ""read_by_default"": true, ""icon"": ""cobblemon:auspicious_armor"", ""pages"": [ { ""type"": ""patchouli:spotlight"", ""item"": ""cobblemon:auspicious_armor"", ""link_recipe"": true, ""text"": ""book.co"
cobblepedia,cobblemon-extra\mods\Cobblepedia-Fabric-0.7.1.jar,assets/cobblepedia/patchouli_books/cobblepedia/en_us/entries/automaton_armor_trim_smithing_template.json,False,False,"{ ""name"": ""trim_pattern.cobblemon.automaton"", ""category"": ""cobblepedia:items"", ""read_by_default"": true, ""icon"": ""cobblemon:automaton_armor_trim_smithing_template"", ""pages"": [ { ""type"": ""patchouli:spotlight"", ""title"": ""trim_pattern.cobblemon.automaton"", ""item"":"
cobblepedia,cobblemon-extra\mods\Cobblepedia-Fabric-0.7.1.jar,assets/cobblepedia/patchouli_books/cobblepedia/en_us/entries/awakening.json,False,False,"{ ""name"": ""item.cobblemon.awakening"", ""category"": ""cobblepedia:items"", ""read_by_default"": true, ""icon"": ""cobblemon:awakening"", ""pages"": [ { ""type"": ""patchouli:spotlight"", ""item"": ""cobblemon:awakening"", ""text"": ""book.cobblepedia.entries.awakening.text"" }, { ""ty"
cobblepedia,cobblemon-extra\mods\Cobblepedia-Fabric-0.7.1.jar,assets/cobblepedia/patchouli_books/cobblepedia/en_us/entries/azure_ball.json,False,False,"{ ""name"": ""item.cobblemon.azure_ball"", ""category"": ""cobblepedia:items"", ""read_by_default"": true, ""icon"": ""cobblemon:azure_ball"", ""pages"": [ { ""type"": ""patchouli:spotlight"", ""item"": ""cobblemon:azure_ball"", ""text"": ""book.cobblepedia.entries.azure_ball.text"" }, {"
cobblepedia,cobblemon-extra\mods\Cobblepedia-Fabric-0.7.1.jar,assets/cobblepedia/patchouli_books/cobblepedia/en_us/entries/azure_rod.json,False,False,"{ ""name"": ""book.cobblepedia.entries.azure_rod.name"", ""category"": ""cobblepedia:items"", ""read_by_default"": true, ""icon"": ""cobblemon:azure_rod"", ""pages"": [ { ""type"": ""patchouli:spotlight"", ""item"": ""cobblemon:azure_rod"", ""text"": ""book.cobblepedia.entries.azure_rod"
cobblepedia,cobblemon-extra\mods\Cobblepedia-Fabric-0.7.1.jar,assets/cobblepedia/patchouli_books/cobblepedia/en_us/entries/babiri_berry.json,False,False,"{ ""name"": ""item.cobblemon.babiri_berry"", ""category"": ""cobblepedia:items"", ""read_by_default"": true, ""icon"": ""cobblemon:babiri_berry"", ""pages"": [ { ""type"": ""cobblepedia:natural_berry"", ""item"": ""cobblemon:babiri_berry"" }, { ""type"": ""patchouli:text"", ""title"": ""boo"
cobblepedia,cobblemon-extra\mods\Cobblepedia-Fabric-0.7.1.jar,assets/cobblepedia/patchouli_books/cobblepedia/en_us/entries/basic_balls.json,False,False,"{ ""name"": ""book.cobblepedia.entries.basic_balls"", ""category"": ""cobblepedia:poke_balls"", ""icon"": ""cobblemon:citrine_ball"", ""sortnum"": 1, ""pages"": [ { ""type"": ""patchouli:spotlight"", ""title"": ""book.cobblepedia.entries.basic_balls"", ""item"": ""tag:cobblepedia:basic_"
cobblepedia,cobblemon-extra\mods\Cobblepedia-Fabric-0.7.1.jar,assets/cobblepedia/patchouli_books/cobblepedia/en_us/entries/battling.json,False,False,"{ ""name"": ""book.cobblepedia.entries.battling"", ""category"": ""cobblepedia:getting_started"", ""icon"": ""cobblemon:razor_fang"", ""pages"": [ { ""type"": ""patchouli:text"", ""text"": ""book.cobblepedia.entries.battling.text"" }, { ""type"": ""patchouli:image"", ""border"": true, ""t"
cobblepedia,cobblemon-extra\mods\Cobblepedia-Fabric-0.7.1.jar,assets/cobblepedia/patchouli_books/cobblepedia/en_us/entries/battling_players.json,False,False,"{ ""name"": ""book.cobblepedia.entries.battling_players"", ""category"": ""cobblepedia:getting_started"", ""icon"": ""cobblemon:dragon_fang"", ""pages"": [ { ""type"": ""patchouli:text"", ""text"": ""book.cobblepedia.entries.battling_players.text"" }, { ""type"": ""patchouli:text"", ""t"
cobblepedia,cobblemon-extra\mods\Cobblepedia-Fabric-0.7.1.jar,assets/cobblepedia/patchouli_books/cobblepedia/en_us/entries/beast_ball.json,False,False,"{ ""name"": ""item.cobblemon.beast_ball"", ""category"": ""cobblepedia:items"", ""read_by_default"": true, ""icon"": ""cobblemon:beast_ball"", ""pages"": [ { ""type"": ""patchouli:spotlight"", ""item"": ""cobblemon:beast_ball"", ""text"": ""book.cobblepedia.entries.beast_ball.text"" }, {"
cobblepedia,cobblemon-extra\mods\Cobblepedia-Fabric-0.7.1.jar,assets/cobblepedia/patchouli_books/cobblepedia/en_us/entries/beast_rod.json,False,False,"{ ""name"": ""book.cobblepedia.entries.beast_rod.name"", ""category"": ""cobblepedia:items"", ""read_by_default"": true, ""icon"": ""cobblemon:beast_rod"", ""pages"": [ { ""type"": ""patchouli:spotlight"", ""item"": ""cobblemon:beast_rod"", ""text"": ""book.cobblepedia.entries.beast_rod"
cobblepedia,cobblemon-extra\mods\Cobblepedia-Fabric-0.7.1.jar,assets/cobblepedia/patchouli_books/cobblepedia/en_us/entries/belue_berry.json,False,False,"{ ""name"": ""item.cobblemon.belue_berry"", ""category"": ""cobblepedia:items"", ""read_by_default"": true, ""icon"": ""cobblemon:belue_berry"", ""pages"": [ { ""type"": ""cobblepedia:mutated_berry"", ""item"": ""cobblemon:belue_berry"" }, { ""type"": ""patchouli:text"", ""title"": ""book.c"
cobblepedia,cobblemon-extra\mods\Cobblepedia-Fabric-0.7.1.jar,assets/cobblepedia/patchouli_books/cobblepedia/en_us/entries/berry.json,False,False,"{ ""name"": ""book.cobblepedia.entries.berry"", ""category"": ""cobblepedia:agriculture"", ""icon"": ""cobblemon:oran_berry"", ""turnin"": ""cobblemon:obtain_berry"", ""pages"": [ { ""type"": ""patchouli:spotlight"", ""title"": ""book.cobblepedia.entries.berry"", ""item"": ""tag:cobblemon"
cobblepedia,cobblemon-extra\mods\Cobblepedia-Fabric-0.7.1.jar,assets/cobblepedia/patchouli_books/cobblepedia/en_us/entries/berry_juice.json,False,False,"{ ""name"": ""item.cobblemon.berry_juice"", ""category"": ""cobblepedia:items"", ""read_by_default"": true, ""icon"": ""cobblemon:berry_juice"", ""pages"": [ { ""type"": ""patchouli:spotlight"", ""item"": ""cobblemon:berry_juice"", ""text"": ""book.cobblepedia.entries.berry_juice.text"" "
cobblepedia,cobblemon-extra\mods\Cobblepedia-Fabric-0.7.1.jar,assets/cobblepedia/patchouli_books/cobblepedia/en_us/entries/berry_mutating.json,False,False,"{ ""name"": ""book.cobblepedia.entries.berry_mutating"", ""category"": ""cobblepedia:getting_started"", ""icon"": ""cobblemon:surprise_mulch"", ""pages"": [ { ""type"": ""patchouli:text"", ""text"": ""book.cobblepedia.entries.berry_mutating.text"" }, { ""type"": ""patchouli:link"", ""ti"
cobblepedia,cobblemon-extra\mods\Cobblepedia-Fabric-0.7.1.jar,assets/cobblepedia/patchouli_books/cobblepedia/en_us/entries/berry_sweet.json,False,False,"{ ""name"": ""item.cobblemon.berry_sweet"", ""category"": ""cobblepedia:items"", ""read_by_default"": true, ""icon"": ""cobblemon:berry_sweet"", ""pages"": [ { ""type"": ""patchouli:spotlight"", ""item"": ""cobblemon:berry_sweet"", ""title"": ""item.cobblemon.berry_sweet"", ""text"": ""book"
cobblepedia,cobblemon-extra\mods\Cobblepedia-Fabric-0.7.1.jar,assets/cobblepedia/patchouli_books/cobblepedia/en_us/entries/berry_tree.json,False,False,"{ ""name"": ""book.cobblepedia.entries.berry_tree"", ""category"": ""cobblepedia:agriculture"", ""icon"": ""cobblemon:growth_mulch"", ""pages"": [ { ""type"": ""patchouli:text"", ""text"": ""book.cobblepedia.entries.berry_tree.text"" }, { ""type"": ""patchouli:text"", ""text"": ""book.cob"
cobblepedia,cobblemon-extra\mods\Cobblepedia-Fabric-0.7.1.jar,assets/cobblepedia/patchouli_books/cobblepedia/en_us/entries/big_root.json,False,False,"{ ""name"": ""block.cobblemon.big_root"", ""category"": ""cobblepedia:items"", ""read_by_default"": true, ""icon"": ""cobblemon:big_root"", ""pages"": [ { ""type"": ""patchouli:spotlight"", ""item"": ""cobblemon:big_root"", ""link_recipe"": true, ""text"": ""book.cobblepedia.entries.big_r"
cobblepedia,cobblemon-extra\mods\Cobblepedia-Fabric-0.7.1.jar,assets/cobblepedia/patchouli_books/cobblepedia/en_us/entries/binding_band.json,False,False,"{ ""name"": ""item.cobblemon.binding_band"", ""category"": ""cobblepedia:items"", ""read_by_default"": true, ""icon"": ""cobblemon:binding_band"", ""pages"": [ { ""type"": ""patchouli:spotlight"", ""item"": ""cobblemon:binding_band"", ""text"": ""book.cobblepedia.entries.binding_band.te"
cobblepedia,cobblemon-extra\mods\Cobblepedia-Fabric-0.7.1.jar,assets/cobblepedia/patchouli_books/cobblepedia/en_us/entries/black_apricorn.json,False,False,"{ ""name"": ""item.cobblemon.black_apricorn"", ""category"": ""cobblepedia:items"", ""read_by_default"": true, ""icon"": ""cobblemon:black_apricorn"", ""pages"": [ { ""type"": ""patchouli:spotlight"", ""item"": ""cobblemon:black_apricorn"", ""link_recipe"": true, ""title"": ""item.cobblem"
cobblepedia,cobblemon-extra\mods\Cobblepedia-Fabric-0.7.1.jar,assets/cobblepedia/patchouli_books/cobblepedia/en_us/entries/black_apricorn_seed.json,False,False,"{ ""name"": ""item.cobblemon.black_apricorn_seed"", ""category"": ""cobblepedia:items"", ""read_by_default"": true, ""icon"": ""cobblemon:black_apricorn_seed"", ""pages"": [ { ""type"": ""patchouli:spotlight"", ""item"": ""cobblemon:black_apricorn_seed"", ""link_recipe"": true, ""title"""
cobblepedia,cobblemon-extra\mods\Cobblepedia-Fabric-0.7.1.jar,assets/cobblepedia/patchouli_books/cobblepedia/en_us/entries/black_augurite.json,False,False,"{ ""name"": ""item.cobblemon.black_augurite"", ""category"": ""cobblepedia:items"", ""read_by_default"": true, ""icon"": ""cobblemon:black_augurite"", ""pages"": [ { ""type"": ""patchouli:spotlight"", ""item"": ""cobblemon:black_augurite"", ""link_recipe"": true, ""title"": ""item.cobblem"
cobblepedia,cobblemon-extra\mods\Cobblepedia-Fabric-0.7.1.jar,assets/cobblepedia/patchouli_books/cobblepedia/en_us/entries/black_belt.json,False,False,"{ ""name"": ""item.cobblemon.black_belt"", ""category"": ""cobblepedia:items"", ""read_by_default"": true, ""icon"": ""cobblemon:black_belt"", ""pages"": [ { ""type"": ""patchouli:spotlight"", ""item"": ""cobblemon:black_belt"", ""text"": ""book.cobblepedia.entries.black_belt.text"" }, {"
cobblepedia,cobblemon-extra\mods\Cobblepedia-Fabric-0.7.1.jar,assets/cobblepedia/patchouli_books/cobblepedia/en_us/entries/black_gilded_chest.json,False,False,"{ ""name"": ""block.cobblemon.black_gilded_chest"", ""category"": ""cobblepedia:items"", ""read_by_default"": true, ""icon"": ""cobblemon:black_gilded_chest"", ""pages"": [ { ""type"": ""patchouli:spotlight"", ""item"": ""cobblemon:black_gilded_chest"", ""title"": ""block.cobblemon.blac"
cobblepedia,cobblemon-extra\mods\Cobblepedia-Fabric-0.7.1.jar,assets/cobblepedia/patchouli_books/cobblepedia/en_us/entries/black_glasses.json,False,False,"{ ""name"": ""item.cobblemon.black_glasses"", ""category"": ""cobblepedia:items"", ""read_by_default"": true, ""icon"": ""cobblemon:black_glasses"", ""pages"": [ { ""type"": ""patchouli:spotlight"", ""item"": ""cobblemon:black_glasses"", ""text"": ""book.cobblepedia.entries.black_glasse"
cobblepedia,cobblemon-extra\mods\Cobblepedia-Fabric-0.7.1.jar,assets/cobblepedia/patchouli_books/cobblepedia/en_us/entries/black_sludge.json,False,False,"{ ""name"": ""item.cobblemon.black_sludge"", ""category"": ""cobblepedia:items"", ""read_by_default"": true, ""icon"": ""cobblemon:black_sludge"", ""pages"": [ { ""type"": ""patchouli:spotlight"", ""item"": ""cobblemon:black_sludge"", ""link_recipe"": true, ""text"": ""book.cobblepedia.en"
cobblepedia,cobblemon-extra\mods\Cobblepedia-Fabric-0.7.1.jar,assets/cobblepedia/patchouli_books/cobblepedia/en_us/entries/black_tumblestone.json,False,False,"{ ""name"": ""item.cobblemon.black_tumblestone"", ""category"": ""cobblepedia:items"", ""read_by_default"": true, ""icon"": ""cobblemon:black_tumblestone"", ""pages"": [ { ""type"": ""patchouli:spotlight"", ""title"": ""item.cobblemon.black_tumblestone"", ""item"": ""cobblemon:black_tum"
cobblepedia,cobblemon-extra\mods\Cobblepedia-Fabric-0.7.1.jar,assets/cobblepedia/patchouli_books/cobblepedia/en_us/entries/black_tumblestone_block.json,False,False,"{ ""name"": ""block.cobblemon.black_tumblestone_block"", ""category"": ""cobblepedia:items"", ""read_by_default"": true, ""icon"": ""cobblemon:black_tumblestone_block"", ""pages"": [ { ""type"": ""patchouli:spotlight"", ""title"": ""block.cobblemon.black_tumblestone_block"", ""item"": "
cobblepedia,cobblemon-extra\mods\Cobblepedia-Fabric-0.7.1.jar,assets/cobblepedia/patchouli_books/cobblepedia/en_us/entries/black_tumblestone_brick_slab.json,False,False,"{ ""name"": ""block.cobblemon.black_tumblestone_brick_slab"", ""category"": ""cobblepedia:items"", ""read_by_default"": true, ""icon"": ""cobblemon:black_tumblestone_brick_slab"", ""pages"": [ { ""type"": ""patchouli:spotlight"", ""title"": ""block.cobblemon.black_tumblestone_brick_"
cobblepedia,cobblemon-extra\mods\Cobblepedia-Fabric-0.7.1.jar,assets/cobblepedia/patchouli_books/cobblepedia/en_us/entries/black_tumblestone_brick_stairs.json,False,False,"{ ""name"": ""block.cobblemon.black_tumblestone_brick_stairs"", ""category"": ""cobblepedia:items"", ""read_by_default"": true, ""icon"": ""cobblemon:black_tumblestone_brick_stairs"", ""pages"": [ { ""type"": ""patchouli:spotlight"", ""title"": ""block.cobblemon.black_tumblestone_br"
cobblepedia,cobblemon-extra\mods\Cobblepedia-Fabric-0.7.1.jar,assets/cobblepedia/patchouli_books/cobblepedia/en_us/entries/black_tumblestone_brick_wall.json,False,False,"{ ""name"": ""block.cobblemon.black_tumblestone_brick_wall"", ""category"": ""cobblepedia:items"", ""read_by_default"": true, ""icon"": ""cobblemon:black_tumblestone_brick_wall"", ""pages"": [ { ""type"": ""patchouli:spotlight"", ""title"": ""block.cobblemon.black_tumblestone_brick_"
cobblepedia,cobblemon-extra\mods\Cobblepedia-Fabric-0.7.1.jar,assets/cobblepedia/patchouli_books/cobblepedia/en_us/entries/black_tumblestone_bricks.json,False,False,"{ ""name"": ""block.cobblemon.black_tumblestone_bricks"", ""category"": ""cobblepedia:items"", ""read_by_default"": true, ""icon"": ""cobblemon:black_tumblestone_bricks"", ""pages"": [ { ""type"": ""patchouli:spotlight"", ""title"": ""block.cobblemon.black_tumblestone_bricks"", ""item"
cobblepedia,cobblemon-extra\mods\Cobblepedia-Fabric-0.7.1.jar,assets/cobblepedia/patchouli_books/cobblepedia/en_us/entries/black_tumblestone_cluster.json,False,False,"{ ""name"": ""block.cobblemon.black_tumblestone_cluster"", ""category"": ""cobblepedia:items"", ""read_by_default"": true, ""icon"": ""cobblemon:black_tumblestone_cluster"", ""pages"": [ { ""type"": ""patchouli:spotlight"", ""title"": ""block.cobblemon.black_tumblestone_cluster"", ""i"
cobblepedia,cobblemon-extra\mods\Cobblepedia-Fabric-0.7.1.jar,assets/cobblepedia/patchouli_books/cobblepedia/en_us/entries/blue_apricorn.json,False,False,"{ ""name"": ""item.cobblemon.blue_apricorn"", ""category"": ""cobblepedia:items"", ""read_by_default"": true, ""icon"": ""cobblemon:blue_apricorn"", ""pages"": [ { ""type"": ""patchouli:spotlight"", ""item"": ""cobblemon:blue_apricorn"", ""link_recipe"": true, ""title"": ""item.cobblemon."
cobblepedia,cobblemon-extra\mods\Cobblepedia-Fabric-0.7.1.jar,assets/cobblepedia/patchouli_books/cobblepedia/en_us/entries/blue_apricorn_seed.json,False,False,"{ ""name"": ""item.cobblemon.blue_apricorn_seed"", ""category"": ""cobblepedia:items"", ""read_by_default"": true, ""icon"": ""cobblemon:blue_apricorn_seed"", ""pages"": [ { ""type"": ""patchouli:spotlight"", ""item"": ""cobblemon:blue_apricorn_seed"", ""link_recipe"": true, ""title"": """
cobblepedia,cobblemon-extra\mods\Cobblepedia-Fabric-0.7.1.jar,assets/cobblepedia/patchouli_books/cobblepedia/en_us/entries/blue_gilded_chest.json,False,False,"{ ""name"": ""block.cobblemon.blue_gilded_chest"", ""category"": ""cobblepedia:items"", ""read_by_default"": true, ""icon"": ""cobblemon:blue_gilded_chest"", ""pages"": [ { ""type"": ""patchouli:spotlight"", ""item"": ""cobblemon:blue_gilded_chest"", ""title"": ""block.cobblemon.blue_gi"
cobblepedia,cobblemon-extra\mods\Cobblepedia-Fabric-0.7.1.jar,assets/cobblepedia/patchouli_books/cobblepedia/en_us/entries/blue_mint_leaf.json,False,False,"{ ""name"": ""item.cobblemon.blue_mint_leaf"", ""category"": ""cobblepedia:items"", ""read_by_default"": true, ""icon"": ""cobblemon:blue_mint_leaf"", ""pages"": [ { ""type"": ""patchouli:spotlight"", ""item"": ""cobblemon:blue_mint_leaf"", ""link_recipe"": true, ""text"": ""book.cobblepe"
cobblepedia,cobblemon-extra\mods\Cobblepedia-Fabric-0.7.1.jar,assets/cobblepedia/patchouli_books/cobblepedia/en_us/entries/blue_mint_seeds.json,False,False,"{ ""name"": ""block.cobblemon.blue_mint"", ""category"": ""cobblepedia:items"", ""read_by_default"": true, ""icon"": ""cobblemon:blue_mint_seeds"", ""pages"": [ { ""type"": ""patchouli:spotlight"", ""item"": ""cobblemon:blue_mint_seeds"", ""link_recipe"": true, ""text"": ""book.cobblepedi"
cobblepedia,cobblemon-extra\mods\Cobblepedia-Fabric-0.7.1.jar,assets/cobblepedia/patchouli_books/cobblepedia/en_us/entries/bluk_berry.json,False,False,"{ ""name"": ""item.cobblemon.bluk_berry"", ""category"": ""cobblepedia:items"", ""read_by_default"": true, ""icon"": ""cobblemon:bluk_berry"", ""pages"": [ { ""type"": ""cobblepedia:natural_berry"", ""item"": ""cobblemon:bluk_berry"" }, { ""type"": ""patchouli:text"", ""title"": ""book.cobb"
cobblepedia,cobblemon-extra\mods\Cobblepedia-Fabric-0.7.1.jar,assets/cobblepedia/patchouli_books/cobblepedia/en_us/entries/blunder_policy.json,False,False,"{ ""name"": ""item.cobblemon.blunder_policy"", ""category"": ""cobblepedia:items"", ""read_by_default"": true, ""icon"": ""cobblemon:blunder_policy"", ""pages"": [ { ""type"": ""patchouli:spotlight"", ""item"": ""cobblemon:blunder_policy"", ""text"": ""book.cobblepedia.entries.blunder_p"
cobblepedia,cobblemon-extra\mods\Cobblepedia-Fabric-0.7.1.jar,assets/cobblepedia/patchouli_books/cobblepedia/en_us/entries/bold_mint.json,False,False,"{ ""name"": ""item.cobblemon.bold_mint"", ""category"": ""cobblepedia:items"", ""read_by_default"": true, ""icon"": ""cobblemon:bold_mint"", ""pages"": [ { ""type"": ""patchouli:spotlight"", ""item"": ""cobblemon:bold_mint"", ""text"": ""book.cobblepedia.entries.bold_mint.text"" }, { ""ty"
cobblepedia,cobblemon-extra\mods\Cobblepedia-Fabric-0.7.1.jar,assets/cobblepedia/patchouli_books/cobblepedia/en_us/entries/brave_mint.json,False,False,"{ ""name"": ""item.cobblemon.brave_mint"", ""category"": ""cobblepedia:items"", ""read_by_default"": true, ""icon"": ""cobblemon:brave_mint"", ""pages"": [ { ""type"": ""patchouli:spotlight"", ""item"": ""cobblemon:brave_mint"", ""text"": ""book.cobblepedia.entries.brave_mint.text"" }, {"
cobblepedia,cobblemon-extra\mods\Cobblepedia-Fabric-0.7.1.jar,assets/cobblepedia/patchouli_books/cobblepedia/en_us/entries/brew.json,False,False,"{ ""name"": ""book.cobblepedia.entries.brew"", ""category"": ""cobblepedia:consumables"", ""icon"": ""cobblemon:medicinal_brew"", ""pages"": [ { ""type"": ""patchouli:text"", ""text"": ""book.cobblepedia.entries.brew.text"" }, { ""type"": ""patchouli:relations"", ""title"": ""book.cobblep"
cobblepedia,cobblemon-extra\mods\Cobblepedia-Fabric-0.7.1.jar,assets/cobblepedia/patchouli_books/cobblepedia/en_us/entries/bright_powder.json,False,False,"{ ""name"": ""item.cobblemon.bright_powder"", ""category"": ""cobblepedia:items"", ""read_by_default"": true, ""icon"": ""cobblemon:bright_powder"", ""pages"": [ { ""type"": ""patchouli:spotlight"", ""item"": ""cobblemon:bright_powder"", ""link_recipe"": true, ""text"": ""book.cobblepedia"
cobblepedia,cobblemon-extra\mods\Cobblepedia-Fabric-0.7.1.jar,assets/cobblepedia/patchouli_books/cobblepedia/en_us/entries/bug_gem.json,False,False,"{ ""name"": ""item.cobblemon.bug_gem"", ""category"": ""cobblepedia:items"", ""read_by_default"": true, ""icon"": ""cobblemon:bug_gem"", ""pages"": [ { ""type"": ""patchouli:spotlight"", ""item"": ""cobblemon:bug_gem"", ""link_recipe"": true, ""text"": ""book.cobblepedia.entries.bug_gem.t"
cobblepedia,cobblemon-extra\mods\Cobblepedia-Fabric-0.7.1.jar,assets/cobblepedia/patchouli_books/cobblepedia/en_us/entries/burn_heal.json,False,False,"{ ""name"": ""item.cobblemon.burn_heal"", ""category"": ""cobblepedia:items"", ""read_by_default"": true, ""icon"": ""cobblemon:burn_heal"", ""pages"": [ { ""type"": ""patchouli:spotlight"", ""item"": ""cobblemon:burn_heal"", ""text"": ""book.cobblepedia.entries.burn_heal.text"" }, { ""ty"
cobblepedia,cobblemon-extra\mods\Cobblepedia-Fabric-0.7.1.jar,assets/cobblepedia/patchouli_books/cobblepedia/en_us/entries/bygone_sherd.json,False,False,"{ ""name"": ""item.cobblemon.bygone_sherd"", ""category"": ""cobblepedia:items"", ""read_by_default"": true, ""icon"": ""cobblemon:bygone_sherd"", ""pages"": [ { ""type"": ""patchouli:spotlight"", ""item"": ""cobblemon:bygone_sherd"", ""link_recipe"": true, ""text"": ""book.cobblepedia.en"
cobblepedia,cobblemon-extra\mods\Cobblepedia-Fabric-0.7.1.jar,assets/cobblepedia/patchouli_books/cobblepedia/en_us/entries/calcium.json,False,False,"{ ""name"": ""item.cobblemon.calcium"", ""category"": ""cobblepedia:items"", ""read_by_default"": true, ""icon"": ""cobblemon:calcium"", ""pages"": [ { ""type"": ""patchouli:spotlight"", ""item"": ""cobblemon:calcium"", ""text"": ""book.cobblepedia.entries.calcium.text"" }, { ""type"": ""pa"
cobblepedia,cobblemon-extra\mods\Cobblepedia-Fabric-0.7.1.jar,assets/cobblepedia/patchouli_books/cobblepedia/en_us/entries/calm_mint.json,False,False,"{ ""name"": ""item.cobblemon.calm_mint"", ""category"": ""cobblepedia:items"", ""read_by_default"": true, ""icon"": ""cobblemon:calm_mint"", ""pages"": [ { ""type"": ""patchouli:spotlight"", ""item"": ""cobblemon:calm_mint"", ""text"": ""book.cobblepedia.entries.calm_mint.text"" }, { ""ty"
cobblepedia,cobblemon-extra\mods\Cobblepedia-Fabric-0.7.1.jar,assets/cobblepedia/patchouli_books/cobblepedia/en_us/entries/candy.json,False,False,"{ ""name"": ""book.cobblepedia.entries.candy"", ""category"": ""cobblepedia:consumables"", ""icon"": ""cobblemon:rare_candy"", ""pages"": [ { ""type"": ""patchouli:spotlight"", ""title"": ""book.cobblepedia.entries.candy"", ""item"": ""tag:cobblemon:experience_candies"", ""text"": ""book."
cobblepedia,cobblemon-extra\mods\Cobblepedia-Fabric-0.7.1.jar,assets/cobblepedia/patchouli_books/cobblepedia/en_us/entries/capture_sherd.json,False,False,"{ ""name"": ""item.cobblemon.capture_sherd"", ""category"": ""cobblepedia:items"", ""read_by_default"": true, ""icon"": ""cobblemon:capture_sherd"", ""pages"": [ { ""type"": ""patchouli:spotlight"", ""item"": ""cobblemon:capture_sherd"", ""link_recipe"": true, ""text"": ""book.cobblepedia"
cobblepedia,cobblemon-extra\mods\Cobblepedia-Fabric-0.7.1.jar,assets/cobblepedia/patchouli_books/cobblepedia/en_us/entries/carbos.json,False,False,"{ ""name"": ""item.cobblemon.carbos"", ""category"": ""cobblepedia:items"", ""read_by_default"": true, ""icon"": ""cobblemon:carbos"", ""pages"": [ { ""type"": ""patchouli:spotlight"", ""item"": ""cobblemon:carbos"", ""text"": ""book.cobblepedia.entries.carbos.text"" }, { ""type"": ""patcho"
cobblepedia,cobblemon-extra\mods\Cobblepedia-Fabric-0.7.1.jar,assets/cobblepedia/patchouli_books/cobblepedia/en_us/entries/careful_mint.json,False,False,"{ ""name"": ""item.cobblemon.careful_mint"", ""category"": ""cobblepedia:items"", ""read_by_default"": true, ""icon"": ""cobblemon:careful_mint"", ""pages"": [ { ""type"": ""patchouli:spotlight"", ""item"": ""cobblemon:careful_mint"", ""text"": ""book.cobblepedia.entries.careful_mint.te"
cobblepedia,cobblemon-extra\mods\Cobblepedia-Fabric-0.7.1.jar,assets/cobblepedia/patchouli_books/cobblepedia/en_us/entries/catching.json,False,False,"{ ""name"": ""book.cobblepedia.entries.catching"", ""category"": ""cobblepedia:getting_started"", ""icon"": ""cobblemon:poke_ball"", ""turnin"": ""cobblemon:first_catch"", ""pages"": [ { ""type"": ""patchouli:text"", ""text"": ""book.cobblepedia.entries.catching.text"" }, { ""type"": ""pa"
cobblepedia,cobblemon-extra\mods\Cobblepedia-Fabric-0.7.1.jar,assets/cobblepedia/patchouli_books/cobblepedia/en_us/entries/cell_battery.json,False,False,"{ ""name"": ""item.cobblemon.cell_battery"", ""category"": ""cobblepedia:items"", ""read_by_default"": true, ""icon"": ""cobblemon:cell_battery"", ""pages"": [ { ""type"": ""patchouli:spotlight"", ""item"": ""cobblemon:cell_battery"", ""text"": ""book.cobblepedia.entries.cell_battery.te"
cobblepedia,cobblemon-extra\mods\Cobblepedia-Fabric-0.7.1.jar,assets/cobblepedia/patchouli_books/cobblepedia/en_us/entries/charcoal_stick.json,False,False,"{ ""name"": ""item.cobblemon.charcoal_stick"", ""category"": ""cobblepedia:items"", ""read_by_default"": true, ""icon"": ""cobblemon:charcoal_stick"", ""pages"": [ { ""type"": ""patchouli:spotlight"", ""item"": ""cobblemon:charcoal_stick"", ""text"": ""book.cobblepedia.entries.charcoal_"
cobblepedia,cobblemon-extra\mods\Cobblepedia-Fabric-0.7.1.jar,assets/cobblepedia/patchouli_books/cobblepedia/en_us/entries/charti_berry.json,False,False,"{ ""name"": ""item.cobblemon.charti_berry"", ""category"": ""cobblepedia:items"", ""read_by_default"": true, ""icon"": ""cobblemon:charti_berry"", ""pages"": [ { ""type"": ""cobblepedia:natural_berry"", ""item"": ""cobblemon:charti_berry"" }, { ""type"": ""patchouli:text"", ""title"": ""boo"
cobblepedia,cobblemon-extra\mods\Cobblepedia-Fabric-0.7.1.jar,assets/cobblepedia/patchouli_books/cobblepedia/en_us/entries/checkspawn_command.json,False,False,"{ ""name"": ""book.cobblepedia.entries.checkspawn_command"", ""category"": ""cobblepedia:commands"", ""read_by_default"": true, ""icon"": ""cobblemon:lucky_egg"", ""pages"": [ { ""type"": ""patchouli:text"", ""text"": ""book.cobblepedia.entries.checkspawn_command.text"" }, { ""type"": "
cobblepedia,cobblemon-extra\mods\Cobblepedia-Fabric-0.7.1.jar,assets/cobblepedia/patchouli_books/cobblepedia/en_us/entries/cheri_berry.json,False,False,"{ ""name"": ""item.cobblemon.cheri_berry"", ""category"": ""cobblepedia:items"", ""read_by_default"": true, ""icon"": ""cobblemon:cheri_berry"", ""pages"": [ { ""type"": ""cobblepedia:natural_berry"", ""item"": ""cobblemon:cheri_berry"" }, { ""type"": ""patchouli:text"", ""title"": ""book.c"
cobblepedia,cobblemon-extra\mods\Cobblepedia-Fabric-0.7.1.jar,assets/cobblepedia/patchouli_books/cobblepedia/en_us/entries/cherish_ball.json,False,False,"{ ""name"": ""item.cobblemon.cherish_ball"", ""category"": ""cobblepedia:items"", ""read_by_default"": true, ""icon"": ""cobblemon:cherish_ball"", ""pages"": [ { ""type"": ""patchouli:spotlight"", ""item"": ""cobblemon:cherish_ball"", ""link_recipe"": true, ""text"": ""book.cobblepedia.en"
cobblepedia,cobblemon-extra\mods\Cobblepedia-Fabric-0.7.1.jar,assets/cobblepedia/patchouli_books/cobblepedia/en_us/entries/cherish_rod.json,False,False,"{ ""name"": ""book.cobblepedia.entries.cherish_rod.name"", ""category"": ""cobblepedia:items"", ""read_by_default"": true, ""icon"": ""cobblemon:cherish_rod"", ""pages"": [ { ""type"": ""patchouli:spotlight"", ""item"": ""cobblemon:cherish_rod"", ""text"": ""book.cobblepedia.entries.che"
cobblepedia,cobblemon-extra\mods\Cobblepedia-Fabric-0.7.1.jar,assets/cobblepedia/patchouli_books/cobblepedia/en_us/entries/chesto_berry.json,False,False,"{ ""name"": ""item.cobblemon.chesto_berry"", ""category"": ""cobblepedia:items"", ""read_by_default"": true, ""icon"": ""cobblemon:chesto_berry"", ""pages"": [ { ""type"": ""cobblepedia:natural_berry"", ""item"": ""cobblemon:chesto_berry"" }, { ""type"": ""patchouli:text"", ""title"": ""boo"
cobblepedia,cobblemon-extra\mods\Cobblepedia-Fabric-0.7.1.jar,assets/cobblepedia/patchouli_books/cobblepedia/en_us/entries/chilan_berry.json,False,False,"{ ""name"": ""item.cobblemon.chilan_berry"", ""category"": ""cobblepedia:items"", ""read_by_default"": true, ""icon"": ""cobblemon:chilan_berry"", ""pages"": [ { ""type"": ""cobblepedia:natural_berry"", ""item"": ""cobblemon:chilan_berry"" }, { ""type"": ""patchouli:text"", ""title"": ""boo"
cobblepedia,cobblemon-extra\mods\Cobblepedia-Fabric-0.7.1.jar,assets/cobblepedia/patchouli_books/cobblepedia/en_us/entries/chipped_pot.json,False,False,"{ ""name"": ""item.cobblemon.chipped_pot"", ""category"": ""cobblepedia:items"", ""read_by_default"": true, ""icon"": ""cobblemon:chipped_pot"", ""pages"": [ { ""type"": ""patchouli:spotlight"", ""item"": ""cobblemon:chipped_pot"", ""title"": ""item.cobblemon.chipped_pot"", ""text"": ""book"
cobblepedia,cobblemon-extra\mods\Cobblepedia-Fabric-0.7.1.jar,assets/cobblepedia/patchouli_books/cobblepedia/en_us/entries/chiseled_black_tumblestone_bricks.json,False,False,"{ ""name"": ""block.cobblemon.chiseled_black_tumblestone_bricks"", ""category"": ""cobblepedia:items"", ""read_by_default"": true, ""icon"": ""cobblemon:chiseled_black_tumblestone_bricks"", ""pages"": [ { ""type"": ""patchouli:spotlight"", ""title"": ""block.cobblemon.chiseled_black"
cobblepedia,cobblemon-extra\mods\Cobblepedia-Fabric-0.7.1.jar,assets/cobblepedia/patchouli_books/cobblepedia/en_us/entries/chiseled_polished_black_tumblestone.json,False,False,"{ ""name"": ""block.cobblemon.chiseled_polished_black_tumblestone"", ""category"": ""cobblepedia:items"", ""read_by_default"": true, ""icon"": ""cobblemon:chiseled_polished_black_tumblestone"", ""pages"": [ { ""type"": ""patchouli:spotlight"", ""title"": ""block.cobblemon.chiseled_p"
cobblepedia,cobblemon-extra\mods\Cobblepedia-Fabric-0.7.1.jar,assets/cobblepedia/patchouli_books/cobblepedia/en_us/entries/chiseled_polished_sky_tumblestone.json,False,False,"{ ""name"": ""block.cobblemon.chiseled_polished_sky_tumblestone"", ""category"": ""cobblepedia:items"", ""read_by_default"": true, ""icon"": ""cobblemon:chiseled_polished_sky_tumblestone"", ""pages"": [ { ""type"": ""patchouli:spotlight"", ""title"": ""block.cobblemon.chiseled_polis"
cobblepedia,cobblemon-extra\mods\Cobblepedia-Fabric-0.7.1.jar,assets/cobblepedia/patchouli_books/cobblepedia/en_us/entries/chiseled_polished_tumblestone.json,False,False,"{ ""name"": ""block.cobblemon.chiseled_polished_tumblestone"", ""category"": ""cobblepedia:items"", ""read_by_default"": true, ""icon"": ""cobblemon:chiseled_polished_tumblestone"", ""pages"": [ { ""type"": ""patchouli:spotlight"", ""title"": ""block.cobblemon.chiseled_polished_tumb"
cobblepedia,cobblemon-extra\mods\Cobblepedia-Fabric-0.7.1.jar,assets/cobblepedia/patchouli_books/cobblepedia/en_us/entries/chiseled_polished_tumblestones.json,False,False,"{ ""name"": ""book.cobblepedia.entries.chiseled_polished_tumblestones.name"", ""category"": ""cobblepedia:items"", ""icon"": ""cobblemon:chiseled_polished_tumblestone"", ""pages"": [ { ""type"": ""patchouli:spotlight"", ""title"": ""book.cobblepedia.entries.chiseled_polished_tumbl"
cobblepedia,cobblemon-extra\mods\Cobblepedia-Fabric-0.7.1.jar,assets/cobblepedia/patchouli_books/cobblepedia/en_us/entries/chiseled_sky_tumblestone_bricks.json,False,False,"{ ""name"": ""block.cobblemon.chiseled_sky_tumblestone_bricks"", ""category"": ""cobblepedia:items"", ""read_by_default"": true, ""icon"": ""cobblemon:chiseled_sky_tumblestone_bricks"", ""pages"": [ { ""type"": ""patchouli:spotlight"", ""title"": ""block.cobblemon.chiseled_sky_tumbl"
cobblepedia,cobblemon-extra\mods\Cobblepedia-Fabric-0.7.1.jar,assets/cobblepedia/patchouli_books/cobblepedia/en_us/entries/chiseled_tumblestone_bricks.json,False,False,"{ ""name"": ""block.cobblemon.chiseled_tumblestone_bricks"", ""category"": ""cobblepedia:items"", ""read_by_default"": true, ""icon"": ""cobblemon:chiseled_tumblestone_bricks"", ""pages"": [ { ""type"": ""patchouli:spotlight"", ""title"": ""block.cobblemon.chiseled_tumblestone_brick"
cobblepedia,cobblemon-extra\mods\Cobblepedia-Fabric-0.7.1.jar,assets/cobblepedia/patchouli_books/cobblepedia/en_us/entries/chiseled_tumblestones_bricks.json,False,False,"{ ""name"": ""book.cobblepedia.entries.chiseled_tumblestones_bricks.name"", ""category"": ""cobblepedia:items"", ""icon"": ""cobblemon:chiseled_tumblestone_bricks"", ""pages"": [ { ""type"": ""patchouli:spotlight"", ""title"": ""book.cobblepedia.entries.chiseled_tumblestones_brick"
cobblepedia,cobblemon-extra\mods\Cobblepedia-Fabric-0.7.1.jar,assets/cobblepedia/patchouli_books/cobblepedia/en_us/entries/choice_band.json,False,False,"{ ""name"": ""item.cobblemon.choice_band"", ""category"": ""cobblepedia:items"", ""read_by_default"": true, ""icon"": ""cobblemon:choice_band"", ""pages"": [ { ""type"": ""patchouli:spotlight"", ""item"": ""cobblemon:choice_band"", ""text"": ""book.cobblepedia.entries.choice_band.text"" "
cobblepedia,cobblemon-extra\mods\Cobblepedia-Fabric-0.7.1.jar,assets/cobblepedia/patchouli_books/cobblepedia/en_us/entries/choice_items.json,False,False,"{ ""name"": ""book.cobblepedia.entries.choice_items"", ""category"": ""cobblepedia:held_items"", ""icon"": ""cobblemon:choice_band"", ""pages"": [ { ""type"": ""patchouli:spotlight"", ""title"": ""book.cobblepedia.entries.choice_items"", ""item"": ""tag:cobblepedia:choice_items"", ""tex"
cobblepedia,cobblemon-extra\mods\Cobblepedia-Fabric-0.7.1.jar,assets/cobblepedia/patchouli_books/cobblepedia/en_us/entries/choice_scarf.json,False,False,"{ ""name"": ""item.cobblemon.choice_scarf"", ""category"": ""cobblepedia:items"", ""read_by_default"": true, ""icon"": ""cobblemon:choice_scarf"", ""pages"": [ { ""type"": ""patchouli:spotlight"", ""item"": ""cobblemon:choice_scarf"", ""text"": ""book.cobblepedia.entries.choice_scarf.te"
cobblepedia,cobblemon-extra\mods\Cobblepedia-Fabric-0.7.1.jar,assets/cobblepedia/patchouli_books/cobblepedia/en_us/entries/choice_specs.json,False,False,"{ ""name"": ""item.cobblemon.choice_specs"", ""category"": ""cobblepedia:items"", ""read_by_default"": true, ""icon"": ""cobblemon:choice_specs"", ""pages"": [ { ""type"": ""patchouli:spotlight"", ""item"": ""cobblemon:choice_specs"", ""text"": ""book.cobblepedia.entries.choice_specs.te"
cobblepedia,cobblemon-extra\mods\Cobblepedia-Fabric-0.7.1.jar,assets/cobblepedia/patchouli_books/cobblepedia/en_us/entries/chople_berry.json,False,False,"{ ""name"": ""item.cobblemon.chople_berry"", ""category"": ""cobblepedia:items"", ""read_by_default"": true, ""icon"": ""cobblemon:chople_berry"", ""pages"": [ { ""type"": ""cobblepedia:natural_berry"", ""item"": ""cobblemon:chople_berry"" }, { ""type"": ""patchouli:text"", ""title"": ""boo"
cobblepedia,cobblemon-extra\mods\Cobblepedia-Fabric-0.7.1.jar,assets/cobblepedia/patchouli_books/cobblepedia/en_us/entries/citrine_ball.json,False,False,"{ ""name"": ""item.cobblemon.citrine_ball"", ""category"": ""cobblepedia:items"", ""read_by_default"": true, ""icon"": ""cobblemon:citrine_ball"", ""pages"": [ { ""type"": ""patchouli:spotlight"", ""item"": ""cobblemon:citrine_ball"", ""text"": ""book.cobblepedia.entries.citrine_ball.te"
cobblepedia,cobblemon-extra\mods\Cobblepedia-Fabric-0.7.1.jar,assets/cobblepedia/patchouli_books/cobblepedia/en_us/entries/citrine_rod.json,False,False,"{ ""name"": ""book.cobblepedia.entries.citrine_rod.name"", ""category"": ""cobblepedia:items"", ""read_by_default"": true, ""icon"": ""cobblemon:citrine_rod"", ""pages"": [ { ""type"": ""patchouli:spotlight"", ""item"": ""cobblemon:citrine_rod"", ""text"": ""book.cobblepedia.entries.cit"
cobblepedia,cobblemon-extra\mods\Cobblepedia-Fabric-0.7.1.jar,assets/cobblepedia/patchouli_books/cobblepedia/en_us/entries/claw_fossil.json,False,False,"{ ""name"": ""item.cobblemon.claw_fossil"", ""category"": ""cobblepedia:items"", ""read_by_default"": true, ""icon"": ""cobblemon:claw_fossil"", ""pages"": [ { ""type"": ""patchouli:spotlight"", ""title"": ""item.cobblemon.claw_fossil"", ""item"": ""cobblemon:claw_fossil"", ""link_recipe"""
cobblepedia,cobblemon-extra\mods\Cobblepedia-Fabric-0.7.1.jar,assets/cobblepedia/patchouli_books/cobblepedia/en_us/entries/cleanse_tag.json,False,False,"{ ""name"": ""item.cobblemon.cleanse_tag"", ""category"": ""cobblepedia:items"", ""read_by_default"": true, ""icon"": ""cobblemon:cleanse_tag"", ""pages"": [ { ""type"": ""patchouli:spotlight"", ""item"": ""cobblemon:cleanse_tag"", ""text"": ""book.cobblepedia.entries.cleanse_tag.text"" "
cobblepedia,cobblemon-extra\mods\Cobblepedia-Fabric-0.7.1.jar,assets/cobblepedia/patchouli_books/cobblepedia/en_us/entries/clever_feather.json,False,False,"{ ""name"": ""item.cobblemon.clever_feather"", ""category"": ""cobblepedia:items"", ""read_by_default"": true, ""icon"": ""cobblemon:clever_feather"", ""pages"": [ { ""type"": ""patchouli:spotlight"", ""item"": ""cobblemon:clever_feather"", ""link_recipe"": true, ""text"": ""book.cobblepe"
cobblepedia,cobblemon-extra\mods\Cobblepedia-Fabric-0.7.1.jar,assets/cobblepedia/patchouli_books/cobblepedia/en_us/entries/clover_sweet.json,False,False,"{ ""name"": ""item.cobblemon.clover_sweet"", ""category"": ""cobblepedia:items"", ""read_by_default"": true, ""icon"": ""cobblemon:clover_sweet"", ""pages"": [ { ""type"": ""patchouli:spotlight"", ""item"": ""cobblemon:clover_sweet"", ""title"": ""item.cobblemon.clover_sweet"", ""text"": """
cobblepedia,cobblemon-extra\mods\Cobblepedia-Fabric-0.7.1.jar,assets/cobblepedia/patchouli_books/cobblepedia/en_us/entries/coarse_mulch.json,False,False,"{ ""name"": ""item.cobblemon.coarse_mulch"", ""category"": ""cobblepedia:items"", ""read_by_default"": true, ""icon"": ""cobblemon:coarse_mulch"", ""pages"": [ { ""type"": ""patchouli:spotlight"", ""item"": ""cobblemon:coarse_mulch"", ""text"": ""book.cobblepedia.entries.coarse_mulch.te"
cobblepedia,cobblemon-extra\mods\Cobblepedia-Fabric-0.7.1.jar,assets/cobblepedia/patchouli_books/cobblepedia/en_us/entries/coba_berry.json,False,False,"{ ""name"": ""item.cobblemon.coba_berry"", ""category"": ""cobblepedia:items"", ""read_by_default"": true, ""icon"": ""cobblemon:coba_berry"", ""pages"": [ { ""type"": ""cobblepedia:natural_berry"", ""item"": ""cobblemon:coba_berry"" }, { ""type"": ""patchouli:text"", ""title"": ""book.cobb"
cobblepedia,cobblemon-extra\mods\Cobblepedia-Fabric-0.7.1.jar,assets/cobblepedia/patchouli_books/cobblepedia/en_us/entries/colbur_berry.json,False,False,"{ ""name"": ""item.cobblemon.colbur_berry"", ""category"": ""cobblepedia:items"", ""read_by_default"": true, ""icon"": ""cobblemon:colbur_berry"", ""pages"": [ { ""type"": ""cobblepedia:natural_berry"", ""item"": ""cobblemon:colbur_berry"" }, { ""type"": ""patchouli:text"", ""title"": ""boo"
cobblepedia,cobblemon-extra\mods\Cobblepedia-Fabric-0.7.1.jar,assets/cobblepedia/patchouli_books/cobblepedia/en_us/entries/cornn_berry.json,False,False,"{ ""name"": ""item.cobblemon.cornn_berry"", ""category"": ""cobblepedia:items"", ""read_by_default"": true, ""icon"": ""cobblemon:cornn_berry"", ""pages"": [ { ""type"": ""cobblepedia:mutated_berry"", ""item"": ""cobblemon:cornn_berry"" }, { ""type"": ""patchouli:text"", ""title"": ""book.c"
cobblepedia,cobblemon-extra\mods\Cobblepedia-Fabric-0.7.1.jar,assets/cobblepedia/patchouli_books/cobblepedia/en_us/entries/cover_fossil.json,False,False,"{ ""name"": ""item.cobblemon.cover_fossil"", ""category"": ""cobblepedia:items"", ""read_by_default"": true, ""icon"": ""cobblemon:cover_fossil"", ""pages"": [ { ""type"": ""patchouli:spotlight"", ""title"": ""item.cobblemon.cover_fossil"", ""item"": ""cobblemon:cover_fossil"", ""link_rec"
cobblepedia,cobblemon-extra\mods\Cobblepedia-Fabric-0.7.1.jar,assets/cobblepedia/patchouli_books/cobblepedia/en_us/entries/covert_cloak.json,False,False,"{ ""name"": ""item.cobblemon.covert_cloak"", ""category"": ""cobblepedia:items"", ""read_by_default"": true, ""icon"": ""cobblemon:covert_cloak"", ""pages"": [ { ""type"": ""patchouli:spotlight"", ""item"": ""cobblemon:covert_cloak"", ""text"": ""book.cobblepedia.entries.covert_cloak.te"
cobblepedia,cobblemon-extra\mods\Cobblepedia-Fabric-0.7.1.jar,assets/cobblepedia/patchouli_books/cobblepedia/en_us/entries/cracked_pot.json,False,False,"{ ""name"": ""item.cobblemon.cracked_pot"", ""category"": ""cobblepedia:items"", ""read_by_default"": true, ""icon"": ""cobblemon:cracked_pot"", ""pages"": [ { ""type"": ""patchouli:spotlight"", ""item"": ""cobblemon:cracked_pot"", ""title"": ""item.cobblemon.cracked_pot"", ""text"": ""book"
cobblepedia,cobblemon-extra\mods\Cobblepedia-Fabric-0.7.1.jar,assets/cobblepedia/patchouli_books/cobblepedia/en_us/entries/crop.json,False,False,"{ ""name"": ""book.cobblepedia.entries.crop"", ""category"": ""cobblepedia:agriculture"", ""icon"": ""cobblemon:medicinal_leek"", ""pages"": [ { ""type"": ""patchouli:text"", ""text"": ""book.cobblepedia.entries.crop.text"" }, { ""type"": ""patchouli:relations"", ""entries"": [ ""cobblepe"
cobblepedia,cobblemon-extra\mods\Cobblepedia-Fabric-0.7.1.jar,assets/cobblepedia/patchouli_books/cobblepedia/en_us/entries/crumbling_arch_ruins.json,False,False,"{ ""name"": ""book.cobblepedia.entries.crumbling_arch_ruins.name"", ""category"": ""cobblepedia:structures"", ""read_by_default"": true, ""icon"": ""minecraft:cracked_stone_bricks"", ""pages"": [ { ""type"": ""patchouli:text"", ""text"": ""book.cobblepedia.entries.crumbling_arch_rui"
cobblepedia,cobblemon-extra\mods\Cobblepedia-Fabric-0.7.1.jar,assets/cobblepedia/patchouli_books/cobblepedia/en_us/entries/custap_berry.json,False,False,"{ ""name"": ""item.cobblemon.custap_berry"", ""category"": ""cobblepedia:items"", ""read_by_default"": true, ""icon"": ""cobblemon:custap_berry"", ""pages"": [ { ""type"": ""cobblepedia:mutated_berry"", ""item"": ""cobblemon:custap_berry"" }, { ""type"": ""patchouli:text"", ""title"": ""boo"
cobblepedia,cobblemon-extra\mods\Cobblepedia-Fabric-0.7.1.jar,assets/cobblepedia/patchouli_books/cobblepedia/en_us/entries/cyan_mint_leaf.json,False,False,"{ ""name"": ""item.cobblemon.cyan_mint_leaf"", ""category"": ""cobblepedia:items"", ""read_by_default"": true, ""icon"": ""cobblemon:cyan_mint_leaf"", ""pages"": [ { ""type"": ""patchouli:spotlight"", ""item"": ""cobblemon:cyan_mint_leaf"", ""link_recipe"": true, ""text"": ""book.cobblepe"
cobblepedia,cobblemon-extra\mods\Cobblepedia-Fabric-0.7.1.jar,assets/cobblepedia/patchouli_books/cobblepedia/en_us/entries/cyan_mint_seeds.json,False,False,"{ ""name"": ""block.cobblemon.cyan_mint"", ""category"": ""cobblepedia:items"", ""read_by_default"": true, ""icon"": ""cobblemon:cyan_mint_seeds"", ""pages"": [ { ""type"": ""patchouli:spotlight"", ""item"": ""cobblemon:cyan_mint_seeds"", ""link_recipe"": true, ""text"": ""book.cobblepedi"
cobblepedia,cobblemon-extra\mods\Cobblepedia-Fabric-0.7.1.jar,assets/cobblepedia/patchouli_books/cobblepedia/en_us/entries/damp_rock.json,False,False,"{ ""name"": ""item.cobblemon.damp_rock"", ""category"": ""cobblepedia:items"", ""read_by_default"": true, ""icon"": ""cobblemon:damp_rock"", ""pages"": [ { ""type"": ""patchouli:spotlight"", ""item"": ""cobblemon:damp_rock"", ""text"": ""book.cobblepedia.entries.damp_rock.text"" }, { ""ty"
cobblepedia,cobblemon-extra\mods\Cobblepedia-Fabric-0.7.1.jar,assets/cobblepedia/patchouli_books/cobblepedia/en_us/entries/dark_gem.json,False,False,"{ ""name"": ""item.cobblemon.dark_gem"", ""category"": ""cobblepedia:items"", ""read_by_default"": true, ""icon"": ""cobblemon:dark_gem"", ""pages"": [ { ""type"": ""patchouli:spotlight"", ""item"": ""cobblemon:dark_gem"", ""link_recipe"": true, ""text"": ""book.cobblepedia.entries.dark_g"
cobblepedia,cobblemon-extra\mods\Cobblepedia-Fabric-0.7.1.jar,assets/cobblepedia/patchouli_books/cobblepedia/en_us/entries/dawn_stone.json,False,False,"{ ""name"": ""item.cobblemon.dawn_stone"", ""category"": ""cobblepedia:items"", ""read_by_default"": true, ""icon"": ""cobblemon:dawn_stone"", ""pages"": [ { ""type"": ""patchouli:spotlight"", ""item"": ""cobblemon:dawn_stone"", ""title"": ""item.cobblemon.dawn_stone"", ""text"": ""book.cob"
cobblepedia,cobblemon-extra\mods\Cobblepedia-Fabric-0.7.1.jar,assets/cobblepedia/patchouli_books/cobblepedia/en_us/entries/dawn_stone_block.json,False,False,"{ ""name"": ""block.cobblemon.dawn_stone_block"", ""category"": ""cobblepedia:items"", ""read_by_default"": true, ""icon"": ""cobblemon:dawn_stone_block"", ""pages"": [ { ""type"": ""patchouli:spotlight"", ""item"": ""cobblemon:dawn_stone_block"", ""text"": ""book.cobblepedia.entries.da"
cobblepedia,cobblemon-extra\mods\Cobblepedia-Fabric-0.7.1.jar,assets/cobblepedia/patchouli_books/cobblepedia/en_us/entries/dawn_stone_ore.json,False,False,"{ ""name"": ""block.cobblemon.dawn_stone_ore"", ""category"": ""cobblepedia:items"", ""read_by_default"": true, ""icon"": ""cobblemon:dawn_stone_ore"", ""pages"": [ { ""type"": ""patchouli:spotlight"", ""item"": ""cobblemon:dawn_stone_ore"", ""link_recipe"": true, ""title"": ""block.cobbl"
cobblepedia,cobblemon-extra\mods\Cobblepedia-Fabric-0.7.1.jar,assets/cobblepedia/patchouli_books/cobblepedia/en_us/entries/decaying_crypt_ruins.json,False,False,"{ ""name"": ""book.cobblepedia.entries.decaying_crypt_ruins.name"", ""category"": ""cobblepedia:structures"", ""read_by_default"": true, ""icon"": ""minecraft:stone_bricks"", ""pages"": [ { ""type"": ""patchouli:text"", ""text"": ""book.cobblepedia.entries.decaying_crypt_ruins.text"""
cobblepedia,cobblemon-extra\mods\Cobblepedia-Fabric-0.7.1.jar,assets/cobblepedia/patchouli_books/cobblepedia/en_us/entries/decorative_blocks.json,False,False,"{ ""name"": ""book.cobblepedia.entries.decorative_blocks.name"", ""category"": ""cobblepedia:getting_started"", ""icon"": ""cobblemon:relic_coin_sack"", ""pages"": [ { ""type"": ""patchouli:text"", ""text"": ""book.cobblepedia.entries.decorative_blocks.text"" }, { ""type"": ""patchoul"
cobblepedia,cobblemon-extra\mods\Cobblepedia-Fabric-0.7.1.jar,assets/cobblepedia/patchouli_books/cobblepedia/en_us/entries/deep_sea_scale.json,False,False,"{ ""name"": ""item.cobblemon.deep_sea_scale"", ""category"": ""cobblepedia:items"", ""read_by_default"": true, ""icon"": ""cobblemon:deep_sea_scale"", ""pages"": [ { ""type"": ""patchouli:spotlight"", ""item"": ""cobblemon:deep_sea_scale"", ""link_recipe"": true, ""title"": ""item.cobblem"
cobblepedia,cobblemon-extra\mods\Cobblepedia-Fabric-0.7.1.jar,assets/cobblepedia/patchouli_books/cobblepedia/en_us/entries/deep_sea_tooth.json,False,False,"{ ""name"": ""item.cobblemon.deep_sea_tooth"", ""category"": ""cobblepedia:items"", ""read_by_default"": true, ""icon"": ""cobblemon:deep_sea_tooth"", ""pages"": [ { ""type"": ""patchouli:spotlight"", ""item"": ""cobblemon:deep_sea_tooth"", ""link_recipe"": true, ""title"": ""item.cobblem"
cobblepedia,cobblemon-extra\mods\Cobblepedia-Fabric-0.7.1.jar,assets/cobblepedia/patchouli_books/cobblepedia/en_us/entries/deepslate_dawn_stone_ore.json,False,False,"{ ""name"": ""block.cobblemon.deepslate_dawn_stone_ore"", ""category"": ""cobblepedia:items"", ""read_by_default"": true, ""icon"": ""cobblemon:deepslate_dawn_stone_ore"", ""pages"": [ { ""type"": ""patchouli:spotlight"", ""item"": ""cobblemon:deepslate_dawn_stone_ore"", ""link_recipe"
cobblepedia,cobblemon-extra\mods\Cobblepedia-Fabric-0.7.1.jar,assets/cobblepedia/patchouli_books/cobblepedia/en_us/entries/deepslate_dusk_stone_ore.json,False,False,"{ ""name"": ""block.cobblemon.deepslate_dusk_stone_ore"", ""category"": ""cobblepedia:items"", ""read_by_default"": true, ""icon"": ""cobblemon:deepslate_dusk_stone_ore"", ""pages"": [ { ""type"": ""patchouli:spotlight"", ""item"": ""cobblemon:deepslate_dusk_stone_ore"", ""link_recipe"
cobblepedia,cobblemon-extra\mods\Cobblepedia-Fabric-0.7.1.jar,assets/cobblepedia/patchouli_books/cobblepedia/en_us/entries/deepslate_fire_stone_ore.json,False,False,"{ ""name"": ""block.cobblemon.deepslate_fire_stone_ore"", ""category"": ""cobblepedia:items"", ""read_by_default"": true, ""icon"": ""cobblemon:deepslate_fire_stone_ore"", ""pages"": [ { ""type"": ""patchouli:spotlight"", ""item"": ""cobblemon:deepslate_fire_stone_ore"", ""link_recipe"
cobblepedia,cobblemon-extra\mods\Cobblepedia-Fabric-0.7.1.jar,assets/cobblepedia/patchouli_books/cobblepedia/en_us/entries/deepslate_ice_stone_ore.json,False,False,"{ ""name"": ""block.cobblemon.deepslate_ice_stone_ore"", ""category"": ""cobblepedia:items"", ""read_by_default"": true, ""icon"": ""cobblemon:deepslate_ice_stone_ore"", ""pages"": [ { ""type"": ""patchouli:spotlight"", ""item"": ""cobblemon:deepslate_ice_stone_ore"", ""link_recipe"": "
cobblepedia,cobblemon-extra\mods\Cobblepedia-Fabric-0.7.1.jar,assets/cobblepedia/patchouli_books/cobblepedia/en_us/entries/deepslate_leaf_stone_ore.json,False,False,"{ ""name"": ""block.cobblemon.deepslate_leaf_stone_ore"", ""category"": ""cobblepedia:items"", ""read_by_default"": true, ""icon"": ""cobblemon:deepslate_leaf_stone_ore"", ""pages"": [ { ""type"": ""patchouli:spotlight"", ""item"": ""cobblemon:deepslate_leaf_stone_ore"", ""link_recipe"
cobblepedia,cobblemon-extra\mods\Cobblepedia-Fabric-0.7.1.jar,assets/cobblepedia/patchouli_books/cobblepedia/en_us/entries/deepslate_moon_stone_ore.json,False,False,"{ ""name"": ""block.cobblemon.deepslate_moon_stone_ore"", ""category"": ""cobblepedia:items"", ""read_by_default"": true, ""icon"": ""cobblemon:deepslate_moon_stone_ore"", ""pages"": [ { ""type"": ""patchouli:spotlight"", ""item"": ""cobblemon:deepslate_moon_stone_ore"", ""link_recipe"
cobblepedia,cobblemon-extra\mods\Cobblepedia-Fabric-0.7.1.jar,assets/cobblepedia/patchouli_books/cobblepedia/en_us/entries/deepslate_shiny_stone_ore.json,False,False,"{ ""name"": ""block.cobblemon.deepslate_shiny_stone_ore"", ""category"": ""cobblepedia:items"", ""read_by_default"": true, ""icon"": ""cobblemon:deepslate_shiny_stone_ore"", ""pages"": [ { ""type"": ""patchouli:spotlight"", ""item"": ""cobblemon:deepslate_shiny_stone_ore"", ""link_rec"
cobblepedia,cobblemon-extra\mods\Cobblepedia-Fabric-0.7.1.jar,assets/cobblepedia/patchouli_books/cobblepedia/en_us/entries/deepslate_sun_stone_ore.json,False,False,"{ ""name"": ""block.cobblemon.deepslate_sun_stone_ore"", ""category"": ""cobblepedia:items"", ""read_by_default"": true, ""icon"": ""cobblemon:deepslate_sun_stone_ore"", ""pages"": [ { ""type"": ""patchouli:spotlight"", ""item"": ""cobblemon:deepslate_sun_stone_ore"", ""link_recipe"": "
cobblepedia,cobblemon-extra\mods\Cobblepedia-Fabric-0.7.1.jar,assets/cobblepedia/patchouli_books/cobblepedia/en_us/entries/deepslate_thunder_stone_ore.json,False,False,"{ ""name"": ""block.cobblemon.deepslate_thunder_stone_ore"", ""category"": ""cobblepedia:items"", ""read_by_default"": true, ""icon"": ""cobblemon:deepslate_thunder_stone_ore"", ""pages"": [ { ""type"": ""patchouli:spotlight"", ""item"": ""cobblemon:deepslate_thunder_stone_ore"", ""li"
cobblepedia,cobblemon-extra\mods\Cobblepedia-Fabric-0.7.1.jar,assets/cobblepedia/patchouli_books/cobblepedia/en_us/entries/deepslate_water_stone_ore.json,False,False,"{ ""name"": ""block.cobblemon.deepslate_water_stone_ore"", ""category"": ""cobblepedia:items"", ""read_by_default"": true, ""icon"": ""cobblemon:deepslate_water_stone_ore"", ""pages"": [ { ""type"": ""patchouli:spotlight"", ""item"": ""cobblemon:deepslate_water_stone_ore"", ""link_rec"
cobblepedia,cobblemon-extra\mods\Cobblepedia-Fabric-0.7.1.jar,assets/cobblepedia/patchouli_books/cobblepedia/en_us/entries/deserted_house_ruins.json,False,False,"{ ""name"": ""book.cobblepedia.entries.deserted_house_ruins.name"", ""category"": ""cobblepedia:structures"", ""read_by_default"": true, ""icon"": ""minecraft:loom"", ""pages"": [ { ""type"": ""patchouli:text"", ""text"": ""book.cobblepedia.entries.deserted_house_ruins.text"" }, { ""t"
cobblepedia,cobblemon-extra\mods\Cobblepedia-Fabric-0.7.1.jar,assets/cobblepedia/patchouli_books/cobblepedia/en_us/entries/deserted_tower_ruins.json,False,False,"{ ""name"": ""book.cobblepedia.entries.deserted_tower_ruins.name"", ""category"": ""cobblepedia:structures"", ""read_by_default"": true, ""icon"": ""minecraft:bookshelf"", ""pages"": [ { ""type"": ""patchouli:text"", ""text"": ""book.cobblepedia.entries.deserted_tower_ruins.text"" },"
cobblepedia,cobblemon-extra\mods\Cobblepedia-Fabric-0.7.1.jar,assets/cobblepedia/patchouli_books/cobblepedia/en_us/entries/deserted_town_center_ruins.json,False,False,"{ ""name"": ""book.cobblepedia.entries.deserted_town_center_ruins.name"", ""category"": ""cobblepedia:structures"", ""read_by_default"": true, ""icon"": ""minecraft:chest"", ""pages"": [ { ""type"": ""patchouli:text"", ""text"": ""book.cobblepedia.entries.deserted_town_center_ruins."
cobblepedia,cobblemon-extra\mods\Cobblepedia-Fabric-0.7.1.jar,assets/cobblepedia/patchouli_books/cobblepedia/en_us/entries/destiny_knot.json,False,False,"{ ""name"": ""item.cobblemon.destiny_knot"", ""category"": ""cobblepedia:items"", ""read_by_default"": true, ""icon"": ""cobblemon:destiny_knot"", ""pages"": [ { ""type"": ""patchouli:spotlight"", ""item"": ""cobblemon:destiny_knot"", ""text"": ""book.cobblepedia.entries.destiny_knot.te"
cobblepedia,cobblemon-extra\mods\Cobblepedia-Fabric-0.7.1.jar,assets/cobblepedia/patchouli_books/cobblepedia/en_us/entries/dire_hit.json,False,False,"{ ""name"": ""item.cobblemon.dire_hit"", ""category"": ""cobblepedia:items"", ""read_by_default"": true, ""icon"": ""cobblemon:dire_hit"", ""pages"": [ { ""type"": ""patchouli:spotlight"", ""item"": ""cobblemon:dire_hit"", ""text"": ""book.cobblepedia.entries.dire_hit.text"" }, { ""type"":"
cobblepedia,cobblemon-extra\mods\Cobblepedia-Fabric-0.7.1.jar,assets/cobblepedia/patchouli_books/cobblepedia/en_us/entries/display_case.json,False,False,"{ ""name"": ""block.cobblemon.display_case"", ""category"": ""cobblepedia:items"", ""read_by_default"": true, ""icon"": ""cobblemon:display_case"", ""pages"": [ { ""type"": ""patchouli:spotlight"", ""item"": ""cobblemon:display_case"", ""title"": ""block.cobblemon.display_case"", ""text"":"
cobblepedia,cobblemon-extra\mods\Cobblepedia-Fabric-0.7.1.jar,assets/cobblepedia/patchouli_books/cobblepedia/en_us/entries/dive_ball.json,False,False,"{ ""name"": ""item.cobblemon.dive_ball"", ""category"": ""cobblepedia:items"", ""read_by_default"": true, ""icon"": ""cobblemon:dive_ball"", ""pages"": [ { ""type"": ""patchouli:spotlight"", ""item"": ""cobblemon:dive_ball"", ""text"": ""book.cobblepedia.entries.dive_ball.text"" }, { ""ty"
cobblepedia,cobblemon-extra\mods\Cobblepedia-Fabric-0.7.1.jar,assets/cobblepedia/patchouli_books/cobblepedia/en_us/entries/dive_rod.json,False,False,"{ ""name"": ""book.cobblepedia.entries.dive_rod.name"", ""category"": ""cobblepedia:items"", ""read_by_default"": true, ""icon"": ""cobblemon:dive_rod"", ""pages"": [ { ""type"": ""patchouli:spotlight"", ""item"": ""cobblemon:dive_rod"", ""text"": ""book.cobblepedia.entries.dive_rod.tex"
cobblepedia,cobblemon-extra\mods\Cobblepedia-Fabric-0.7.1.jar,assets/cobblepedia/patchouli_books/cobblepedia/en_us/entries/dome_fossil.json,False,False,"{ ""name"": ""item.cobblemon.dome_fossil"", ""category"": ""cobblepedia:items"", ""read_by_default"": true, ""icon"": ""cobblemon:dome_fossil"", ""pages"": [ { ""type"": ""patchouli:spotlight"", ""title"": ""item.cobblemon.dome_fossil"", ""item"": ""cobblemon:dome_fossil"", ""link_recipe"""
cobblepedia,cobblemon-extra\mods\Cobblepedia-Fabric-0.7.1.jar,assets/cobblepedia/patchouli_books/cobblepedia/en_us/entries/dome_sherd.json,False,False,"{ ""name"": ""item.cobblemon.dome_sherd"", ""category"": ""cobblepedia:items"", ""read_by_default"": true, ""icon"": ""cobblemon:dome_sherd"", ""pages"": [ { ""type"": ""patchouli:spotlight"", ""item"": ""cobblemon:dome_sherd"", ""link_recipe"": true, ""text"": ""book.cobblepedia.entries."
cobblepedia,cobblemon-extra\mods\Cobblepedia-Fabric-0.7.1.jar,assets/cobblepedia/patchouli_books/cobblepedia/en_us/entries/dragon_fang.json,False,False,"{ ""name"": ""item.cobblemon.dragon_fang"", ""category"": ""cobblepedia:items"", ""read_by_default"": true, ""icon"": ""cobblemon:dragon_fang"", ""pages"": [ { ""type"": ""patchouli:spotlight"", ""item"": ""cobblemon:dragon_fang"", ""text"": ""book.cobblepedia.entries.dragon_fang.text"" "
cobblepedia,cobblemon-extra\mods\Cobblepedia-Fabric-0.7.1.jar,assets/cobblepedia/patchouli_books/cobblepedia/en_us/entries/dragon_gem.json,False,False,"{ ""name"": ""item.cobblemon.dragon_gem"", ""category"": ""cobblepedia:items"", ""read_by_default"": true, ""icon"": ""cobblemon:dragon_gem"", ""pages"": [ { ""type"": ""patchouli:spotlight"", ""item"": ""cobblemon:dragon_gem"", ""link_recipe"": true, ""text"": ""book.cobblepedia.entries."
cobblepedia,cobblemon-extra\mods\Cobblepedia-Fabric-0.7.1.jar,assets/cobblepedia/patchouli_books/cobblepedia/en_us/entries/dragon_scale.json,False,False,"{ ""name"": ""item.cobblemon.dragon_scale"", ""category"": ""cobblepedia:items"", ""read_by_default"": true, ""icon"": ""cobblemon:dragon_scale"", ""pages"": [ { ""type"": ""patchouli:spotlight"", ""item"": ""cobblemon:dragon_scale"", ""link_recipe"": true, ""title"": ""item.cobblemon.dra"
cobblepedia,cobblemon-extra\mods\Cobblepedia-Fabric-0.7.1.jar,assets/cobblepedia/patchouli_books/cobblepedia/en_us/entries/dream_ball.json,False,False,"{ ""name"": ""item.cobblemon.dream_ball"", ""category"": ""cobblepedia:items"", ""read_by_default"": true, ""icon"": ""cobblemon:dream_ball"", ""pages"": [ { ""type"": ""patchouli:spotlight"", ""item"": ""cobblemon:dream_ball"", ""text"": ""book.cobblepedia.entries.dream_ball.text"" }, {"
cobblepedia,cobblemon-extra\mods\Cobblepedia-Fabric-0.7.1.jar,assets/cobblepedia/patchouli_books/cobblepedia/en_us/entries/dream_rod.json,False,False,"{ ""name"": ""book.cobblepedia.entries.dream_rod.name"", ""category"": ""cobblepedia:items"", ""read_by_default"": true, ""icon"": ""cobblemon:dream_rod"", ""pages"": [ { ""type"": ""patchouli:spotlight"", ""item"": ""cobblemon:dream_rod"", ""text"": ""book.cobblepedia.entries.dream_rod"
cobblepedia,cobblemon-extra\mods\Cobblepedia-Fabric-0.7.1.jar,assets/cobblepedia/patchouli_books/cobblepedia/en_us/entries/dripstone_moon_stone_ore.json,False,False,"{ ""name"": ""block.cobblemon.dripstone_moon_stone_ore"", ""category"": ""cobblepedia:items"", ""read_by_default"": true, ""icon"": ""cobblemon:dripstone_moon_stone_ore"", ""pages"": [ { ""type"": ""patchouli:spotlight"", ""item"": ""cobblemon:dripstone_moon_stone_ore"", ""link_recipe"
cobblepedia,cobblemon-extra\mods\Cobblepedia-Fabric-0.7.1.jar,assets/cobblepedia/patchouli_books/cobblepedia/en_us/entries/dubious_disc.json,False,False,"{ ""name"": ""item.cobblemon.dubious_disc"", ""category"": ""cobblepedia:items"", ""read_by_default"": true, ""icon"": ""cobblemon:dubious_disc"", ""pages"": [ { ""type"": ""patchouli:spotlight"", ""item"": ""cobblemon:dubious_disc"", ""title"": ""item.cobblemon.dubious_disc"", ""text"": """
cobblepedia,cobblemon-extra\mods\Cobblepedia-Fabric-0.7.1.jar,assets/cobblepedia/patchouli_books/cobblepedia/en_us/entries/durin_berry.json,False,False,"{ ""name"": ""item.cobblemon.durin_berry"", ""category"": ""cobblepedia:items"", ""read_by_default"": true, ""icon"": ""cobblemon:durin_berry"", ""pages"": [ { ""type"": ""cobblepedia:mutated_berry"", ""item"": ""cobblemon:durin_berry"" }, { ""type"": ""patchouli:text"", ""title"": ""book.c"
cobblepedia,cobblemon-extra\mods\Cobblepedia-Fabric-0.7.1.jar,assets/cobblepedia/patchouli_books/cobblepedia/en_us/entries/dusk_ball.json,False,False,"{ ""name"": ""item.cobblemon.dusk_ball"", ""category"": ""cobblepedia:items"", ""read_by_default"": true, ""icon"": ""cobblemon:dusk_ball"", ""pages"": [ { ""type"": ""patchouli:spotlight"", ""item"": ""cobblemon:dusk_ball"", ""text"": ""book.cobblepedia.entries.dusk_ball.text"" }, { ""ty"
cobblepedia,cobblemon-extra\mods\Cobblepedia-Fabric-0.7.1.jar,assets/cobblepedia/patchouli_books/cobblepedia/en_us/entries/dusk_rod.json,False,False,"{ ""name"": ""book.cobblepedia.entries.dusk_rod.name"", ""category"": ""cobblepedia:items"", ""read_by_default"": true, ""icon"": ""cobblemon:dusk_rod"", ""pages"": [ { ""type"": ""patchouli:spotlight"", ""item"": ""cobblemon:dusk_rod"", ""text"": ""book.cobblepedia.entries.dusk_rod.tex"
cobblepedia,cobblemon-extra\mods\Cobblepedia-Fabric-0.7.1.jar,assets/cobblepedia/patchouli_books/cobblepedia/en_us/entries/dusk_stone.json,False,False,"{ ""name"": ""item.cobblemon.dusk_stone"", ""category"": ""cobblepedia:items"", ""read_by_default"": true, ""icon"": ""cobblemon:dusk_stone"", ""pages"": [ { ""type"": ""patchouli:spotlight"", ""item"": ""cobblemon:dusk_stone"", ""title"": ""item.cobblemon.dusk_stone"", ""text"": ""book.cob"
cobblepedia,cobblemon-extra\mods\Cobblepedia-Fabric-0.7.1.jar,assets/cobblepedia/patchouli_books/cobblepedia/en_us/entries/dusk_stone_block.json,False,False,"{ ""name"": ""block.cobblemon.dusk_stone_block"", ""category"": ""cobblepedia:items"", ""read_by_default"": true, ""icon"": ""cobblemon:dusk_stone_block"", ""pages"": [ { ""type"": ""patchouli:spotlight"", ""item"": ""cobblemon:dusk_stone_block"", ""text"": ""book.cobblepedia.entries.du"
cobblepedia,cobblemon-extra\mods\Cobblepedia-Fabric-0.7.1.jar,assets/cobblepedia/patchouli_books/cobblepedia/en_us/entries/dusk_stone_ore.json,False,False,"{ ""name"": ""block.cobblemon.dusk_stone_ore"", ""category"": ""cobblepedia:items"", ""read_by_default"": true, ""icon"": ""cobblemon:dusk_stone_ore"", ""pages"": [ { ""type"": ""patchouli:spotlight"", ""item"": ""cobblemon:dusk_stone_ore"", ""link_recipe"": true, ""title"": ""block.cobbl"
cobblepedia,cobblemon-extra\mods\Cobblepedia-Fabric-0.7.1.jar,assets/cobblepedia/patchouli_books/cobblepedia/en_us/entries/eject_button.json,False,False,"{ ""name"": ""item.cobblemon.eject_button"", ""category"": ""cobblepedia:items"", ""read_by_default"": true, ""icon"": ""cobblemon:eject_button"", ""pages"": [ { ""type"": ""patchouli:spotlight"", ""item"": ""cobblemon:eject_button"", ""text"": ""book.cobblepedia.entries.eject_button.te"
cobblepedia,cobblemon-extra\mods\Cobblepedia-Fabric-0.7.1.jar,assets/cobblepedia/patchouli_books/cobblepedia/en_us/entries/eject_pack.json,False,False,"{ ""name"": ""item.cobblemon.eject_pack"", ""category"": ""cobblepedia:items"", ""read_by_default"": true, ""icon"": ""cobblemon:eject_pack"", ""pages"": [ { ""type"": ""patchouli:spotlight"", ""item"": ""cobblemon:eject_pack"", ""link_recipe"": true, ""text"": ""book.cobblepedia.entries."
cobblepedia,cobblemon-extra\mods\Cobblepedia-Fabric-0.7.1.jar,assets/cobblepedia/patchouli_books/cobblepedia/en_us/entries/electirizer.json,False,False,"{ ""name"": ""item.cobblemon.electirizer"", ""category"": ""cobblepedia:items"", ""read_by_default"": true, ""icon"": ""cobblemon:electirizer"", ""pages"": [ { ""type"": ""patchouli:spotlight"", ""item"": ""cobblemon:electirizer"", ""title"": ""item.cobblemon.electirizer"", ""text"": ""book"
cobblepedia,cobblemon-extra\mods\Cobblepedia-Fabric-0.7.1.jar,assets/cobblepedia/patchouli_books/cobblepedia/en_us/entries/electric_gem.json,False,False,"{ ""name"": ""item.cobblemon.electric_gem"", ""category"": ""cobblepedia:items"", ""read_by_default"": true, ""icon"": ""cobblemon:electric_gem"", ""pages"": [ { ""type"": ""patchouli:spotlight"", ""item"": ""cobblemon:electric_gem"", ""link_recipe"": true, ""text"": ""book.cobblepedia.en"
cobblepedia,cobblemon-extra\mods\Cobblepedia-Fabric-0.7.1.jar,assets/cobblepedia/patchouli_books/cobblepedia/en_us/entries/elixir.json,False,False,"{ ""name"": ""item.cobblemon.elixir"", ""category"": ""cobblepedia:items"", ""read_by_default"": true, ""icon"": ""cobblemon:elixir"", ""pages"": [ { ""type"": ""patchouli:spotlight"", ""item"": ""cobblemon:elixir"", ""text"": ""book.cobblepedia.entries.elixir.text"" }, { ""type"": ""cobble"
cobblepedia,cobblemon-extra\mods\Cobblepedia-Fabric-0.7.1.jar,assets/cobblepedia/patchouli_books/cobblepedia/en_us/entries/energy_root.json,False,False,"{ ""name"": ""item.cobblemon.energy_root"", ""category"": ""cobblepedia:items"", ""read_by_default"": true, ""icon"": ""cobblemon:energy_root"", ""pages"": [ { ""type"": ""patchouli:spotlight"", ""item"": ""cobblemon:energy_root"", ""link_recipe"": true, ""text"": ""book.cobblepedia.entri"
cobblepedia,cobblemon-extra\mods\Cobblepedia-Fabric-0.7.1.jar,assets/cobblepedia/patchouli_books/cobblepedia/en_us/entries/enigma_berry.json,False,False,"{ ""name"": ""item.cobblemon.enigma_berry"", ""category"": ""cobblepedia:items"", ""read_by_default"": true, ""icon"": ""cobblemon:enigma_berry"", ""pages"": [ { ""type"": ""cobblepedia:mutated_berry"", ""item"": ""cobblemon:enigma_berry"" }, { ""type"": ""patchouli:text"", ""title"": ""boo"
cobblepedia,cobblemon-extra\mods\Cobblepedia-Fabric-0.7.1.jar,assets/cobblepedia/patchouli_books/cobblepedia/en_us/entries/ether.json,False,False,"{ ""name"": ""item.cobblemon.ether"", ""category"": ""cobblepedia:items"", ""read_by_default"": true, ""icon"": ""cobblemon:ether"", ""pages"": [ { ""type"": ""patchouli:spotlight"", ""item"": ""cobblemon:ether"", ""text"": ""book.cobblepedia.entries.ether.text"" }, { ""type"": ""cobblepedi"
cobblepedia,cobblemon-extra\mods\Cobblepedia-Fabric-0.7.1.jar,assets/cobblepedia/patchouli_books/cobblepedia/en_us/entries/everstone.json,False,False,"{ ""name"": ""item.cobblemon.everstone"", ""category"": ""cobblepedia:items"", ""read_by_default"": true, ""icon"": ""cobblemon:everstone"", ""pages"": [ { ""type"": ""patchouli:spotlight"", ""item"": ""cobblemon:everstone"", ""link_recipe"": true, ""text"": ""book.cobblepedia.entries.eve"
cobblepedia,cobblemon-extra\mods\Cobblepedia-Fabric-0.7.1.jar,assets/cobblepedia/patchouli_books/cobblepedia/en_us/entries/eviolite.json,False,False,"{ ""name"": ""item.cobblemon.eviolite"", ""category"": ""cobblepedia:items"", ""read_by_default"": true, ""icon"": ""cobblemon:eviolite"", ""pages"": [ { ""type"": ""patchouli:spotlight"", ""item"": ""cobblemon:eviolite"", ""text"": ""book.cobblepedia.entries.eviolite.text"" }, { ""type"":"
cobblepedia,cobblemon-extra\mods\Cobblepedia-Fabric-0.7.1.jar,assets/cobblepedia/patchouli_books/cobblepedia/en_us/entries/evolution.json,False,False,"{ ""name"": ""book.cobblepedia.entries.evolution"", ""category"": ""cobblepedia:pokemon"", ""icon"": ""cobblemon:thunder_stone"", ""pages"": [ { ""type"": ""patchouli:text"", ""text"": ""book.cobblepedia.entries.evolution.text"" }, { ""type"": ""patchouli:image"", ""border"": true, ""titl"
cobblepedia,cobblemon-extra\mods\Cobblepedia-Fabric-0.7.1.jar,assets/cobblepedia/patchouli_books/cobblepedia/en_us/entries/evolution_stone.json,False,False,"{ ""name"": ""book.cobblepedia.entries.evolution_stone"", ""category"": ""cobblepedia:evolution_items"", ""icon"": ""cobblemon:fire_stone"", ""pages"": [ { ""type"": ""patchouli:spotlight"", ""title"": ""book.cobblepedia.entries.evolution_stone"", ""item"": ""tag:cobblemon:evolution_s"
cobblepedia,cobblemon-extra\mods\Cobblepedia-Fabric-0.7.1.jar,assets/cobblepedia/patchouli_books/cobblepedia/en_us/entries/evolution_stone_block.json,False,False,"{ ""name"": ""book.cobblepedia.entries.evolution_stone_block.name"", ""category"": ""cobblepedia:items"", ""icon"": ""cobblemon:dawn_stone_block"", ""pages"": [ { ""type"": ""patchouli:spotlight"", ""title"": ""book.cobblepedia.entries.evolution_stone_block.name"", ""item"": ""tag:cob"
cobblepedia,cobblemon-extra\mods\Cobblepedia-Fabric-0.7.1.jar,assets/cobblepedia/patchouli_books/cobblepedia/en_us/entries/evolution_stone_mining.json,False,False,"{ ""name"": ""book.cobblepedia.entries.evolution_stone_mining"", ""category"": ""cobblepedia:getting_started"", ""icon"": ""cobblemon:dawn_stone"", ""sortnum"": 3, ""pages"": [ { ""type"": ""patchouli:text"", ""text"": ""book.cobblepedia.entries.evolution_stone_mining.text"" }, { ""ty"
cobblepedia,cobblemon-extra\mods\Cobblepedia-Fabric-0.7.1.jar,assets/cobblepedia/patchouli_books/cobblepedia/en_us/entries/evolution_stone_ore.json,False,False,"{ ""name"": ""book.cobblepedia.entries.evolution_stone_ore"", ""category"": ""cobblepedia:getting_started"", ""icon"": ""cobblemon:fire_stone_ore"", ""pages"": [ { ""type"": ""patchouli:text"", ""text"": ""book.cobblepedia.entries.evolution_stone_ore.text"" }, { ""type"": ""patchouli:"
cobblepedia,cobblemon-extra\mods\Cobblepedia-Fabric-0.7.1.jar,assets/cobblepedia/patchouli_books/cobblepedia/en_us/entries/exp_candy_l.json,False,False,"{ ""name"": ""item.cobblemon.exp_candy_l"", ""category"": ""cobblepedia:items"", ""read_by_default"": true, ""icon"": ""cobblemon:exp_candy_l"", ""pages"": [ { ""type"": ""patchouli:spotlight"", ""item"": ""cobblemon:exp_candy_l"", ""link_recipe"": true, ""text"": ""book.cobblepedia.entri"
cobblepedia,cobblemon-extra\mods\Cobblepedia-Fabric-0.7.1.jar,assets/cobblepedia/patchouli_books/cobblepedia/en_us/entries/exp_candy_m.json,False,False,"{ ""name"": ""item.cobblemon.exp_candy_m"", ""category"": ""cobblepedia:items"", ""read_by_default"": true, ""icon"": ""cobblemon:exp_candy_m"", ""pages"": [ { ""type"": ""patchouli:spotlight"", ""item"": ""cobblemon:exp_candy_m"", ""link_recipe"": true, ""text"": ""book.cobblepedia.entri"
cobblepedia,cobblemon-extra\mods\Cobblepedia-Fabric-0.7.1.jar,assets/cobblepedia/patchouli_books/cobblepedia/en_us/entries/exp_candy_s.json,False,False,"{ ""name"": ""item.cobblemon.exp_candy_s"", ""category"": ""cobblepedia:items"", ""read_by_default"": true, ""icon"": ""cobblemon:exp_candy_s"", ""pages"": [ { ""type"": ""patchouli:spotlight"", ""item"": ""cobblemon:exp_candy_s"", ""link_recipe"": true, ""text"": ""book.cobblepedia.entri"
cobblepedia,cobblemon-extra\mods\Cobblepedia-Fabric-0.7.1.jar,assets/cobblepedia/patchouli_books/cobblepedia/en_us/entries/exp_candy_xl.json,False,False,"{ ""name"": ""item.cobblemon.exp_candy_xl"", ""category"": ""cobblepedia:items"", ""read_by_default"": true, ""icon"": ""cobblemon:exp_candy_xl"", ""pages"": [ { ""type"": ""patchouli:spotlight"", ""item"": ""cobblemon:exp_candy_xl"", ""link_recipe"": true, ""text"": ""book.cobblepedia.en"
cobblepedia,cobblemon-extra\mods\Cobblepedia-Fabric-0.7.1.jar,assets/cobblepedia/patchouli_books/cobblepedia/en_us/entries/exp_candy_xs.json,False,False,"{ ""name"": ""item.cobblemon.exp_candy_xs"", ""category"": ""cobblepedia:items"", ""read_by_default"": true, ""icon"": ""cobblemon:exp_candy_xs"", ""pages"": [ { ""type"": ""patchouli:spotlight"", ""item"": ""cobblemon:exp_candy_xs"", ""link_recipe"": true, ""text"": ""book.cobblepedia.en"
cobblepedia,cobblemon-extra\mods\Cobblepedia-Fabric-0.7.1.jar,assets/cobblepedia/patchouli_books/cobblepedia/en_us/entries/exp_share.json,False,False,"{ ""name"": ""item.cobblemon.exp_share"", ""category"": ""cobblepedia:items"", ""read_by_default"": true, ""icon"": ""cobblemon:exp_share"", ""pages"": [ { ""type"": ""patchouli:spotlight"", ""item"": ""cobblemon:exp_share"", ""text"": ""book.cobblepedia.entries.exp_share.text"" }, { ""ty"
cobblepedia,cobblemon-extra\mods\Cobblepedia-Fabric-0.7.1.jar,assets/cobblepedia/patchouli_books/cobblepedia/en_us/entries/expert_belt.json,False,False,"{ ""name"": ""item.cobblemon.expert_belt"", ""category"": ""cobblepedia:items"", ""read_by_default"": true, ""icon"": ""cobblemon:expert_belt"", ""pages"": [ { ""type"": ""patchouli:spotlight"", ""item"": ""cobblemon:expert_belt"", ""text"": ""book.cobblepedia.entries.expert_belt.text"" "
cobblepedia,cobblemon-extra\mods\Cobblepedia-Fabric-0.7.1.jar,assets/cobblepedia/patchouli_books/cobblepedia/en_us/entries/fairy_feather.json,False,False,"{ ""name"": ""item.cobblemon.fairy_feather"", ""category"": ""cobblepedia:items"", ""read_by_default"": true, ""icon"": ""cobblemon:fairy_feather"", ""pages"": [ { ""type"": ""patchouli:spotlight"", ""item"": ""cobblemon:fairy_feather"", ""link_recipe"": true, ""text"": ""book.cobblepedia"
cobblepedia,cobblemon-extra\mods\Cobblepedia-Fabric-0.7.1.jar,assets/cobblepedia/patchouli_books/cobblepedia/en_us/entries/fairy_gem.json,False,False,"{ ""name"": ""item.cobblemon.fairy_gem"", ""category"": ""cobblepedia:items"", ""read_by_default"": true, ""icon"": ""cobblemon:fairy_gem"", ""pages"": [ { ""type"": ""patchouli:spotlight"", ""item"": ""cobblemon:fairy_gem"", ""link_recipe"": true, ""text"": ""book.cobblepedia.entries.fai"
cobblepedia,cobblemon-extra\mods\Cobblepedia-Fabric-0.7.1.jar,assets/cobblepedia/patchouli_books/cobblepedia/en_us/entries/fallen_statue_ruins.json,False,False,"{ ""name"": ""book.cobblepedia.entries.fallen_statue_ruins.name"", ""category"": ""cobblepedia:structures"", ""read_by_default"": true, ""icon"": ""minecraft:smooth_stone"", ""pages"": [ { ""type"": ""patchouli:text"", ""text"": ""book.cobblepedia.entries.fallen_statue_ruins.text"" }"
cobblepedia,cobblemon-extra\mods\Cobblepedia-Fabric-0.7.1.jar,assets/cobblepedia/patchouli_books/cobblepedia/en_us/entries/fast_ball.json,False,False,"{ ""name"": ""item.cobblemon.fast_ball"", ""category"": ""cobblepedia:items"", ""read_by_default"": true, ""icon"": ""cobblemon:fast_ball"", ""pages"": [ { ""type"": ""patchouli:spotlight"", ""item"": ""cobblemon:fast_ball"", ""text"": ""book.cobblepedia.entries.fast_ball.text"" }, { ""ty"
cobblepedia,cobblemon-extra\mods\Cobblepedia-Fabric-0.7.1.jar,assets/cobblepedia/patchouli_books/cobblepedia/en_us/entries/fast_rod.json,False,False,"{ ""name"": ""book.cobblepedia.entries.fast_rod.name"", ""category"": ""cobblepedia:items"", ""read_by_default"": true, ""icon"": ""cobblemon:fast_rod"", ""pages"": [ { ""type"": ""patchouli:spotlight"", ""item"": ""cobblemon:fast_rod"", ""text"": ""book.cobblepedia.entries.fast_rod.tex"
cobblepedia,cobblemon-extra\mods\Cobblepedia-Fabric-0.7.1.jar,assets/cobblepedia/patchouli_books/cobblepedia/en_us/entries/feather.json,False,False,"{ ""name"": ""book.cobblepedia.entries.feather.name"", ""category"": ""cobblepedia:consumables"", ""icon"": ""cobblemon:health_feather"", ""pages"": [ { ""type"": ""patchouli:spotlight"", ""item"": ""tag:cobblemon:feathers"", ""text"": ""book.cobblepedia.entries.feather.text"" }, { ""ty"
cobblepedia,cobblemon-extra\mods\Cobblepedia-Fabric-0.7.1.jar,assets/cobblepedia/patchouli_books/cobblepedia/en_us/entries/fighting_gem.json,False,False,"{ ""name"": ""item.cobblemon.fighting_gem"", ""category"": ""cobblepedia:items"", ""read_by_default"": true, ""icon"": ""cobblemon:fighting_gem"", ""pages"": [ { ""type"": ""patchouli:spotlight"", ""item"": ""cobblemon:fighting_gem"", ""link_recipe"": true, ""text"": ""book.cobblepedia.en"
cobblepedia,cobblemon-extra\mods\Cobblepedia-Fabric-0.7.1.jar,assets/cobblepedia/patchouli_books/cobblepedia/en_us/entries/figy_berry.json,False,False,"{ ""name"": ""item.cobblemon.figy_berry"", ""category"": ""cobblepedia:items"", ""read_by_default"": true, ""icon"": ""cobblemon:figy_berry"", ""pages"": [ { ""type"": ""cobblepedia:mutated_berry"", ""item"": ""cobblemon:figy_berry"" }, { ""type"": ""patchouli:text"", ""title"": ""book.cobb"
cobblepedia,cobblemon-extra\mods\Cobblepedia-Fabric-0.7.1.jar,assets/cobblepedia/patchouli_books/cobblepedia/en_us/entries/fine_remedy.json,False,False,"{ ""name"": ""item.cobblemon.fine_remedy"", ""category"": ""cobblepedia:items"", ""read_by_default"": true, ""icon"": ""cobblemon:fine_remedy"", ""pages"": [ { ""type"": ""patchouli:spotlight"", ""item"": ""cobblemon:fine_remedy"", ""text"": ""book.cobblepedia.entries.fine_remedy.text"" "
cobblepedia,cobblemon-extra\mods\Cobblepedia-Fabric-0.7.1.jar,assets/cobblepedia/patchouli_books/cobblepedia/en_us/entries/fire_gem.json,False,False,"{ ""name"": ""item.cobblemon.fire_gem"", ""category"": ""cobblepedia:items"", ""read_by_default"": true, ""icon"": ""cobblemon:fire_gem"", ""pages"": [ { ""type"": ""patchouli:spotlight"", ""item"": ""cobblemon:fire_gem"", ""link_recipe"": true, ""text"": ""book.cobblepedia.entries.fire_g"
cobblepedia,cobblemon-extra\mods\Cobblepedia-Fabric-0.7.1.jar,assets/cobblepedia/patchouli_books/cobblepedia/en_us/entries/fire_stone.json,False,False,"{ ""name"": ""item.cobblemon.fire_stone"", ""category"": ""cobblepedia:items"", ""read_by_default"": true, ""icon"": ""cobblemon:fire_stone"", ""pages"": [ { ""type"": ""patchouli:spotlight"", ""item"": ""cobblemon:fire_stone"", ""title"": ""item.cobblemon.fire_stone"", ""text"": ""book.cob"
cobblepedia,cobblemon-extra\mods\Cobblepedia-Fabric-0.7.1.jar,assets/cobblepedia/patchouli_books/cobblepedia/en_us/entries/fire_stone_block.json,False,False,"{ ""name"": ""block.cobblemon.fire_stone_block"", ""category"": ""cobblepedia:items"", ""read_by_default"": true, ""icon"": ""cobblemon:fire_stone_block"", ""pages"": [ { ""type"": ""patchouli:spotlight"", ""item"": ""cobblemon:fire_stone_block"", ""text"": ""book.cobblepedia.entries.fi"
cobblepedia,cobblemon-extra\mods\Cobblepedia-Fabric-0.7.1.jar,assets/cobblepedia/patchouli_books/cobblepedia/en_us/entries/fire_stone_ore.json,False,False,"{ ""name"": ""block.cobblemon.fire_stone_ore"", ""category"": ""cobblepedia:items"", ""read_by_default"": true, ""icon"": ""cobblemon:fire_stone_ore"", ""pages"": [ { ""type"": ""patchouli:spotlight"", ""item"": ""cobblemon:fire_stone_ore"", ""link_recipe"": true, ""title"": ""block.cobbl"
cobblepedia,cobblemon-extra\mods\Cobblepedia-Fabric-0.7.1.jar,assets/cobblepedia/patchouli_books/cobblepedia/en_us/entries/flame_orb.json,False,False,"{ ""name"": ""item.cobblemon.flame_orb"", ""category"": ""cobblepedia:items"", ""read_by_default"": true, ""icon"": ""cobblemon:flame_orb"", ""pages"": [ { ""type"": ""patchouli:spotlight"", ""item"": ""cobblemon:flame_orb"", ""text"": ""book.cobblepedia.entries.flame_orb.text"" }, { ""ty"
cobblepedia,cobblemon-extra\mods\Cobblepedia-Fabric-0.7.1.jar,assets/cobblepedia/patchouli_books/cobblepedia/en_us/entries/float_stone.json,False,False,"{ ""name"": ""item.cobblemon.float_stone"", ""category"": ""cobblepedia:items"", ""read_by_default"": true, ""icon"": ""cobblemon:float_stone"", ""pages"": [ { ""type"": ""patchouli:spotlight"", ""item"": ""cobblemon:float_stone"", ""link_recipe"": true, ""text"": ""book.cobblepedia.entri"
cobblepedia,cobblemon-extra\mods\Cobblepedia-Fabric-0.7.1.jar,assets/cobblepedia/patchouli_books/cobblepedia/en_us/entries/flower_sweet.json,False,False,"{ ""name"": ""item.cobblemon.flower_sweet"", ""category"": ""cobblepedia:items"", ""read_by_default"": true, ""icon"": ""cobblemon:flower_sweet"", ""pages"": [ { ""type"": ""patchouli:spotlight"", ""item"": ""cobblemon:flower_sweet"", ""title"": ""item.cobblemon.flower_sweet"", ""text"": """
cobblepedia,cobblemon-extra\mods\Cobblepedia-Fabric-0.7.1.jar,assets/cobblepedia/patchouli_books/cobblepedia/en_us/entries/flying_gem.json,False,False,"{ ""name"": ""item.cobblemon.flying_gem"", ""category"": ""cobblepedia:items"", ""read_by_default"": true, ""icon"": ""cobblemon:flying_gem"", ""pages"": [ { ""type"": ""patchouli:spotlight"", ""item"": ""cobblemon:flying_gem"", ""link_recipe"": true, ""text"": ""book.cobblepedia.entries."
cobblepedia,cobblemon-extra\mods\Cobblepedia-Fabric-0.7.1.jar,assets/cobblepedia/patchouli_books/cobblepedia/en_us/entries/focus_band.json,False,False,"{ ""name"": ""item.cobblemon.focus_band"", ""category"": ""cobblepedia:items"", ""read_by_default"": true, ""icon"": ""cobblemon:focus_band"", ""pages"": [ { ""type"": ""patchouli:spotlight"", ""item"": ""cobblemon:focus_band"", ""text"": ""book.cobblepedia.entries.focus_band.text"" }, {"
cobblepedia,cobblemon-extra\mods\Cobblepedia-Fabric-0.7.1.jar,assets/cobblepedia/patchouli_books/cobblepedia/en_us/entries/focus_sash.json,False,False,"{ ""name"": ""item.cobblemon.focus_sash"", ""category"": ""cobblepedia:items"", ""read_by_default"": true, ""icon"": ""cobblemon:focus_sash"", ""pages"": [ { ""type"": ""patchouli:spotlight"", ""item"": ""cobblemon:focus_sash"", ""text"": ""book.cobblepedia.entries.focus_sash.text"" }, {"
cobblepedia,cobblemon-extra\mods\Cobblepedia-Fabric-0.7.1.jar,assets/cobblepedia/patchouli_books/cobblepedia/en_us/entries/food.json,False,False,"{ ""name"": ""book.cobblepedia.entries.food"", ""category"": ""cobblepedia:consumables"", ""icon"": ""cobblemon:leek_and_potato_stew"", ""pages"": [ { ""type"": ""patchouli:text"", ""text"": ""book.cobblepedia.entries.food.text"" }, { ""type"": ""patchouli:relations"", ""entries"": [ ""co"
cobblepedia,cobblemon-extra\mods\Cobblepedia-Fabric-0.7.1.jar,assets/cobblepedia/patchouli_books/cobblepedia/en_us/entries/fossil.json,False,False,"{ ""name"": ""book.cobblepedia.entries.fossil.name"", ""category"": ""cobblepedia:archaeology"", ""icon"": ""cobblemon:helix_fossil"", ""turnin"": ""cobblemon:obtain_fossil"", ""pages"": [ { ""type"": ""patchouli:spotlight"", ""title"": ""book.cobblepedia.entries.fossil.name"", ""item"":"
cobblepedia,cobblemon-extra\mods\Cobblepedia-Fabric-0.7.1.jar,assets/cobblepedia/patchouli_books/cobblepedia/en_us/entries/fossil_analyzer.json,False,False,"{ ""name"": ""block.cobblemon.fossil_analyzer"", ""category"": ""cobblepedia:items"", ""read_by_default"": true, ""icon"": ""cobblemon:fossil_analyzer"", ""pages"": [ { ""type"": ""patchouli:spotlight"", ""item"": ""cobblemon:fossil_analyzer"", ""title"": ""block.cobblemon.fossil_analyz"
cobblepedia,cobblemon-extra\mods\Cobblepedia-Fabric-0.7.1.jar,assets/cobblepedia/patchouli_books/cobblepedia/en_us/entries/fossil_structure.json,False,False,"{ ""name"": ""book.cobblepedia.entries.fossil_structure.name"", ""category"": ""cobblepedia:archaeology"", ""icon"": ""minecraft:suspicious_sand"", ""pages"": [ { ""type"": ""patchouli:text"", ""text"": ""book.cobblepedia.entries.fossil_structure.text"" }, { ""type"": ""patchouli:rela"
cobblepedia,cobblemon-extra\mods\Cobblepedia-Fabric-0.7.1.jar,assets/cobblepedia/patchouli_books/cobblepedia/en_us/entries/fossilized_bird.json,False,False,"{ ""name"": ""item.cobblemon.fossilized_bird"", ""category"": ""cobblepedia:items"", ""read_by_default"": true, ""icon"": ""cobblemon:fossilized_bird"", ""pages"": [ { ""type"": ""patchouli:spotlight"", ""title"": ""item.cobblemon.fossilized_bird"", ""item"": ""cobblemon:fossilized_bird"
cobblepedia,cobblemon-extra\mods\Cobblepedia-Fabric-0.7.1.jar,assets/cobblepedia/patchouli_books/cobblepedia/en_us/entries/fossilized_dino.json,False,False,"{ ""name"": ""item.cobblemon.fossilized_dino"", ""category"": ""cobblepedia:items"", ""read_by_default"": true, ""icon"": ""cobblemon:fossilized_dino"", ""pages"": [ { ""type"": ""patchouli:spotlight"", ""title"": ""item.cobblemon.fossilized_dino"", ""item"": ""cobblemon:fossilized_dino"
cobblepedia,cobblemon-extra\mods\Cobblepedia-Fabric-0.7.1.jar,assets/cobblepedia/patchouli_books/cobblepedia/en_us/entries/fossilized_drake.json,False,False,"{ ""name"": ""item.cobblemon.fossilized_drake"", ""category"": ""cobblepedia:items"", ""read_by_default"": true, ""icon"": ""cobblemon:fossilized_drake"", ""pages"": [ { ""type"": ""patchouli:spotlight"", ""title"": ""item.cobblemon.fossilized_drake"", ""item"": ""cobblemon:fossilized_d"
cobblepedia,cobblemon-extra\mods\Cobblepedia-Fabric-0.7.1.jar,assets/cobblepedia/patchouli_books/cobblepedia/en_us/entries/fossilized_fish.json,False,False,"{ ""name"": ""item.cobblemon.fossilized_fish"", ""category"": ""cobblepedia:items"", ""read_by_default"": true, ""icon"": ""cobblemon:fossilized_fish"", ""pages"": [ { ""type"": ""patchouli:spotlight"", ""title"": ""item.cobblemon.fossilized_fish"", ""item"": ""cobblemon:fossilized_fish"
cobblepedia,cobblemon-extra\mods\Cobblepedia-Fabric-0.7.1.jar,assets/cobblepedia/patchouli_books/cobblepedia/en_us/entries/friend_ball.json,False,False,"{ ""name"": ""item.cobblemon.friend_ball"", ""category"": ""cobblepedia:items"", ""read_by_default"": true, ""icon"": ""cobblemon:friend_ball"", ""pages"": [ { ""type"": ""patchouli:spotlight"", ""item"": ""cobblemon:friend_ball"", ""text"": ""book.cobblepedia.entries.friend_ball.text"" "
cobblepedia,cobblemon-extra\mods\Cobblepedia-Fabric-0.7.1.jar,assets/cobblepedia/patchouli_books/cobblepedia/en_us/entries/friend_rod.json,False,False,"{ ""name"": ""book.cobblepedia.entries.friend_rod.name"", ""category"": ""cobblepedia:items"", ""read_by_default"": true, ""icon"": ""cobblemon:friend_rod"", ""pages"": [ { ""type"": ""patchouli:spotlight"", ""item"": ""cobblemon:friend_rod"", ""text"": ""book.cobblepedia.entries.friend"
cobblepedia,cobblemon-extra\mods\Cobblepedia-Fabric-0.7.1.jar,assets/cobblepedia/patchouli_books/cobblepedia/en_us/entries/friendship_command.json,False,False,"{ ""name"": ""book.cobblepedia.entries.friendship_command"", ""category"": ""cobblepedia:commands"", ""read_by_default"": true, ""icon"": ""cobblemon:upgrade"", ""pages"": [ { ""type"": ""patchouli:text"", ""text"": ""book.cobblepedia.entries.friendship_command.text"" }, { ""type"": ""p"
cobblepedia,cobblemon-extra\mods\Cobblepedia-Fabric-0.7.1.jar,assets/cobblepedia/patchouli_books/cobblepedia/en_us/entries/full_heal.json,False,False,"{ ""name"": ""item.cobblemon.full_heal"", ""category"": ""cobblepedia:items"", ""read_by_default"": true, ""icon"": ""cobblemon:full_heal"", ""pages"": [ { ""type"": ""patchouli:spotlight"", ""item"": ""cobblemon:full_heal"", ""text"": ""book.cobblepedia.entries.full_heal.text"" }, { ""ty"
cobblepedia,cobblemon-extra\mods\Cobblepedia-Fabric-0.7.1.jar,assets/cobblepedia/patchouli_books/cobblepedia/en_us/entries/full_restore.json,False,False,"{ ""name"": ""item.cobblemon.full_restore"", ""category"": ""cobblepedia:items"", ""read_by_default"": true, ""icon"": ""cobblemon:full_restore"", ""pages"": [ { ""type"": ""patchouli:spotlight"", ""item"": ""cobblemon:full_restore"", ""text"": ""book.cobblepedia.entries.full_restore.te"
cobblepedia,cobblemon-extra\mods\Cobblepedia-Fabric-0.7.1.jar,assets/cobblepedia/patchouli_books/cobblepedia/en_us/entries/galarica_cuff.json,False,False,"{ ""name"": ""item.cobblemon.galarica_cuff"", ""category"": ""cobblepedia:items"", ""read_by_default"": true, ""icon"": ""cobblemon:galarica_cuff"", ""pages"": [ { ""type"": ""patchouli:spotlight"", ""item"": ""cobblemon:galarica_cuff"", ""link_recipe"": true, ""title"": ""item.cobblemon."
cobblepedia,cobblemon-extra\mods\Cobblepedia-Fabric-0.7.1.jar,assets/cobblepedia/patchouli_books/cobblepedia/en_us/entries/galarica_wreath.json,False,False,"{ ""name"": ""item.cobblemon.galarica_wreath"", ""category"": ""cobblepedia:items"", ""read_by_default"": true, ""icon"": ""cobblemon:galarica_wreath"", ""pages"": [ { ""type"": ""patchouli:spotlight"", ""item"": ""cobblemon:galarica_wreath"", ""link_recipe"": true, ""title"": ""item.cobb"
cobblepedia,cobblemon-extra\mods\Cobblepedia-Fabric-0.7.1.jar,assets/cobblepedia/patchouli_books/cobblepedia/en_us/entries/ganlon_berry.json,False,False,"{ ""name"": ""item.cobblemon.ganlon_berry"", ""category"": ""cobblepedia:items"", ""read_by_default"": true, ""icon"": ""cobblemon:ganlon_berry"", ""pages"": [ { ""type"": ""cobblepedia:mutated_berry"", ""item"": ""cobblemon:ganlon_berry"" }, { ""type"": ""patchouli:text"", ""title"": ""boo"
cobblepedia,cobblemon-extra\mods\Cobblepedia-Fabric-0.7.1.jar,assets/cobblepedia/patchouli_books/cobblepedia/en_us/entries/genius_feather.json,False,False,"{ ""name"": ""item.cobblemon.genius_feather"", ""category"": ""cobblepedia:items"", ""read_by_default"": true, ""icon"": ""cobblemon:genius_feather"", ""pages"": [ { ""type"": ""patchouli:spotlight"", ""item"": ""cobblemon:genius_feather"", ""link_recipe"": true, ""text"": ""book.cobblepe"
cobblepedia,cobblemon-extra\mods\Cobblepedia-Fabric-0.7.1.jar,assets/cobblepedia/patchouli_books/cobblepedia/en_us/entries/gentle_mint.json,False,False,"{ ""name"": ""item.cobblemon.gentle_mint"", ""category"": ""cobblepedia:items"", ""read_by_default"": true, ""icon"": ""cobblemon:gentle_mint"", ""pages"": [ { ""type"": ""patchouli:spotlight"", ""item"": ""cobblemon:gentle_mint"", ""text"": ""book.cobblepedia.entries.gentle_mint.text"" "
cobblepedia,cobblemon-extra\mods\Cobblepedia-Fabric-0.7.1.jar,assets/cobblepedia/patchouli_books/cobblepedia/en_us/entries/ghost_gem.json,False,False,"{ ""name"": ""item.cobblemon.ghost_gem"", ""category"": ""cobblepedia:items"", ""read_by_default"": true, ""icon"": ""cobblemon:ghost_gem"", ""pages"": [ { ""type"": ""patchouli:spotlight"", ""item"": ""cobblemon:ghost_gem"", ""link_recipe"": true, ""text"": ""book.cobblepedia.entries.gho"
cobblepedia,cobblemon-extra\mods\Cobblepedia-Fabric-0.7.1.jar,assets/cobblepedia/patchouli_books/cobblepedia/en_us/entries/gilded_chest.json,False,False,"{ ""name"": ""block.cobblemon.gilded_chest"", ""category"": ""cobblepedia:items"", ""read_by_default"": true, ""icon"": ""cobblemon:gilded_chest"", ""pages"": [ { ""type"": ""patchouli:spotlight"", ""item"": ""cobblemon:gilded_chest"", ""title"": ""block.cobblemon.gilded_chest"", ""text"":"
cobblepedia,cobblemon-extra\mods\Cobblepedia-Fabric-0.7.1.jar,assets/cobblepedia/patchouli_books/cobblepedia/en_us/entries/gimmighoul.json,False,False,"{ ""name"": ""book.cobblepedia.entries.gimmighoul.name"", ""category"": ""cobblepedia:archaeology"", ""icon"": ""cobblemon:pokemon_model[cobblemon:pokemon_item={species:\""cobblemon:gimmighoul\"", aspects:[]}]"", ""turnin"": ""cobblemon:evolve_gholdengo_netherite"", ""pages"": [ "
cobblepedia,cobblemon-extra\mods\Cobblepedia-Fabric-0.7.1.jar,assets/cobblepedia/patchouli_books/cobblepedia/en_us/entries/gimmighoul_chest.json,False,False,"{ ""name"": ""block.cobblemon.gimmighoul_chest"", ""category"": ""cobblepedia:items"", ""read_by_default"": true, ""icon"": ""cobblemon:gimmighoul_chest"", ""pages"": [ { ""type"": ""patchouli:spotlight"", ""item"": ""cobblemon:gimmighoul_chest"", ""link_recipe"": true, ""title"": ""block"
cobblepedia,cobblemon-extra\mods\Cobblepedia-Fabric-0.7.1.jar,assets/cobblepedia/patchouli_books/cobblepedia/en_us/entries/gimmighoul_towers.json,False,False,"{ ""name"": ""book.cobblepedia.entries.gimmighoul_towers.name"", ""category"": ""cobblepedia:structures"", ""read_by_default"": true, ""icon"": ""cobblemon:gimmighoul_chest"", ""pages"": [ { ""type"": ""patchouli:text"", ""text"": ""book.cobblepedia.entries.gimmighoul_towers.text"" }"
cobblepedia,cobblemon-extra\mods\Cobblepedia-Fabric-0.7.1.jar,assets/cobblepedia/patchouli_books/cobblepedia/en_us/entries/giveallpokemon_command.json,False,False,"{ ""name"": ""book.cobblepedia.entries.giveallpokemon_command"", ""category"": ""cobblepedia:commands"", ""read_by_default"": true, ""icon"": ""cobblemon:upgrade"", ""pages"": [ { ""type"": ""patchouli:text"", ""text"": ""book.cobblepedia.entries.giveallpokemon_command.text"" }, { ""t"
cobblepedia,cobblemon-extra\mods\Cobblepedia-Fabric-0.7.1.jar,assets/cobblepedia/patchouli_books/cobblepedia/en_us/entries/givepokemon_command.json,False,False,"{ ""name"": ""book.cobblepedia.entries.givepokemon_command"", ""category"": ""cobblepedia:commands"", ""read_by_default"": true, ""icon"": ""cobblemon:upgrade"", ""pages"": [ { ""type"": ""patchouli:text"", ""text"": ""book.cobblepedia.entries.givepokemon_command.text"" }, { ""type"": "
cobblepedia,cobblemon-extra\mods\Cobblepedia-Fabric-0.7.1.jar,assets/cobblepedia/patchouli_books/cobblepedia/en_us/entries/givepokemonother_command.json,False,False,"{ ""name"": ""book.cobblepedia.entries.givepokemonother_command"", ""category"": ""cobblepedia:commands"", ""read_by_default"": true, ""icon"": ""cobblemon:upgrade"", ""pages"": [ { ""type"": ""patchouli:text"", ""text"": ""book.cobblepedia.entries.givepokemonother_command.text"" }, "
cobblepedia,cobblemon-extra\mods\Cobblepedia-Fabric-0.7.1.jar,assets/cobblepedia/patchouli_books/cobblepedia/en_us/entries/grass_gem.json,False,False,"{ ""name"": ""item.cobblemon.grass_gem"", ""category"": ""cobblepedia:items"", ""read_by_default"": true, ""icon"": ""cobblemon:grass_gem"", ""pages"": [ { ""type"": ""patchouli:spotlight"", ""item"": ""cobblemon:grass_gem"", ""link_recipe"": true, ""text"": ""book.cobblepedia.entries.gra"
cobblepedia,cobblemon-extra\mods\Cobblepedia-Fabric-0.7.1.jar,assets/cobblepedia/patchouli_books/cobblepedia/en_us/entries/great_ball.json,False,False,"{ ""name"": ""item.cobblemon.great_ball"", ""category"": ""cobblepedia:items"", ""read_by_default"": true, ""icon"": ""cobblemon:great_ball"", ""pages"": [ { ""type"": ""patchouli:spotlight"", ""item"": ""cobblemon:great_ball"", ""text"": ""book.cobblepedia.entries.great_ball.text"" }, {"
cobblepedia,cobblemon-extra\mods\Cobblepedia-Fabric-0.7.1.jar,assets/cobblepedia/patchouli_books/cobblepedia/en_us/entries/great_rod.json,False,False,"{ ""name"": ""book.cobblepedia.entries.great_rod.name"", ""category"": ""cobblepedia:items"", ""read_by_default"": true, ""icon"": ""cobblemon:great_rod"", ""pages"": [ { ""type"": ""patchouli:spotlight"", ""item"": ""cobblemon:great_rod"", ""text"": ""book.cobblepedia.entries.great_rod"
cobblepedia,cobblemon-extra\mods\Cobblepedia-Fabric-0.7.1.jar,assets/cobblepedia/patchouli_books/cobblepedia/en_us/entries/green_apricorn.json,False,False,"{ ""name"": ""item.cobblemon.green_apricorn"", ""category"": ""cobblepedia:items"", ""read_by_default"": true, ""icon"": ""cobblemon:green_apricorn"", ""pages"": [ { ""type"": ""patchouli:spotlight"", ""item"": ""cobblemon:green_apricorn"", ""link_recipe"": true, ""title"": ""item.cobblem"
cobblepedia,cobblemon-extra\mods\Cobblepedia-Fabric-0.7.1.jar,assets/cobblepedia/patchouli_books/cobblepedia/en_us/entries/green_apricorn_seed.json,False,False,"{ ""name"": ""item.cobblemon.green_apricorn_seed"", ""category"": ""cobblepedia:items"", ""read_by_default"": true, ""icon"": ""cobblemon:green_apricorn_seed"", ""pages"": [ { ""type"": ""patchouli:spotlight"", ""item"": ""cobblemon:green_apricorn_seed"", ""link_recipe"": true, ""title"""
cobblepedia,cobblemon-extra\mods\Cobblepedia-Fabric-0.7.1.jar,assets/cobblepedia/patchouli_books/cobblepedia/en_us/entries/green_gilded_chest.json,False,False,"{ ""name"": ""block.cobblemon.green_gilded_chest"", ""category"": ""cobblepedia:items"", ""read_by_default"": true, ""icon"": ""cobblemon:green_gilded_chest"", ""pages"": [ { ""type"": ""patchouli:spotlight"", ""item"": ""cobblemon:green_gilded_chest"", ""title"": ""block.cobblemon.gree"
cobblepedia,cobblemon-extra\mods\Cobblepedia-Fabric-0.7.1.jar,assets/cobblepedia/patchouli_books/cobblepedia/en_us/entries/green_mint_leaf.json,False,False,"{ ""name"": ""item.cobblemon.green_mint_leaf"", ""category"": ""cobblepedia:items"", ""read_by_default"": true, ""icon"": ""cobblemon:green_mint_leaf"", ""pages"": [ { ""type"": ""patchouli:spotlight"", ""item"": ""cobblemon:green_mint_leaf"", ""link_recipe"": true, ""text"": ""book.cobbl"
cobblepedia,cobblemon-extra\mods\Cobblepedia-Fabric-0.7.1.jar,assets/cobblepedia/patchouli_books/cobblepedia/en_us/entries/green_mint_seeds.json,False,False,"{ ""name"": ""block.cobblemon.green_mint"", ""category"": ""cobblepedia:items"", ""read_by_default"": true, ""icon"": ""cobblemon:green_mint_seeds"", ""pages"": [ { ""type"": ""patchouli:spotlight"", ""item"": ""cobblemon:green_mint_seeds"", ""link_recipe"": true, ""text"": ""book.cobblep"
cobblepedia,cobblemon-extra\mods\Cobblepedia-Fabric-0.7.1.jar,assets/cobblepedia/patchouli_books/cobblepedia/en_us/entries/grepa_berry.json,False,False,"{ ""name"": ""item.cobblemon.grepa_berry"", ""category"": ""cobblepedia:items"", ""read_by_default"": true, ""icon"": ""cobblemon:grepa_berry"", ""pages"": [ { ""type"": ""cobblepedia:mutated_berry"", ""item"": ""cobblemon:grepa_berry"" }, { ""type"": ""patchouli:text"", ""title"": ""book.c"
cobblepedia,cobblemon-extra\mods\Cobblepedia-Fabric-0.7.1.jar,assets/cobblepedia/patchouli_books/cobblepedia/en_us/entries/ground_gem.json,False,False,"{ ""name"": ""item.cobblemon.ground_gem"", ""category"": ""cobblepedia:items"", ""read_by_default"": true, ""icon"": ""cobblemon:ground_gem"", ""pages"": [ { ""type"": ""patchouli:spotlight"", ""item"": ""cobblemon:ground_gem"", ""link_recipe"": true, ""text"": ""book.cobblepedia.entries."
cobblepedia,cobblemon-extra\mods\Cobblepedia-Fabric-0.7.1.jar,assets/cobblepedia/patchouli_books/cobblepedia/en_us/entries/growth_mulch.json,False,False,"{ ""name"": ""item.cobblemon.growth_mulch"", ""category"": ""cobblepedia:items"", ""read_by_default"": true, ""icon"": ""cobblemon:growth_mulch"", ""pages"": [ { ""type"": ""patchouli:spotlight"", ""item"": ""cobblemon:growth_mulch"", ""text"": ""book.cobblepedia.entries.growth_mulch.te"
cobblepedia,cobblemon-extra\mods\Cobblepedia-Fabric-0.7.1.jar,assets/cobblepedia/patchouli_books/cobblepedia/en_us/entries/guard_spec.json,False,False,"{ ""name"": ""item.cobblemon.guard_spec"", ""category"": ""cobblepedia:items"", ""read_by_default"": true, ""icon"": ""cobblemon:guard_spec"", ""pages"": [ { ""type"": ""patchouli:spotlight"", ""item"": ""cobblemon:guard_spec"", ""text"": ""book.cobblepedia.entries.guard_spec.text"" }, {"
cobblepedia,cobblemon-extra\mods\Cobblepedia-Fabric-0.7.1.jar,assets/cobblepedia/patchouli_books/cobblepedia/en_us/entries/haban_berry.json,False,False,"{ ""name"": ""item.cobblemon.haban_berry"", ""category"": ""cobblepedia:items"", ""read_by_default"": true, ""icon"": ""cobblemon:haban_berry"", ""pages"": [ { ""type"": ""cobblepedia:natural_berry"", ""item"": ""cobblemon:haban_berry"" }, { ""type"": ""patchouli:text"", ""title"": ""book.c"
cobblepedia,cobblemon-extra\mods\Cobblepedia-Fabric-0.7.1.jar,assets/cobblepedia/patchouli_books/cobblepedia/en_us/entries/hard_stone.json,False,False,"{ ""name"": ""item.cobblemon.hard_stone"", ""category"": ""cobblepedia:items"", ""read_by_default"": true, ""icon"": ""cobblemon:hard_stone"", ""pages"": [ { ""type"": ""patchouli:spotlight"", ""item"": ""cobblemon:hard_stone"", ""text"": ""book.cobblepedia.entries.hard_stone.text"" }, {"
cobblepedia,cobblemon-extra\mods\Cobblepedia-Fabric-0.7.1.jar,assets/cobblepedia/patchouli_books/cobblepedia/en_us/entries/hasty_mint.json,False,False,"{ ""name"": ""item.cobblemon.hasty_mint"", ""category"": ""cobblepedia:items"", ""read_by_default"": true, ""icon"": ""cobblemon:hasty_mint"", ""pages"": [ { ""type"": ""patchouli:spotlight"", ""item"": ""cobblemon:hasty_mint"", ""text"": ""book.cobblepedia.entries.hasty_mint.text"" }, {"
cobblepedia,cobblemon-extra\mods\Cobblepedia-Fabric-0.7.1.jar,assets/cobblepedia/patchouli_books/cobblepedia/en_us/entries/heal_ball.json,False,False,"{ ""name"": ""item.cobblemon.heal_ball"", ""category"": ""cobblepedia:items"", ""read_by_default"": true, ""icon"": ""cobblemon:heal_ball"", ""pages"": [ { ""type"": ""patchouli:spotlight"", ""item"": ""cobblemon:heal_ball"", ""text"": ""book.cobblepedia.entries.heal_ball.text"" }, { ""ty"
cobblepedia,cobblemon-extra\mods\Cobblepedia-Fabric-0.7.1.jar,assets/cobblepedia/patchouli_books/cobblepedia/en_us/entries/heal_powder.json,False,False,"{ ""name"": ""item.cobblemon.heal_powder"", ""category"": ""cobblepedia:items"", ""read_by_default"": true, ""icon"": ""cobblemon:heal_powder"", ""pages"": [ { ""type"": ""patchouli:spotlight"", ""item"": ""cobblemon:heal_powder"", ""text"": ""book.cobblepedia.entries.heal_powder.text"" "
cobblepedia,cobblemon-extra\mods\Cobblepedia-Fabric-0.7.1.jar,assets/cobblepedia/patchouli_books/cobblepedia/en_us/entries/heal_rod.json,False,False,"{ ""name"": ""book.cobblepedia.entries.heal_rod.name"", ""category"": ""cobblepedia:items"", ""read_by_default"": true, ""icon"": ""cobblemon:heal_rod"", ""pages"": [ { ""type"": ""patchouli:spotlight"", ""item"": ""cobblemon:heal_rod"", ""text"": ""book.cobblepedia.entries.heal_rod.tex"
cobblepedia,cobblemon-extra\mods\Cobblepedia-Fabric-0.7.1.jar,assets/cobblepedia/patchouli_books/cobblepedia/en_us/entries/healing_machine.json,False,False,"{ ""name"": ""block.cobblemon.healing_machine"", ""category"": ""cobblepedia:items"", ""read_by_default"": true, ""icon"": ""cobblemon:healing_machine"", ""pages"": [ { ""type"": ""patchouli:spotlight"", ""item"": ""cobblemon:healing_machine"", ""title"": ""block.cobblemon.healing_machi"
cobblepedia,cobblemon-extra\mods\Cobblepedia-Fabric-0.7.1.jar,assets/cobblepedia/patchouli_books/cobblepedia/en_us/entries/healpokemon_command.json,False,False,"{ ""name"": ""book.cobblepedia.entries.healpokemon_command"", ""category"": ""cobblepedia:commands"", ""read_by_default"": true, ""icon"": ""cobblemon:healing_machine"", ""pages"": [ { ""type"": ""patchouli:text"", ""text"": ""book.cobblepedia.entries.healpokemon_command.text"" }, { "
cobblepedia,cobblemon-extra\mods\Cobblepedia-Fabric-0.7.1.jar,assets/cobblepedia/patchouli_books/cobblepedia/en_us/entries/health_feather.json,False,False,"{ ""name"": ""item.cobblemon.health_feather"", ""category"": ""cobblepedia:items"", ""read_by_default"": true, ""icon"": ""cobblemon:health_feather"", ""pages"": [ { ""type"": ""patchouli:spotlight"", ""item"": ""cobblemon:health_feather"", ""link_recipe"": true, ""text"": ""book.cobblepe"
cobblepedia,cobblemon-extra\mods\Cobblepedia-Fabric-0.7.1.jar,assets/cobblepedia/patchouli_books/cobblepedia/en_us/entries/heat_rock.json,False,False,"{ ""name"": ""item.cobblemon.heat_rock"", ""category"": ""cobblepedia:items"", ""read_by_default"": true, ""icon"": ""cobblemon:heat_rock"", ""pages"": [ { ""type"": ""patchouli:spotlight"", ""item"": ""cobblemon:heat_rock"", ""text"": ""book.cobblepedia.entries.heat_rock.text"" }, { ""ty"
cobblepedia,cobblemon-extra\mods\Cobblepedia-Fabric-0.7.1.jar,assets/cobblepedia/patchouli_books/cobblepedia/en_us/entries/heavy_ball.json,False,False,"{ ""name"": ""item.cobblemon.heavy_ball"", ""category"": ""cobblepedia:items"", ""read_by_default"": true, ""icon"": ""cobblemon:heavy_ball"", ""pages"": [ { ""type"": ""patchouli:spotlight"", ""item"": ""cobblemon:heavy_ball"", ""text"": ""book.cobblepedia.entries.heavy_ball.text"" }, {"
cobblepedia,cobblemon-extra\mods\Cobblepedia-Fabric-0.7.1.jar,assets/cobblepedia/patchouli_books/cobblepedia/en_us/entries/heavy_duty_boots.json,False,False,"{ ""name"": ""item.cobblemon.heavy_duty_boots"", ""category"": ""cobblepedia:items"", ""read_by_default"": true, ""icon"": ""cobblemon:heavy_duty_boots"", ""pages"": [ { ""type"": ""patchouli:spotlight"", ""item"": ""cobblemon:heavy_duty_boots"", ""text"": ""book.cobblepedia.entries.hea"
cobblepedia,cobblemon-extra\mods\Cobblepedia-Fabric-0.7.1.jar,assets/cobblepedia/patchouli_books/cobblepedia/en_us/entries/heavy_rod.json,False,False,"{ ""name"": ""book.cobblepedia.entries.heavy_rod.name"", ""category"": ""cobblepedia:items"", ""read_by_default"": true, ""icon"": ""cobblemon:heavy_rod"", ""pages"": [ { ""type"": ""patchouli:spotlight"", ""item"": ""cobblemon:heavy_rod"", ""text"": ""book.cobblepedia.entries.heavy_rod"
cobblepedia,cobblemon-extra\mods\Cobblepedia-Fabric-0.7.1.jar,assets/cobblepedia/patchouli_books/cobblepedia/en_us/entries/held_item_command.json,False,False,"{ ""name"": ""book.cobblepedia.entries.held_item_command"", ""category"": ""cobblepedia:commands"", ""read_by_default"": true, ""icon"": ""cobblemon:exp_share"", ""pages"": [ { ""type"": ""patchouli:text"", ""text"": ""book.cobblepedia.entries.held_item_command.text"" }, { ""type"": ""p"
cobblepedia,cobblemon-extra\mods\Cobblepedia-Fabric-0.7.1.jar,assets/cobblepedia/patchouli_books/cobblepedia/en_us/entries/held_items_list.json,False,False,"{ ""name"": ""book.cobblepedia.entries.held_items_list"", ""category"": ""cobblepedia:held_items"", ""icon"": ""cobblemon:assault_vest"", ""priority"": true, ""pages"": [ { ""type"": ""patchouli:relations"", ""title"": ""book.cobblepedia.entries.held_items_list"", ""entries"": [ ""cobbl"
cobblepedia,cobblemon-extra\mods\Cobblepedia-Fabric-0.7.1.jar,assets/cobblepedia/patchouli_books/cobblepedia/en_us/entries/helix_fossil.json,False,False,"{ ""name"": ""item.cobblemon.helix_fossil"", ""category"": ""cobblepedia:items"", ""read_by_default"": true, ""icon"": ""cobblemon:helix_fossil"", ""pages"": [ { ""type"": ""patchouli:spotlight"", ""title"": ""item.cobblemon.helix_fossil"", ""item"": ""cobblemon:helix_fossil"", ""link_rec"
cobblepedia,cobblemon-extra\mods\Cobblepedia-Fabric-0.7.1.jar,assets/cobblepedia/patchouli_books/cobblepedia/en_us/entries/helix_sherd.json,False,False,"{ ""name"": ""item.cobblemon.helix_sherd"", ""category"": ""cobblepedia:items"", ""read_by_default"": true, ""icon"": ""cobblemon:helix_sherd"", ""pages"": [ { ""type"": ""patchouli:spotlight"", ""item"": ""cobblemon:helix_sherd"", ""link_recipe"": true, ""text"": ""book.cobblepedia.entri"
cobblepedia,cobblemon-extra\mods\Cobblepedia-Fabric-0.7.1.jar,assets/cobblepedia/patchouli_books/cobblepedia/en_us/entries/herb.json,False,False,"{ ""name"": ""book.cobblepedia.entries.herb"", ""category"": ""cobblepedia:held_items"", ""icon"": ""cobblemon:revival_herb"", ""pages"": [ { ""type"": ""patchouli:spotlight"", ""title"": ""book.cobblepedia.entries.herb"", ""item"": ""tag:cobblemon:herbs"", ""text"": ""book.cobblepedia.en"
cobblepedia,cobblemon-extra\mods\Cobblepedia-Fabric-0.7.1.jar,assets/cobblepedia/patchouli_books/cobblepedia/en_us/entries/hidden_bunker_ruins.json,False,False,"{ ""name"": ""book.cobblepedia.entries.hidden_bunker_ruins.name"", ""category"": ""cobblepedia:structures"", ""read_by_default"": true, ""icon"": ""minecraft:snow_block"", ""pages"": [ { ""type"": ""patchouli:text"", ""text"": ""book.cobblepedia.entries.hidden_bunker_ruins.text"" }, "
cobblepedia,cobblemon-extra\mods\Cobblepedia-Fabric-0.7.1.jar,assets/cobblepedia/patchouli_books/cobblepedia/en_us/entries/holding_evolution_item.json,False,False,"{ ""name"": ""book.cobblepedia.entries.holding_evolution_item"", ""category"": ""cobblepedia:evolution_items"", ""icon"": ""cobblemon:oval_stone"", ""priority"": true, ""pages"": [ { ""type"": ""patchouli:text"", ""title"": ""book.cobblepedia.entries.holding_evolution_item"", ""text"":"
cobblepedia,cobblemon-extra\mods\Cobblepedia-Fabric-0.7.1.jar,assets/cobblepedia/patchouli_books/cobblepedia/en_us/entries/hondew_berry.json,False,False,"{ ""name"": ""item.cobblemon.hondew_berry"", ""category"": ""cobblepedia:items"", ""read_by_default"": true, ""icon"": ""cobblemon:hondew_berry"", ""pages"": [ { ""type"": ""cobblepedia:mutated_berry"", ""item"": ""cobblemon:hondew_berry"" }, { ""type"": ""patchouli:text"", ""title"": ""boo"
cobblepedia,cobblemon-extra\mods\Cobblepedia-Fabric-0.7.1.jar,assets/cobblepedia/patchouli_books/cobblepedia/en_us/entries/hopo_berry.json,False,False,"{ ""name"": ""item.cobblemon.hopo_berry"", ""category"": ""cobblepedia:items"", ""read_by_default"": true, ""icon"": ""cobblemon:hopo_berry"", ""pages"": [ { ""type"": ""cobblepedia:mutated_berry"", ""item"": ""cobblemon:hopo_berry"" }, { ""type"": ""patchouli:text"", ""title"": ""book.cobb"
cobblepedia,cobblemon-extra\mods\Cobblepedia-Fabric-0.7.1.jar,assets/cobblepedia/patchouli_books/cobblepedia/en_us/entries/hp_up.json,False,False,"{ ""name"": ""item.cobblemon.hp_up"", ""category"": ""cobblepedia:items"", ""read_by_default"": true, ""icon"": ""cobblemon:hp_up"", ""pages"": [ { ""type"": ""patchouli:spotlight"", ""item"": ""cobblemon:hp_up"", ""text"": ""book.cobblepedia.entries.hp_up.text"" }, { ""type"": ""patchouli:"
cobblepedia,cobblemon-extra\mods\Cobblepedia-Fabric-0.7.1.jar,assets/cobblepedia/patchouli_books/cobblepedia/en_us/entries/humid_mulch.json,False,False,"{ ""name"": ""item.cobblemon.humid_mulch"", ""category"": ""cobblepedia:items"", ""read_by_default"": true, ""icon"": ""cobblemon:humid_mulch"", ""pages"": [ { ""type"": ""patchouli:spotlight"", ""item"": ""cobblemon:humid_mulch"", ""text"": ""book.cobblepedia.entries.humid_mulch.text"" "
cobblepedia,cobblemon-extra\mods\Cobblepedia-Fabric-0.7.1.jar,assets/cobblepedia/patchouli_books/cobblepedia/en_us/entries/hyper_potion.json,False,False,"{ ""name"": ""item.cobblemon.hyper_potion"", ""category"": ""cobblepedia:items"", ""read_by_default"": true, ""icon"": ""cobblemon:hyper_potion"", ""pages"": [ { ""type"": ""patchouli:spotlight"", ""item"": ""cobblemon:hyper_potion"", ""text"": ""book.cobblepedia.entries.hyper_potion.te"
cobblepedia,cobblemon-extra\mods\Cobblepedia-Fabric-0.7.1.jar,assets/cobblepedia/patchouli_books/cobblepedia/en_us/entries/iapapa_berry.json,False,False,"{ ""name"": ""item.cobblemon.iapapa_berry"", ""category"": ""cobblepedia:items"", ""read_by_default"": true, ""icon"": ""cobblemon:iapapa_berry"", ""pages"": [ { ""type"": ""cobblepedia:mutated_berry"", ""item"": ""cobblemon:iapapa_berry"" }, { ""type"": ""patchouli:text"", ""title"": ""boo"
cobblepedia,cobblemon-extra\mods\Cobblepedia-Fabric-0.7.1.jar,assets/cobblepedia/patchouli_books/cobblepedia/en_us/entries/ice_gem.json,False,False,"{ ""name"": ""item.cobblemon.ice_gem"", ""category"": ""cobblepedia:items"", ""read_by_default"": true, ""icon"": ""cobblemon:ice_gem"", ""pages"": [ { ""type"": ""patchouli:spotlight"", ""item"": ""cobblemon:ice_gem"", ""link_recipe"": true, ""text"": ""book.cobblepedia.entries.ice_gem.t"
cobblepedia,cobblemon-extra\mods\Cobblepedia-Fabric-0.7.1.jar,assets/cobblepedia/patchouli_books/cobblepedia/en_us/entries/ice_heal.json,False,False,"{ ""name"": ""item.cobblemon.ice_heal"", ""category"": ""cobblepedia:items"", ""read_by_default"": true, ""icon"": ""cobblemon:ice_heal"", ""pages"": [ { ""type"": ""patchouli:spotlight"", ""item"": ""cobblemon:ice_heal"", ""text"": ""book.cobblepedia.entries.ice_heal.text"" }, { ""type"":"
cobblepedia,cobblemon-extra\mods\Cobblepedia-Fabric-0.7.1.jar,assets/cobblepedia/patchouli_books/cobblepedia/en_us/entries/ice_stone.json,False,False,"{ ""name"": ""item.cobblemon.ice_stone"", ""category"": ""cobblepedia:items"", ""read_by_default"": true, ""icon"": ""cobblemon:ice_stone"", ""pages"": [ { ""type"": ""patchouli:spotlight"", ""item"": ""cobblemon:ice_stone"", ""title"": ""item.cobblemon.ice_stone"", ""text"": ""book.cobblep"
cobblepedia,cobblemon-extra\mods\Cobblepedia-Fabric-0.7.1.jar,assets/cobblepedia/patchouli_books/cobblepedia/en_us/entries/ice_stone_block.json,False,False,"{ ""name"": ""block.cobblemon.ice_stone_block"", ""category"": ""cobblepedia:items"", ""read_by_default"": true, ""icon"": ""cobblemon:ice_stone_block"", ""pages"": [ { ""type"": ""patchouli:spotlight"", ""item"": ""cobblemon:ice_stone_block"", ""text"": ""book.cobblepedia.entries.ice_s"
cobblepedia,cobblemon-extra\mods\Cobblepedia-Fabric-0.7.1.jar,assets/cobblepedia/patchouli_books/cobblepedia/en_us/entries/ice_stone_ore.json,False,False,"{ ""name"": ""block.cobblemon.ice_stone_ore"", ""category"": ""cobblepedia:items"", ""read_by_default"": true, ""icon"": ""cobblemon:ice_stone_ore"", ""pages"": [ { ""type"": ""patchouli:spotlight"", ""item"": ""cobblemon:ice_stone_ore"", ""link_recipe"": true, ""title"": ""block.cobblemo"
cobblepedia,cobblemon-extra\mods\Cobblepedia-Fabric-0.7.1.jar,assets/cobblepedia/patchouli_books/cobblepedia/en_us/entries/icy_rock.json,False,False,"{ ""name"": ""item.cobblemon.icy_rock"", ""category"": ""cobblepedia:items"", ""read_by_default"": true, ""icon"": ""cobblemon:icy_rock"", ""pages"": [ { ""type"": ""patchouli:spotlight"", ""item"": ""cobblemon:icy_rock"", ""text"": ""book.cobblepedia.entries.icy_rock.text"" }, { ""type"":"
cobblepedia,cobblemon-extra\mods\Cobblepedia-Fabric-0.7.1.jar,assets/cobblepedia/patchouli_books/cobblepedia/en_us/entries/impish_mint.json,False,False,"{ ""name"": ""item.cobblemon.impish_mint"", ""category"": ""cobblepedia:items"", ""read_by_default"": true, ""icon"": ""cobblemon:impish_mint"", ""pages"": [ { ""type"": ""patchouli:spotlight"", ""item"": ""cobblemon:impish_mint"", ""text"": ""book.cobblepedia.entries.impish_mint.text"" "
cobblepedia,cobblemon-extra\mods\Cobblepedia-Fabric-0.7.1.jar,assets/cobblepedia/patchouli_books/cobblepedia/en_us/entries/iron.json,False,False,"{ ""name"": ""item.cobblemon.iron"", ""category"": ""cobblepedia:items"", ""read_by_default"": true, ""icon"": ""cobblemon:iron"", ""pages"": [ { ""type"": ""patchouli:spotlight"", ""item"": ""cobblemon:iron"", ""text"": ""book.cobblepedia.entries.iron.text"" }, { ""type"": ""patchouli:craf"
cobblepedia,cobblemon-extra\mods\Cobblepedia-Fabric-0.7.1.jar,assets/cobblepedia/patchouli_books/cobblepedia/en_us/entries/iron_ball.json,False,False,"{ ""name"": ""item.cobblemon.iron_ball"", ""category"": ""cobblepedia:items"", ""read_by_default"": true, ""icon"": ""cobblemon:iron_ball"", ""pages"": [ { ""type"": ""patchouli:spotlight"", ""item"": ""cobblemon:iron_ball"", ""text"": ""book.cobblepedia.entries.iron_ball.text"" }, { ""ty"
cobblepedia,cobblemon-extra\mods\Cobblepedia-Fabric-0.7.1.jar,assets/cobblepedia/patchouli_books/cobblepedia/en_us/entries/jaboca_berry.json,False,False,"{ ""name"": ""item.cobblemon.jaboca_berry"", ""category"": ""cobblepedia:items"", ""read_by_default"": true, ""icon"": ""cobblemon:jaboca_berry"", ""pages"": [ { ""type"": ""cobblepedia:mutated_berry"", ""item"": ""cobblemon:jaboca_berry"" }, { ""type"": ""patchouli:text"", ""title"": ""boo"
cobblepedia,cobblemon-extra\mods\Cobblepedia-Fabric-0.7.1.jar,assets/cobblepedia/patchouli_books/cobblepedia/en_us/entries/jaw_fossil.json,False,False,"{ ""name"": ""item.cobblemon.jaw_fossil"", ""category"": ""cobblepedia:items"", ""read_by_default"": true, ""icon"": ""cobblemon:jaw_fossil"", ""pages"": [ { ""type"": ""patchouli:spotlight"", ""title"": ""item.cobblemon.jaw_fossil"", ""item"": ""cobblemon:jaw_fossil"", ""link_recipe"": tr"
cobblepedia,cobblemon-extra\mods\Cobblepedia-Fabric-0.7.1.jar,assets/cobblepedia/patchouli_books/cobblepedia/en_us/entries/jolly_mint.json,False,False,"{ ""name"": ""item.cobblemon.jolly_mint"", ""category"": ""cobblepedia:items"", ""read_by_default"": true, ""icon"": ""cobblemon:jolly_mint"", ""pages"": [ { ""type"": ""patchouli:spotlight"", ""item"": ""cobblemon:jolly_mint"", ""text"": ""book.cobblepedia.entries.jolly_mint.text"" }, {"
cobblepedia,cobblemon-extra\mods\Cobblepedia-Fabric-0.7.1.jar,assets/cobblepedia/patchouli_books/cobblepedia/en_us/entries/kasib_berry.json,False,False,"{ ""name"": ""item.cobblemon.kasib_berry"", ""category"": ""cobblepedia:items"", ""read_by_default"": true, ""icon"": ""cobblemon:kasib_berry"", ""pages"": [ { ""type"": ""cobblepedia:natural_berry"", ""item"": ""cobblemon:kasib_berry"" }, { ""type"": ""patchouli:text"", ""title"": ""book.c"
cobblepedia,cobblemon-extra\mods\Cobblepedia-Fabric-0.7.1.jar,assets/cobblepedia/patchouli_books/cobblepedia/en_us/entries/kebia_berry.json,False,False,"{ ""name"": ""item.cobblemon.kebia_berry"", ""category"": ""cobblepedia:items"", ""read_by_default"": true, ""icon"": ""cobblemon:kebia_berry"", ""pages"": [ { ""type"": ""cobblepedia:natural_berry"", ""item"": ""cobblemon:kebia_berry"" }, { ""type"": ""patchouli:text"", ""title"": ""book.c"
cobblepedia,cobblemon-extra\mods\Cobblepedia-Fabric-0.7.1.jar,assets/cobblepedia/patchouli_books/cobblepedia/en_us/entries/kee_berry.json,False,False,"{ ""name"": ""item.cobblemon.kee_berry"", ""category"": ""cobblepedia:items"", ""read_by_default"": true, ""icon"": ""cobblemon:kee_berry"", ""pages"": [ { ""type"": ""cobblepedia:mutated_berry"", ""item"": ""cobblemon:kee_berry"" }, { ""type"": ""patchouli:text"", ""title"": ""book.cobblep"
cobblepedia,cobblemon-extra\mods\Cobblepedia-Fabric-0.7.1.jar,assets/cobblepedia/patchouli_books/cobblepedia/en_us/entries/kelpsy_berry.json,False,False,"{ ""name"": ""item.cobblemon.kelpsy_berry"", ""category"": ""cobblepedia:items"", ""read_by_default"": true, ""icon"": ""cobblemon:kelpsy_berry"", ""pages"": [ { ""type"": ""cobblepedia:mutated_berry"", ""item"": ""cobblemon:kelpsy_berry"" }, { ""type"": ""patchouli:text"", ""title"": ""boo"
cobblepedia,cobblemon-extra\mods\Cobblepedia-Fabric-0.7.1.jar,assets/cobblepedia/patchouli_books/cobblepedia/en_us/entries/kings_rock.json,False,False,"{ ""name"": ""item.cobblemon.kings_rock"", ""category"": ""cobblepedia:items"", ""read_by_default"": true, ""icon"": ""cobblemon:kings_rock"", ""pages"": [ { ""type"": ""patchouli:spotlight"", ""item"": ""cobblemon:kings_rock"", ""link_recipe"": true, ""title"": ""item.cobblemon.kings_roc"
cobblepedia,cobblemon-extra\mods\Cobblepedia-Fabric-0.7.1.jar,assets/cobblepedia/patchouli_books/cobblepedia/en_us/entries/lansat_berry.json,False,False,"{ ""name"": ""item.cobblemon.lansat_berry"", ""category"": ""cobblepedia:items"", ""read_by_default"": true, ""icon"": ""cobblemon:lansat_berry"", ""pages"": [ { ""type"": ""cobblepedia:mutated_berry"", ""item"": ""cobblemon:lansat_berry"" }, { ""type"": ""patchouli:text"", ""title"": ""boo"
cobblepedia,cobblemon-extra\mods\Cobblepedia-Fabric-0.7.1.jar,assets/cobblepedia/patchouli_books/cobblepedia/en_us/entries/lax_mint.json,False,False,"{ ""name"": ""item.cobblemon.lax_mint"", ""category"": ""cobblepedia:items"", ""read_by_default"": true, ""icon"": ""cobblemon:lax_mint"", ""pages"": [ { ""type"": ""patchouli:spotlight"", ""item"": ""cobblemon:lax_mint"", ""text"": ""book.cobblepedia.entries.lax_mint.text"" }, { ""type"":"
cobblepedia,cobblemon-extra\mods\Cobblepedia-Fabric-0.7.1.jar,assets/cobblepedia/patchouli_books/cobblepedia/en_us/entries/leaf_stone.json,False,False,"{ ""name"": ""item.cobblemon.leaf_stone"", ""category"": ""cobblepedia:items"", ""read_by_default"": true, ""icon"": ""cobblemon:leaf_stone"", ""pages"": [ { ""type"": ""patchouli:spotlight"", ""item"": ""cobblemon:leaf_stone"", ""title"": ""item.cobblemon.leaf_stone"", ""text"": ""book.cob"
cobblepedia,cobblemon-extra\mods\Cobblepedia-Fabric-0.7.1.jar,assets/cobblepedia/patchouli_books/cobblepedia/en_us/entries/leaf_stone_block.json,False,False,"{ ""name"": ""block.cobblemon.leaf_stone_block"", ""category"": ""cobblepedia:items"", ""read_by_default"": true, ""icon"": ""cobblemon:leaf_stone_block"", ""pages"": [ { ""type"": ""patchouli:spotlight"", ""item"": ""cobblemon:leaf_stone_block"", ""text"": ""book.cobblepedia.entries.le"
cobblepedia,cobblemon-extra\mods\Cobblepedia-Fabric-0.7.1.jar,assets/cobblepedia/patchouli_books/cobblepedia/en_us/entries/leaf_stone_ore.json,False,False,"{ ""name"": ""block.cobblemon.leaf_stone_ore"", ""category"": ""cobblepedia:items"", ""read_by_default"": true, ""icon"": ""cobblemon:leaf_stone_ore"", ""pages"": [ { ""type"": ""patchouli:spotlight"", ""item"": ""cobblemon:leaf_stone_ore"", ""link_recipe"": true, ""title"": ""block.cobbl"
cobblepedia,cobblemon-extra\mods\Cobblepedia-Fabric-0.7.1.jar,assets/cobblepedia/patchouli_books/cobblepedia/en_us/entries/leek_and_potato_stew.json,False,False,"{ ""name"": ""item.cobblemon.leek_and_potato_stew"", ""category"": ""cobblepedia:items"", ""read_by_default"": true, ""icon"": ""cobblemon:leek_and_potato_stew"", ""pages"": [ { ""type"": ""patchouli:spotlight"", ""item"": ""cobblemon:leek_and_potato_stew"", ""text"": ""book.cobblepedia"
cobblepedia,cobblemon-extra\mods\Cobblepedia-Fabric-0.7.1.jar,assets/cobblepedia/patchouli_books/cobblepedia/en_us/entries/leftovers.json,False,False,"{ ""name"": ""item.cobblemon.leftovers"", ""category"": ""cobblepedia:items"", ""read_by_default"": true, ""icon"": ""cobblemon:leftovers"", ""pages"": [ { ""type"": ""patchouli:spotlight"", ""item"": ""cobblemon:leftovers"", ""link_recipe"": true, ""text"": ""book.cobblepedia.entries.lef"
cobblepedia,cobblemon-extra\mods\Cobblepedia-Fabric-0.7.1.jar,assets/cobblepedia/patchouli_books/cobblepedia/en_us/entries/leppa_berry.json,False,False,"{ ""name"": ""item.cobblemon.leppa_berry"", ""category"": ""cobblepedia:items"", ""read_by_default"": true, ""icon"": ""cobblemon:leppa_berry"", ""pages"": [ { ""type"": ""cobblepedia:mutated_berry"", ""item"": ""cobblemon:leppa_berry"" }, { ""type"": ""patchouli:text"", ""title"": ""book.c"
cobblepedia,cobblemon-extra\mods\Cobblepedia-Fabric-0.7.1.jar,assets/cobblepedia/patchouli_books/cobblepedia/en_us/entries/level_ball.json,False,False,"{ ""name"": ""item.cobblemon.level_ball"", ""category"": ""cobblepedia:items"", ""read_by_default"": true, ""icon"": ""cobblemon:level_ball"", ""pages"": [ { ""type"": ""patchouli:spotlight"", ""item"": ""cobblemon:level_ball"", ""text"": ""book.cobblepedia.entries.level_ball.text"" }, {"
cobblepedia,cobblemon-extra\mods\Cobblepedia-Fabric-0.7.1.jar,assets/cobblepedia/patchouli_books/cobblepedia/en_us/entries/level_rod.json,False,False,"{ ""name"": ""book.cobblepedia.entries.level_rod.name"", ""category"": ""cobblepedia:items"", ""read_by_default"": true, ""icon"": ""cobblemon:level_rod"", ""pages"": [ { ""type"": ""patchouli:spotlight"", ""item"": ""cobblemon:level_rod"", ""text"": ""book.cobblepedia.entries.level_rod"
cobblepedia,cobblemon-extra\mods\Cobblepedia-Fabric-0.7.1.jar,assets/cobblepedia/patchouli_books/cobblepedia/en_us/entries/levelup_command.json,False,False,"{ ""name"": ""book.cobblepedia.entries.levelup_command"", ""category"": ""cobblepedia:commands"", ""read_by_default"": true, ""icon"": ""cobblemon:rare_candy"", ""pages"": [ { ""type"": ""patchouli:text"", ""text"": ""book.cobblepedia.entries.levelup_command.text"" }, { ""type"": ""patc"
cobblepedia,cobblemon-extra\mods\Cobblepedia-Fabric-0.7.1.jar,assets/cobblepedia/patchouli_books/cobblepedia/en_us/entries/liechi_berry.json,False,False,"{ ""name"": ""item.cobblemon.liechi_berry"", ""category"": ""cobblepedia:items"", ""read_by_default"": true, ""icon"": ""cobblemon:liechi_berry"", ""pages"": [ { ""type"": ""cobblepedia:mutated_berry"", ""item"": ""cobblemon:liechi_berry"" }, { ""type"": ""patchouli:text"", ""title"": ""boo"
cobblepedia,cobblemon-extra\mods\Cobblepedia-Fabric-0.7.1.jar,assets/cobblepedia/patchouli_books/cobblepedia/en_us/entries/life_orb.json,False,False,"{ ""name"": ""item.cobblemon.life_orb"", ""category"": ""cobblepedia:items"", ""read_by_default"": true, ""icon"": ""cobblemon:life_orb"", ""pages"": [ { ""type"": ""patchouli:spotlight"", ""item"": ""cobblemon:life_orb"", ""text"": ""book.cobblepedia.entries.life_orb.text"" }, { ""type"":"
cobblepedia,cobblemon-extra\mods\Cobblepedia-Fabric-0.7.1.jar,assets/cobblepedia/patchouli_books/cobblepedia/en_us/entries/light_ball.json,False,False,"{ ""name"": ""item.cobblemon.light_ball"", ""category"": ""cobblepedia:items"", ""read_by_default"": true, ""icon"": ""cobblemon:light_ball"", ""pages"": [ { ""type"": ""patchouli:spotlight"", ""item"": ""cobblemon:light_ball"", ""link_recipe"": true, ""text"": ""book.cobblepedia.entries."
cobblepedia,cobblemon-extra\mods\Cobblepedia-Fabric-0.7.1.jar,assets/cobblepedia/patchouli_books/cobblepedia/en_us/entries/light_clay.json,False,False,"{ ""name"": ""item.cobblemon.light_clay"", ""category"": ""cobblepedia:items"", ""read_by_default"": true, ""icon"": ""cobblemon:light_clay"", ""pages"": [ { ""type"": ""patchouli:spotlight"", ""item"": ""cobblemon:light_clay"", ""text"": ""book.cobblepedia.entries.light_clay.text"" }, {"
cobblepedia,cobblemon-extra\mods\Cobblepedia-Fabric-0.7.1.jar,assets/cobblepedia/patchouli_books/cobblepedia/en_us/entries/link_cable.json,False,False,"{ ""name"": ""item.cobblemon.link_cable"", ""category"": ""cobblepedia:items"", ""read_by_default"": true, ""icon"": ""cobblemon:link_cable"", ""pages"": [ { ""type"": ""patchouli:spotlight"", ""item"": ""cobblemon:link_cable"", ""title"": ""item.cobblemon.link_cable"", ""text"": ""book.cob"
cobblepedia,cobblemon-extra\mods\Cobblepedia-Fabric-0.7.1.jar,assets/cobblepedia/patchouli_books/cobblepedia/en_us/entries/loaded_dice.json,False,False,"{ ""name"": ""item.cobblemon.loaded_dice"", ""category"": ""cobblepedia:items"", ""read_by_default"": true, ""icon"": ""cobblemon:loaded_dice"", ""pages"": [ { ""type"": ""patchouli:spotlight"", ""item"": ""cobblemon:loaded_dice"", ""text"": ""book.cobblepedia.entries.loaded_dice.text"" "
cobblepedia,cobblemon-extra\mods\Cobblepedia-Fabric-0.7.1.jar,assets/cobblepedia/patchouli_books/cobblepedia/en_us/entries/loamy_mulch.json,False,False,"{ ""name"": ""item.cobblemon.loamy_mulch"", ""category"": ""cobblepedia:items"", ""read_by_default"": true, ""icon"": ""cobblemon:loamy_mulch"", ""pages"": [ { ""type"": ""patchouli:spotlight"", ""item"": ""cobblemon:loamy_mulch"", ""text"": ""book.cobblepedia.entries.loamy_mulch.text"" "
cobblepedia,cobblemon-extra\mods\Cobblepedia-Fabric-0.7.1.jar,assets/cobblepedia/patchouli_books/cobblepedia/en_us/entries/lonely_mint.json,False,False,"{ ""name"": ""item.cobblemon.lonely_mint"", ""category"": ""cobblepedia:items"", ""read_by_default"": true, ""icon"": ""cobblemon:lonely_mint"", ""pages"": [ { ""type"": ""patchouli:spotlight"", ""item"": ""cobblemon:lonely_mint"", ""text"": ""book.cobblepedia.entries.lonely_mint.text"" "
cobblepedia,cobblemon-extra\mods\Cobblepedia-Fabric-0.7.1.jar,assets/cobblepedia/patchouli_books/cobblepedia/en_us/entries/love_ball.json,False,False,"{ ""name"": ""item.cobblemon.love_ball"", ""category"": ""cobblepedia:items"", ""read_by_default"": true, ""icon"": ""cobblemon:love_ball"", ""pages"": [ { ""type"": ""patchouli:spotlight"", ""item"": ""cobblemon:love_ball"", ""text"": ""book.cobblepedia.entries.love_ball.text"" }, { ""ty"
cobblepedia,cobblemon-extra\mods\Cobblepedia-Fabric-0.7.1.jar,assets/cobblepedia/patchouli_books/cobblepedia/en_us/entries/love_rod.json,False,False,"{ ""name"": ""book.cobblepedia.entries.love_rod.name"", ""category"": ""cobblepedia:items"", ""read_by_default"": true, ""icon"": ""cobblemon:love_rod"", ""pages"": [ { ""type"": ""patchouli:spotlight"", ""item"": ""cobblemon:love_rod"", ""text"": ""book.cobblepedia.entries.love_rod.tex"
cobblepedia,cobblemon-extra\mods\Cobblepedia-Fabric-0.7.1.jar,assets/cobblepedia/patchouli_books/cobblepedia/en_us/entries/love_sweet.json,False,False,"{ ""name"": ""item.cobblemon.love_sweet"", ""category"": ""cobblepedia:items"", ""read_by_default"": true, ""icon"": ""cobblemon:love_sweet"", ""pages"": [ { ""type"": ""patchouli:spotlight"", ""item"": ""cobblemon:love_sweet"", ""title"": ""item.cobblemon.love_sweet"", ""text"": ""book.cob"
cobblepedia,cobblemon-extra\mods\Cobblepedia-Fabric-0.7.1.jar,assets/cobblepedia/patchouli_books/cobblepedia/en_us/entries/lucky_egg.json,False,False,"{ ""name"": ""item.cobblemon.lucky_egg"", ""category"": ""cobblepedia:items"", ""read_by_default"": true, ""icon"": ""cobblemon:lucky_egg"", ""pages"": [ { ""type"": ""patchouli:spotlight"", ""item"": ""cobblemon:lucky_egg"", ""link_recipe"": true, ""text"": ""book.cobblepedia.entries.luc"
cobblepedia,cobblemon-extra\mods\Cobblepedia-Fabric-0.7.1.jar,assets/cobblepedia/patchouli_books/cobblepedia/en_us/entries/lum_berry.json,False,False,"{ ""name"": ""item.cobblemon.lum_berry"", ""category"": ""cobblepedia:items"", ""read_by_default"": true, ""icon"": ""cobblemon:lum_berry"", ""pages"": [ { ""type"": ""cobblepedia:mutated_berry"", ""item"": ""cobblemon:lum_berry"" }, { ""type"": ""patchouli:text"", ""title"": ""book.cobblep"
cobblepedia,cobblemon-extra\mods\Cobblepedia-Fabric-0.7.1.jar,assets/cobblepedia/patchouli_books/cobblepedia/en_us/entries/lure_ball.json,False,False,"{ ""name"": ""item.cobblemon.lure_ball"", ""category"": ""cobblepedia:items"", ""read_by_default"": true, ""icon"": ""cobblemon:lure_ball"", ""pages"": [ { ""type"": ""patchouli:spotlight"", ""item"": ""cobblemon:lure_ball"", ""text"": ""book.cobblepedia.entries.lure_ball.text"" }, { ""ty"
cobblepedia,cobblemon-extra\mods\Cobblepedia-Fabric-0.7.1.jar,assets/cobblepedia/patchouli_books/cobblepedia/en_us/entries/lure_rod.json,False,False,"{ ""name"": ""book.cobblepedia.entries.lure_rod.name"", ""category"": ""cobblepedia:items"", ""read_by_default"": true, ""icon"": ""cobblemon:lure_rod"", ""pages"": [ { ""type"": ""patchouli:spotlight"", ""item"": ""cobblemon:lure_rod"", ""text"": ""book.cobblepedia.entries.lure_rod.tex"
cobblepedia,cobblemon-extra\mods\Cobblepedia-Fabric-0.7.1.jar,assets/cobblepedia/patchouli_books/cobblepedia/en_us/entries/luxury_ball.json,False,False,"{ ""name"": ""item.cobblemon.luxury_ball"", ""category"": ""cobblepedia:items"", ""read_by_default"": true, ""icon"": ""cobblemon:luxury_ball"", ""pages"": [ { ""type"": ""patchouli:spotlight"", ""item"": ""cobblemon:luxury_ball"", ""text"": ""book.cobblepedia.entries.luxury_ball.text"" "
cobblepedia,cobblemon-extra\mods\Cobblepedia-Fabric-0.7.1.jar,assets/cobblepedia/patchouli_books/cobblepedia/en_us/entries/luxury_rod.json,False,False,"{ ""name"": ""book.cobblepedia.entries.luxury_rod.name"", ""category"": ""cobblepedia:items"", ""read_by_default"": true, ""icon"": ""cobblemon:luxury_rod"", ""pages"": [ { ""type"": ""patchouli:spotlight"", ""item"": ""cobblemon:luxury_rod"", ""text"": ""book.cobblepedia.entries.luxury"
cobblepedia,cobblemon-extra\mods\Cobblepedia-Fabric-0.7.1.jar,assets/cobblepedia/patchouli_books/cobblepedia/en_us/entries/magmarizer.json,False,False,"{ ""name"": ""item.cobblemon.magmarizer"", ""category"": ""cobblepedia:items"", ""read_by_default"": true, ""icon"": ""cobblemon:magmarizer"", ""pages"": [ { ""type"": ""patchouli:spotlight"", ""item"": ""cobblemon:magmarizer"", ""title"": ""item.cobblemon.magmarizer"", ""text"": ""book.cob"
cobblepedia,cobblemon-extra\mods\Cobblepedia-Fabric-0.7.1.jar,assets/cobblepedia/patchouli_books/cobblepedia/en_us/entries/magnet.json,False,False,"{ ""name"": ""item.cobblemon.magnet"", ""category"": ""cobblepedia:items"", ""read_by_default"": true, ""icon"": ""cobblemon:magnet"", ""pages"": [ { ""type"": ""patchouli:spotlight"", ""item"": ""cobblemon:magnet"", ""text"": ""book.cobblepedia.entries.magnet.text"" }, { ""type"": ""patcho"
cobblepedia,cobblemon-extra\mods\Cobblepedia-Fabric-0.7.1.jar,assets/cobblepedia/patchouli_books/cobblepedia/en_us/entries/mago_berry.json,False,False,"{ ""name"": ""item.cobblemon.mago_berry"", ""category"": ""cobblepedia:items"", ""read_by_default"": true, ""icon"": ""cobblemon:mago_berry"", ""pages"": [ { ""type"": ""cobblepedia:mutated_berry"", ""item"": ""cobblemon:mago_berry"" }, { ""type"": ""patchouli:text"", ""title"": ""book.cobb"
cobblepedia,cobblemon-extra\mods\Cobblepedia-Fabric-0.7.1.jar,assets/cobblepedia/patchouli_books/cobblepedia/en_us/entries/magost_berry.json,False,False,"{ ""name"": ""item.cobblemon.magost_berry"", ""category"": ""cobblepedia:items"", ""read_by_default"": true, ""icon"": ""cobblemon:magost_berry"", ""pages"": [ { ""type"": ""cobblepedia:mutated_berry"", ""item"": ""cobblemon:magost_berry"" }, { ""type"": ""patchouli:text"", ""title"": ""boo"
cobblepedia,cobblemon-extra\mods\Cobblepedia-Fabric-0.7.1.jar,assets/cobblepedia/patchouli_books/cobblepedia/en_us/entries/malicious_armor.json,False,False,"{ ""name"": ""item.cobblemon.malicious_armor"", ""category"": ""cobblepedia:items"", ""read_by_default"": true, ""icon"": ""cobblemon:malicious_armor"", ""pages"": [ { ""type"": ""patchouli:spotlight"", ""item"": ""cobblemon:malicious_armor"", ""link_recipe"": true, ""text"": ""book.cobbl"
cobblepedia,cobblemon-extra\mods\Cobblepedia-Fabric-0.7.1.jar,assets/cobblepedia/patchouli_books/cobblepedia/en_us/entries/maranga_berry.json,False,False,"{ ""name"": ""item.cobblemon.maranga_berry"", ""category"": ""cobblepedia:items"", ""read_by_default"": true, ""icon"": ""cobblemon:maranga_berry"", ""pages"": [ { ""type"": ""cobblepedia:mutated_berry"", ""item"": ""cobblemon:maranga_berry"" }, { ""type"": ""patchouli:text"", ""title"": """
cobblepedia,cobblemon-extra\mods\Cobblepedia-Fabric-0.7.1.jar,assets/cobblepedia/patchouli_books/cobblepedia/en_us/entries/master_ball.json,False,False,"{ ""name"": ""item.cobblemon.master_ball"", ""category"": ""cobblepedia:items"", ""read_by_default"": true, ""icon"": ""cobblemon:master_ball"", ""pages"": [ { ""type"": ""patchouli:spotlight"", ""item"": ""cobblemon:master_ball"", ""text"": ""book.cobblepedia.entries.master_ball.text"" "
cobblepedia,cobblemon-extra\mods\Cobblepedia-Fabric-0.7.1.jar,assets/cobblepedia/patchouli_books/cobblepedia/en_us/entries/master_rod.json,False,False,"{ ""name"": ""book.cobblepedia.entries.master_rod.name"", ""category"": ""cobblepedia:items"", ""read_by_default"": true, ""icon"": ""cobblemon:master_rod"", ""pages"": [ { ""type"": ""patchouli:spotlight"", ""item"": ""cobblemon:master_rod"", ""text"": ""book.cobblepedia.entries.master"
cobblepedia,cobblemon-extra\mods\Cobblepedia-Fabric-0.7.1.jar,assets/cobblepedia/patchouli_books/cobblepedia/en_us/entries/masterpiece_teacup.json,False,False,"{ ""name"": ""item.cobblemon.masterpiece_teacup"", ""category"": ""cobblepedia:items"", ""read_by_default"": true, ""icon"": ""cobblemon:masterpiece_teacup"", ""pages"": [ { ""type"": ""patchouli:spotlight"", ""item"": ""cobblemon:masterpiece_teacup"", ""link_recipe"": true, ""title"": """
cobblepedia,cobblemon-extra\mods\Cobblepedia-Fabric-0.7.1.jar,assets/cobblepedia/patchouli_books/cobblepedia/en_us/entries/max_elixir.json,False,False,"{ ""name"": ""item.cobblemon.max_elixir"", ""category"": ""cobblepedia:items"", ""read_by_default"": true, ""icon"": ""cobblemon:max_elixir"", ""pages"": [ { ""type"": ""patchouli:spotlight"", ""item"": ""cobblemon:max_elixir"", ""text"": ""book.cobblepedia.entries.max_elixir.text"" }, {"
cobblepedia,cobblemon-extra\mods\Cobblepedia-Fabric-0.7.1.jar,assets/cobblepedia/patchouli_books/cobblepedia/en_us/entries/max_ether.json,False,False,"{ ""name"": ""item.cobblemon.max_ether"", ""category"": ""cobblepedia:items"", ""read_by_default"": true, ""icon"": ""cobblemon:max_ether"", ""pages"": [ { ""type"": ""patchouli:spotlight"", ""item"": ""cobblemon:max_ether"", ""text"": ""book.cobblepedia.entries.max_ether.text"" }, { ""ty"
cobblepedia,cobblemon-extra\mods\Cobblepedia-Fabric-0.7.1.jar,assets/cobblepedia/patchouli_books/cobblepedia/en_us/entries/max_potion.json,False,False,"{ ""name"": ""item.cobblemon.max_potion"", ""category"": ""cobblepedia:items"", ""read_by_default"": true, ""icon"": ""cobblemon:max_potion"", ""pages"": [ { ""type"": ""patchouli:spotlight"", ""item"": ""cobblemon:max_potion"", ""text"": ""book.cobblepedia.entries.max_potion.text"" }, {"
cobblepedia,cobblemon-extra\mods\Cobblepedia-Fabric-0.7.1.jar,assets/cobblepedia/patchouli_books/cobblepedia/en_us/entries/max_revive.json,False,False,"{ ""name"": ""item.cobblemon.max_revive"", ""category"": ""cobblepedia:items"", ""read_by_default"": true, ""icon"": ""cobblemon:max_revive"", ""pages"": [ { ""type"": ""patchouli:spotlight"", ""item"": ""cobblemon:max_revive"", ""text"": ""book.cobblepedia.entries.max_revive.text"" }, {"
cobblepedia,cobblemon-extra\mods\Cobblepedia-Fabric-0.7.1.jar,assets/cobblepedia/patchouli_books/cobblepedia/en_us/entries/medicinal_brew.json,False,False,"{ ""name"": ""item.cobblemon.medicinal_brew"", ""category"": ""cobblepedia:items"", ""read_by_default"": true, ""icon"": ""cobblemon:medicinal_brew"", ""pages"": [ { ""type"": ""patchouli:spotlight"", ""item"": ""cobblemon:medicinal_brew"", ""text"": ""book.cobblepedia.entries.medicinal"
cobblepedia,cobblemon-extra\mods\Cobblepedia-Fabric-0.7.1.jar,assets/cobblepedia/patchouli_books/cobblepedia/en_us/entries/medicinal_leek.json,False,False,"{ ""name"": ""item.cobblemon.medicinal_leek"", ""category"": ""cobblepedia:items"", ""read_by_default"": true, ""icon"": ""cobblemon:medicinal_leek"", ""pages"": [ { ""type"": ""patchouli:spotlight"", ""item"": ""cobblemon:medicinal_leek"", ""link_recipe"": true, ""text"": ""book.cobblepe"
cobblepedia,cobblemon-extra\mods\Cobblepedia-Fabric-0.7.1.jar,assets/cobblepedia/patchouli_books/cobblepedia/en_us/entries/medicine.json,False,False,"{ ""name"": ""book.cobblepedia.entries.medicine"", ""category"": ""cobblepedia:consumables"", ""icon"": ""cobblemon:heal_powder"", ""pages"": [ { ""type"": ""patchouli:text"", ""text"": ""book.cobblepedia.entries.medicine.text"" }, { ""type"": ""patchouli:relations"", ""entries"": [ ""cob"
cobblepedia,cobblemon-extra\mods\Cobblepedia-Fabric-0.7.1.jar,assets/cobblepedia/patchouli_books/cobblepedia/en_us/entries/mental_herb.json,False,False,"{ ""name"": ""item.cobblemon.mental_herb"", ""category"": ""cobblepedia:items"", ""read_by_default"": true, ""icon"": ""cobblemon:mental_herb"", ""pages"": [ { ""type"": ""patchouli:spotlight"", ""item"": ""cobblemon:mental_herb"", ""link_recipe"": true, ""text"": ""book.cobblepedia.entri"
cobblepedia,cobblemon-extra\mods\Cobblepedia-Fabric-0.7.1.jar,assets/cobblepedia/patchouli_books/cobblepedia/en_us/entries/metal_coat.json,False,False,"{ ""name"": ""item.cobblemon.metal_coat"", ""category"": ""cobblepedia:items"", ""read_by_default"": true, ""icon"": ""cobblemon:metal_coat"", ""pages"": [ { ""type"": ""patchouli:spotlight"", ""item"": ""cobblemon:metal_coat"", ""title"": ""item.cobblemon.metal_coat"", ""text"": ""book.cob"
cobblepedia,cobblemon-extra\mods\Cobblepedia-Fabric-0.7.1.jar,assets/cobblepedia/patchouli_books/cobblepedia/en_us/entries/metal_powder.json,False,False,"{ ""name"": ""item.cobblemon.metal_powder"", ""category"": ""cobblepedia:items"", ""read_by_default"": true, ""icon"": ""cobblemon:metal_powder"", ""pages"": [ { ""type"": ""patchouli:spotlight"", ""item"": ""cobblemon:metal_powder"", ""link_recipe"": true, ""text"": ""book.cobblepedia.en"
cobblepedia,cobblemon-extra\mods\Cobblepedia-Fabric-0.7.1.jar,assets/cobblepedia/patchouli_books/cobblepedia/en_us/entries/metronome.json,False,False,"{ ""name"": ""item.cobblemon.metronome"", ""category"": ""cobblepedia:items"", ""read_by_default"": true, ""icon"": ""cobblemon:metronome"", ""pages"": [ { ""type"": ""patchouli:spotlight"", ""item"": ""cobblemon:metronome"", ""text"": ""book.cobblepedia.entries.metronome.text"" }, { ""ty"
cobblepedia,cobblemon-extra\mods\Cobblepedia-Fabric-0.7.1.jar,assets/cobblepedia/patchouli_books/cobblepedia/en_us/entries/micle_berry.json,False,False,"{ ""name"": ""item.cobblemon.micle_berry"", ""category"": ""cobblepedia:items"", ""read_by_default"": true, ""icon"": ""cobblemon:micle_berry"", ""pages"": [ { ""type"": ""cobblepedia:mutated_berry"", ""item"": ""cobblemon:micle_berry"" }, { ""type"": ""patchouli:text"", ""title"": ""book.c"
cobblepedia,cobblemon-extra\mods\Cobblepedia-Fabric-0.7.1.jar,assets/cobblepedia/patchouli_books/cobblepedia/en_us/entries/mild_mint.json,False,False,"{ ""name"": ""item.cobblemon.mild_mint"", ""category"": ""cobblepedia:items"", ""read_by_default"": true, ""icon"": ""cobblemon:mild_mint"", ""pages"": [ { ""type"": ""patchouli:spotlight"", ""item"": ""cobblemon:mild_mint"", ""text"": ""book.cobblepedia.entries.mild_mint.text"" }, { ""ty"
cobblepedia,cobblemon-extra\mods\Cobblepedia-Fabric-0.7.1.jar,assets/cobblepedia/patchouli_books/cobblepedia/en_us/entries/mint.json,False,False,"{ ""name"": ""book.cobblepedia.entries.mint"", ""category"": ""cobblepedia:consumables"", ""icon"": ""cobblemon:lonely_mint"", ""pages"": [ { ""type"": ""patchouli:spotlight"", ""title"": ""book.cobblepedia.entries.mint"", ""item"": ""tag:cobblemon:mints"", ""text"": ""book.cobblepedia.en"
cobblepedia,cobblemon-extra\mods\Cobblepedia-Fabric-0.7.1.jar,assets/cobblepedia/patchouli_books/cobblepedia/en_us/entries/mint_leaf.json,False,False,"{ ""name"": ""book.cobblepedia.entries.mint_leaf"", ""category"": ""cobblepedia:agriculture"", ""icon"": ""cobblemon:red_mint_leaf"", ""pages"": [ { ""type"": ""patchouli:spotlight"", ""title"": ""book.cobblepedia.entries.mint_leaf"", ""item"": ""tag:cobblemon:mint_leaf"", ""text"": ""boo"
cobblepedia,cobblemon-extra\mods\Cobblepedia-Fabric-0.7.1.jar,assets/cobblepedia/patchouli_books/cobblepedia/en_us/entries/mint_seeds.json,False,False,"{ ""name"": ""book.cobblepedia.entries.mint_seeds"", ""category"": ""cobblepedia:agriculture"", ""icon"": ""cobblemon:red_mint_seeds"", ""pages"": [ { ""type"": ""patchouli:spotlight"", ""title"": ""book.cobblepedia.entries.mint_seeds"", ""item"": ""tag:cobblemon:mint_seeds"", ""text"": "
cobblepedia,cobblemon-extra\mods\Cobblepedia-Fabric-0.7.1.jar,assets/cobblepedia/patchouli_books/cobblepedia/en_us/entries/miracle_seed.json,False,False,"{ ""name"": ""item.cobblemon.miracle_seed"", ""category"": ""cobblepedia:items"", ""read_by_default"": true, ""icon"": ""cobblemon:miracle_seed"", ""pages"": [ { ""type"": ""patchouli:spotlight"", ""item"": ""cobblemon:miracle_seed"", ""text"": ""book.cobblepedia.entries.miracle_seed.te"
cobblepedia,cobblemon-extra\mods\Cobblepedia-Fabric-0.7.1.jar,assets/cobblepedia/patchouli_books/cobblepedia/en_us/entries/mirror_herb.json,False,False,"{ ""name"": ""item.cobblemon.mirror_herb"", ""category"": ""cobblepedia:items"", ""read_by_default"": true, ""icon"": ""cobblemon:mirror_herb"", ""pages"": [ { ""type"": ""patchouli:spotlight"", ""item"": ""cobblemon:mirror_herb"", ""link_recipe"": true, ""text"": ""book.cobblepedia.entri"
cobblepedia,cobblemon-extra\mods\Cobblepedia-Fabric-0.7.1.jar,assets/cobblepedia/patchouli_books/cobblepedia/en_us/entries/modest_mint.json,False,False,"{ ""name"": ""item.cobblemon.modest_mint"", ""category"": ""cobblepedia:items"", ""read_by_default"": true, ""icon"": ""cobblemon:modest_mint"", ""pages"": [ { ""type"": ""patchouli:spotlight"", ""item"": ""cobblemon:modest_mint"", ""text"": ""book.cobblepedia.entries.modest_mint.text"" "
cobblepedia,cobblemon-extra\mods\Cobblepedia-Fabric-0.7.1.jar,assets/cobblepedia/patchouli_books/cobblepedia/en_us/entries/monitor.json,False,False,"{ ""name"": ""block.cobblemon.monitor"", ""category"": ""cobblepedia:items"", ""read_by_default"": true, ""icon"": ""cobblemon:monitor"", ""pages"": [ { ""type"": ""patchouli:spotlight"", ""item"": ""cobblemon:monitor"", ""title"": ""block.cobblemon.monitor"", ""text"": ""book.cobblepedia.e"
cobblepedia,cobblemon-extra\mods\Cobblepedia-Fabric-0.7.1.jar,assets/cobblepedia/patchouli_books/cobblepedia/en_us/entries/moon_ball.json,False,False,"{ ""name"": ""item.cobblemon.moon_ball"", ""category"": ""cobblepedia:items"", ""read_by_default"": true, ""icon"": ""cobblemon:moon_ball"", ""pages"": [ { ""type"": ""patchouli:spotlight"", ""item"": ""cobblemon:moon_ball"", ""text"": ""book.cobblepedia.entries.moon_ball.text"" }, { ""ty"
cobblepedia,cobblemon-extra\mods\Cobblepedia-Fabric-0.7.1.jar,assets/cobblepedia/patchouli_books/cobblepedia/en_us/entries/moon_rod.json,False,False,"{ ""name"": ""book.cobblepedia.entries.moon_rod.name"", ""category"": ""cobblepedia:items"", ""read_by_default"": true, ""icon"": ""cobblemon:moon_rod"", ""pages"": [ { ""type"": ""patchouli:spotlight"", ""item"": ""cobblemon:moon_rod"", ""text"": ""book.cobblepedia.entries.moon_rod.tex"
cobblepedia,cobblemon-extra\mods\Cobblepedia-Fabric-0.7.1.jar,assets/cobblepedia/patchouli_books/cobblepedia/en_us/entries/moon_stone.json,False,False,"{ ""name"": ""item.cobblemon.moon_stone"", ""category"": ""cobblepedia:items"", ""read_by_default"": true, ""icon"": ""cobblemon:moon_stone"", ""pages"": [ { ""type"": ""patchouli:spotlight"", ""item"": ""cobblemon:moon_stone"", ""title"": ""item.cobblemon.moon_stone"", ""text"": ""book.cob"
cobblepedia,cobblemon-extra\mods\Cobblepedia-Fabric-0.7.1.jar,assets/cobblepedia/patchouli_books/cobblepedia/en_us/entries/moon_stone_block.json,False,False,"{ ""name"": ""block.cobblemon.moon_stone_block"", ""category"": ""cobblepedia:items"", ""read_by_default"": true, ""icon"": ""cobblemon:moon_stone_block"", ""pages"": [ { ""type"": ""patchouli:spotlight"", ""item"": ""cobblemon:moon_stone_block"", ""text"": ""book.cobblepedia.entries.mo"
cobblepedia,cobblemon-extra\mods\Cobblepedia-Fabric-0.7.1.jar,assets/cobblepedia/patchouli_books/cobblepedia/en_us/entries/moon_stone_ore.json,False,False,"{ ""name"": ""block.cobblemon.moon_stone_ore"", ""category"": ""cobblepedia:items"", ""read_by_default"": true, ""icon"": ""cobblemon:moon_stone_ore"", ""pages"": [ { ""type"": ""patchouli:spotlight"", ""item"": ""cobblemon:moon_stone_ore"", ""link_recipe"": true, ""title"": ""block.cobbl"
cobblepedia,cobblemon-extra\mods\Cobblepedia-Fabric-0.7.1.jar,assets/cobblepedia/patchouli_books/cobblepedia/en_us/entries/mossy_oubliette_ruins.json,False,False,"{ ""name"": ""book.cobblepedia.entries.mossy_oubliette_ruins.name"", ""category"": ""cobblepedia:structures"", ""read_by_default"": true, ""icon"": ""minecraft:mossy_stone_bricks"", ""pages"": [ { ""type"": ""patchouli:text"", ""text"": ""book.cobblepedia.entries.mossy_oubliette_rui"
cobblepedia,cobblemon-extra\mods\Cobblepedia-Fabric-0.7.1.jar,assets/cobblepedia/patchouli_books/cobblepedia/en_us/entries/mulch.json,False,False,"{ ""name"": ""book.cobblepedia.entries.mulch"", ""category"": ""cobblepedia:agriculture"", ""icon"": ""cobblemon:mulch_base"", ""pages"": [ { ""type"": ""patchouli:spotlight"", ""title"": ""book.cobblepedia.entries.mulch"", ""item"": ""tag:cobblepedia:mulches"", ""text"": ""book.cobbleped"
cobblepedia,cobblemon-extra\mods\Cobblepedia-Fabric-0.7.1.jar,assets/cobblepedia/patchouli_books/cobblepedia/en_us/entries/mulch_base.json,False,False,"{ ""name"": ""item.cobblemon.mulch_base"", ""category"": ""cobblepedia:items"", ""read_by_default"": true, ""icon"": ""cobblemon:mulch_base"", ""pages"": [ { ""type"": ""patchouli:spotlight"", ""item"": ""cobblemon:mulch_base"", ""text"": ""book.cobblepedia.entries.mulch_base.text"" }, {"
cobblepedia,cobblemon-extra\mods\Cobblepedia-Fabric-0.7.1.jar,assets/cobblepedia/patchouli_books/cobblepedia/en_us/entries/muscle_band.json,False,False,"{ ""name"": ""item.cobblemon.muscle_band"", ""category"": ""cobblepedia:items"", ""read_by_default"": true, ""icon"": ""cobblemon:muscle_band"", ""pages"": [ { ""type"": ""patchouli:spotlight"", ""item"": ""cobblemon:muscle_band"", ""text"": ""book.cobblepedia.entries.muscle_band.text"" "
cobblepedia,cobblemon-extra\mods\Cobblepedia-Fabric-0.7.1.jar,assets/cobblepedia/patchouli_books/cobblepedia/en_us/entries/muscle_feather.json,False,False,"{ ""name"": ""item.cobblemon.muscle_feather"", ""category"": ""cobblepedia:items"", ""read_by_default"": true, ""icon"": ""cobblemon:muscle_feather"", ""pages"": [ { ""type"": ""patchouli:spotlight"", ""item"": ""cobblemon:muscle_feather"", ""link_recipe"": true, ""text"": ""book.cobblepe"
cobblepedia,cobblemon-extra\mods\Cobblepedia-Fabric-0.7.1.jar,assets/cobblepedia/patchouli_books/cobblepedia/en_us/entries/mutated_berry.json,False,False,"{ ""name"": ""book.cobblepedia.entries.mutated_berry"", ""category"": ""cobblepedia:agriculture"", ""icon"": ""cobblemon:leppa_berry"", ""pages"": [ { ""type"": ""patchouli:spotlight"", ""title"": ""book.cobblepedia.entries.mutated_berry"", ""item"": ""tag:cobblemon:mutated_berries"", "
cobblepedia,cobblemon-extra\mods\Cobblepedia-Fabric-0.7.1.jar,assets/cobblepedia/patchouli_books/cobblepedia/en_us/entries/mystic_water.json,False,False,"{ ""name"": ""item.cobblemon.mystic_water"", ""category"": ""cobblepedia:items"", ""read_by_default"": true, ""icon"": ""cobblemon:mystic_water"", ""pages"": [ { ""type"": ""patchouli:spotlight"", ""item"": ""cobblemon:mystic_water"", ""text"": ""book.cobblepedia.entries.mystic_water.te"
cobblepedia,cobblemon-extra\mods\Cobblepedia-Fabric-0.7.1.jar,assets/cobblepedia/patchouli_books/cobblepedia/en_us/entries/naive_mint.json,False,False,"{ ""name"": ""item.cobblemon.naive_mint"", ""category"": ""cobblepedia:items"", ""read_by_default"": true, ""icon"": ""cobblemon:naive_mint"", ""pages"": [ { ""type"": ""patchouli:spotlight"", ""item"": ""cobblemon:naive_mint"", ""text"": ""book.cobblepedia.entries.naive_mint.text"" }, {"
cobblepedia,cobblemon-extra\mods\Cobblepedia-Fabric-0.7.1.jar,assets/cobblepedia/patchouli_books/cobblepedia/en_us/entries/nanab_berry.json,False,False,"{ ""name"": ""item.cobblemon.nanab_berry"", ""category"": ""cobblepedia:items"", ""read_by_default"": true, ""icon"": ""cobblemon:nanab_berry"", ""pages"": [ { ""type"": ""cobblepedia:natural_berry"", ""item"": ""cobblemon:nanab_berry"" }, { ""type"": ""patchouli:text"", ""title"": ""book.c"
cobblepedia,cobblemon-extra\mods\Cobblepedia-Fabric-0.7.1.jar,assets/cobblepedia/patchouli_books/cobblepedia/en_us/entries/natural_berry.json,False,False,"{ ""name"": ""book.cobblepedia.entries.natural_berry"", ""category"": ""cobblepedia:agriculture"", ""icon"": ""cobblemon:cheri_berry"", ""pages"": [ { ""type"": ""patchouli:spotlight"", ""title"": ""book.cobblepedia.entries.natural_berry"", ""item"": ""tag:cobblepedia:natural_berries"""
cobblepedia,cobblemon-extra\mods\Cobblepedia-Fabric-0.7.1.jar,assets/cobblepedia/patchouli_books/cobblepedia/en_us/entries/naughty_mint.json,False,False,"{ ""name"": ""item.cobblemon.naughty_mint"", ""category"": ""cobblepedia:items"", ""read_by_default"": true, ""icon"": ""cobblemon:naughty_mint"", ""pages"": [ { ""type"": ""patchouli:spotlight"", ""item"": ""cobblemon:naughty_mint"", ""text"": ""book.cobblepedia.entries.naughty_mint.te"
cobblepedia,cobblemon-extra\mods\Cobblepedia-Fabric-0.7.1.jar,assets/cobblepedia/patchouli_books/cobblepedia/en_us/entries/nest_ball.json,False,False,"{ ""name"": ""item.cobblemon.nest_ball"", ""category"": ""cobblepedia:items"", ""read_by_default"": true, ""icon"": ""cobblemon:nest_ball"", ""pages"": [ { ""type"": ""patchouli:spotlight"", ""item"": ""cobblemon:nest_ball"", ""text"": ""book.cobblepedia.entries.nest_ball.text"" }, { ""ty"
cobblepedia,cobblemon-extra\mods\Cobblepedia-Fabric-0.7.1.jar,assets/cobblepedia/patchouli_books/cobblepedia/en_us/entries/nest_rod.json,False,False,"{ ""name"": ""book.cobblepedia.entries.nest_rod.name"", ""category"": ""cobblepedia:items"", ""read_by_default"": true, ""icon"": ""cobblemon:nest_rod"", ""pages"": [ { ""type"": ""patchouli:spotlight"", ""item"": ""cobblemon:nest_rod"", ""text"": ""book.cobblepedia.entries.nest_rod.tex"
cobblepedia,cobblemon-extra\mods\Cobblepedia-Fabric-0.7.1.jar,assets/cobblepedia/patchouli_books/cobblepedia/en_us/entries/net_ball.json,False,False,"{ ""name"": ""item.cobblemon.net_ball"", ""category"": ""cobblepedia:items"", ""read_by_default"": true, ""icon"": ""cobblemon:net_ball"", ""pages"": [ { ""type"": ""patchouli:spotlight"", ""item"": ""cobblemon:net_ball"", ""text"": ""book.cobblepedia.entries.net_ball.text"" }, { ""type"":"
cobblepedia,cobblemon-extra\mods\Cobblepedia-Fabric-0.7.1.jar,assets/cobblepedia/patchouli_books/cobblepedia/en_us/entries/net_rod.json,False,False,"{ ""name"": ""book.cobblepedia.entries.net_rod.name"", ""category"": ""cobblepedia:items"", ""read_by_default"": true, ""icon"": ""cobblemon:net_rod"", ""pages"": [ { ""type"": ""patchouli:spotlight"", ""item"": ""cobblemon:net_rod"", ""text"": ""book.cobblepedia.entries.net_rod.text"" }"
cobblepedia,cobblemon-extra\mods\Cobblepedia-Fabric-0.7.1.jar,assets/cobblepedia/patchouli_books/cobblepedia/en_us/entries/nether_fire_stone_ore.json,False,False,"{ ""name"": ""block.cobblemon.nether_fire_stone_ore"", ""category"": ""cobblepedia:items"", ""read_by_default"": true, ""icon"": ""cobblemon:nether_fire_stone_ore"", ""pages"": [ { ""type"": ""patchouli:spotlight"", ""item"": ""cobblemon:nether_fire_stone_ore"", ""link_recipe"": true, "
cobblepedia,cobblemon-extra\mods\Cobblepedia-Fabric-0.7.1.jar,assets/cobblepedia/patchouli_books/cobblepedia/en_us/entries/never_melt_ice.json,False,False,"{ ""name"": ""item.cobblemon.never_melt_ice"", ""category"": ""cobblepedia:items"", ""read_by_default"": true, ""icon"": ""cobblemon:never_melt_ice"", ""pages"": [ { ""type"": ""patchouli:spotlight"", ""item"": ""cobblemon:never_melt_ice"", ""text"": ""book.cobblepedia.entries.never_mel"
cobblepedia,cobblemon-extra\mods\Cobblepedia-Fabric-0.7.1.jar,assets/cobblepedia/patchouli_books/cobblepedia/en_us/entries/nomel_berry.json,False,False,"{ ""name"": ""item.cobblemon.nomel_berry"", ""category"": ""cobblepedia:items"", ""read_by_default"": true, ""icon"": ""cobblemon:nomel_berry"", ""pages"": [ { ""type"": ""cobblepedia:mutated_berry"", ""item"": ""cobblemon:nomel_berry"" }, { ""type"": ""patchouli:text"", ""title"": ""book.c"
cobblepedia,cobblemon-extra\mods\Cobblepedia-Fabric-0.7.1.jar,assets/cobblepedia/patchouli_books/cobblepedia/en_us/entries/normal_gem.json,False,False,"{ ""name"": ""item.cobblemon.normal_gem"", ""category"": ""cobblepedia:items"", ""read_by_default"": true, ""icon"": ""cobblemon:normal_gem"", ""pages"": [ { ""type"": ""patchouli:spotlight"", ""item"": ""cobblemon:normal_gem"", ""link_recipe"": true, ""text"": ""book.cobblepedia.entries."
cobblepedia,cobblemon-extra\mods\Cobblepedia-Fabric-0.7.1.jar,assets/cobblepedia/patchouli_books/cobblepedia/en_us/entries/nostalgic_sherd.json,False,False,"{ ""name"": ""item.cobblemon.nostalgic_sherd"", ""category"": ""cobblepedia:items"", ""read_by_default"": true, ""icon"": ""cobblemon:nostalgic_sherd"", ""pages"": [ { ""type"": ""patchouli:spotlight"", ""item"": ""cobblemon:nostalgic_sherd"", ""link_recipe"": true, ""text"": ""book.cobbl"
cobblepedia,cobblemon-extra\mods\Cobblepedia-Fabric-0.7.1.jar,assets/cobblepedia/patchouli_books/cobblepedia/en_us/entries/nurse_villager.json,False,False,"{ ""name"": ""book.cobblepedia.entries.nurse_villager.name"", ""category"": ""cobblepedia:structures"", ""read_by_default"": true, ""icon"": ""cobblemon:healing_machine"", ""pages"": [ { ""type"": ""patchouli:text"", ""text"": ""book.cobblepedia.entries.nurse_villager.text"" }, { ""ty"
cobblepedia,cobblemon-extra\mods\Cobblepedia-Fabric-0.7.1.jar,assets/cobblepedia/patchouli_books/cobblepedia/en_us/entries/occa_berry.json,False,False,"{ ""name"": ""item.cobblemon.occa_berry"", ""category"": ""cobblepedia:items"", ""read_by_default"": true, ""icon"": ""cobblemon:occa_berry"", ""pages"": [ { ""type"": ""cobblepedia:natural_berry"", ""item"": ""cobblemon:occa_berry"" }, { ""type"": ""patchouli:text"", ""title"": ""book.cobb"
cobblepedia,cobblemon-extra\mods\Cobblepedia-Fabric-0.7.1.jar,assets/cobblepedia/patchouli_books/cobblepedia/en_us/entries/old_amber_fossil.json,False,False,"{ ""name"": ""item.cobblemon.old_amber_fossil"", ""category"": ""cobblepedia:items"", ""read_by_default"": true, ""icon"": ""cobblemon:old_amber_fossil"", ""pages"": [ { ""type"": ""patchouli:spotlight"", ""title"": ""item.cobblemon.old_amber_fossil"", ""item"": ""cobblemon:old_amber_fo"
cobblepedia,cobblemon-extra\mods\Cobblepedia-Fabric-0.7.1.jar,assets/cobblepedia/patchouli_books/cobblepedia/en_us/entries/openstarterscreen_command.json,False,False,"{ ""name"": ""book.cobblepedia.entries.openstarterscreen_command"", ""category"": ""cobblepedia:commands"", ""read_by_default"": true, ""icon"": ""cobblemon:upgrade"", ""pages"": [ { ""type"": ""patchouli:text"", ""text"": ""book.cobblepedia.entries.openstarterscreen_command.text"" }"
cobblepedia,cobblemon-extra\mods\Cobblepedia-Fabric-0.7.1.jar,assets/cobblepedia/patchouli_books/cobblepedia/en_us/entries/oran_berry.json,False,False,"{ ""name"": ""item.cobblemon.oran_berry"", ""category"": ""cobblepedia:items"", ""read_by_default"": true, ""icon"": ""cobblemon:oran_berry"", ""pages"": [ { ""type"": ""cobblepedia:natural_berry"", ""item"": ""cobblemon:oran_berry"" }, { ""type"": ""patchouli:text"", ""title"": ""book.cobb"
cobblepedia,cobblemon-extra\mods\Cobblepedia-Fabric-0.7.1.jar,assets/cobblepedia/patchouli_books/cobblepedia/en_us/entries/oval_stone.json,False,False,"{ ""name"": ""item.cobblemon.oval_stone"", ""category"": ""cobblepedia:items"", ""read_by_default"": true, ""icon"": ""cobblemon:oval_stone"", ""pages"": [ { ""type"": ""patchouli:spotlight"", ""item"": ""cobblemon:oval_stone"", ""link_recipe"": true, ""title"": ""item.cobblemon.oval_ston"
cobblepedia,cobblemon-extra\mods\Cobblepedia-Fabric-0.7.1.jar,assets/cobblepedia/patchouli_books/cobblepedia/en_us/entries/pamtre_berry.json,False,False,"{ ""name"": ""item.cobblemon.pamtre_berry"", ""category"": ""cobblepedia:items"", ""read_by_default"": true, ""icon"": ""cobblemon:pamtre_berry"", ""pages"": [ { ""type"": ""cobblepedia:mutated_berry"", ""item"": ""cobblemon:pamtre_berry"" }, { ""type"": ""patchouli:text"", ""title"": ""boo"
cobblepedia,cobblemon-extra\mods\Cobblepedia-Fabric-0.7.1.jar,assets/cobblepedia/patchouli_books/cobblepedia/en_us/entries/paralyze_heal.json,False,False,"{ ""name"": ""item.cobblemon.paralyze_heal"", ""category"": ""cobblepedia:items"", ""read_by_default"": true, ""icon"": ""cobblemon:paralyze_heal"", ""pages"": [ { ""type"": ""patchouli:spotlight"", ""item"": ""cobblemon:paralyze_heal"", ""text"": ""book.cobblepedia.entries.paralyze_hea"
cobblepedia,cobblemon-extra\mods\Cobblepedia-Fabric-0.7.1.jar,assets/cobblepedia/patchouli_books/cobblepedia/en_us/entries/park_ball.json,False,False,"{ ""name"": ""item.cobblemon.park_ball"", ""category"": ""cobblepedia:items"", ""read_by_default"": true, ""icon"": ""cobblemon:park_ball"", ""pages"": [ { ""type"": ""patchouli:spotlight"", ""item"": ""cobblemon:park_ball"", ""text"": ""book.cobblepedia.entries.park_ball.text"" }, { ""ty"
cobblepedia,cobblemon-extra\mods\Cobblepedia-Fabric-0.7.1.jar,assets/cobblepedia/patchouli_books/cobblepedia/en_us/entries/park_rod.json,False,False,"{ ""name"": ""book.cobblepedia.entries.park_rod.name"", ""category"": ""cobblepedia:items"", ""read_by_default"": true, ""icon"": ""cobblemon:park_rod"", ""pages"": [ { ""type"": ""patchouli:spotlight"", ""item"": ""cobblemon:park_rod"", ""text"": ""book.cobblepedia.entries.park_rod.tex"
cobblepedia,cobblemon-extra\mods\Cobblepedia-Fabric-0.7.1.jar,assets/cobblepedia/patchouli_books/cobblepedia/en_us/entries/passho_berry.json,False,False,"{ ""name"": ""item.cobblemon.passho_berry"", ""category"": ""cobblepedia:items"", ""read_by_default"": true, ""icon"": ""cobblemon:passho_berry"", ""pages"": [ { ""type"": ""cobblepedia:natural_berry"", ""item"": ""cobblemon:passho_berry"" }, { ""type"": ""patchouli:text"", ""title"": ""boo"
cobblepedia,cobblemon-extra\mods\Cobblepedia-Fabric-0.7.1.jar,assets/cobblepedia/patchouli_books/cobblepedia/en_us/entries/pasture.json,False,False,"{ ""name"": ""block.cobblemon.pasture"", ""category"": ""cobblepedia:items"", ""read_by_default"": true, ""icon"": ""cobblemon:pasture"", ""pages"": [ { ""type"": ""patchouli:spotlight"", ""item"": ""cobblemon:pasture"", ""title"": ""block.cobblemon.pasture"", ""text"": ""book.cobblepedia.e"
cobblepedia,cobblemon-extra\mods\Cobblepedia-Fabric-0.7.1.jar,assets/cobblepedia/patchouli_books/cobblepedia/en_us/entries/payapa_berry.json,False,False,"{ ""name"": ""item.cobblemon.payapa_berry"", ""category"": ""cobblepedia:items"", ""read_by_default"": true, ""icon"": ""cobblemon:payapa_berry"", ""pages"": [ { ""type"": ""cobblepedia:natural_berry"", ""item"": ""cobblemon:payapa_berry"" }, { ""type"": ""patchouli:text"", ""title"": ""boo"
cobblepedia,cobblemon-extra\mods\Cobblepedia-Fabric-0.7.1.jar,assets/cobblepedia/patchouli_books/cobblepedia/en_us/entries/pc.json,False,False,"{ ""name"": ""block.cobblemon.pc"", ""category"": ""cobblepedia:items"", ""read_by_default"": true, ""icon"": ""cobblemon:pc"", ""pages"": [ { ""type"": ""patchouli:spotlight"", ""item"": ""cobblemon:pc"", ""title"": ""block.cobblemon.pc"", ""text"": ""book.cobblepedia.entries.pc.text"" }, {"
cobblepedia,cobblemon-extra\mods\Cobblepedia-Fabric-0.7.1.jar,assets/cobblepedia/patchouli_books/cobblepedia/en_us/entries/pc_command.json,False,False,"{ ""name"": ""book.cobblepedia.entries.pc_command"", ""category"": ""cobblepedia:commands"", ""read_by_default"": true, ""icon"": ""cobblemon:pc"", ""pages"": [ { ""type"": ""patchouli:text"", ""text"": ""book.cobblepedia.entries.pc_command.text"" }, { ""type"": ""patchouli:text"", ""titl"
cobblepedia,cobblemon-extra\mods\Cobblepedia-Fabric-0.7.1.jar,assets/cobblepedia/patchouli_books/cobblepedia/en_us/entries/peat_block.json,False,False,"{ ""name"": ""item.cobblemon.peat_block"", ""category"": ""cobblepedia:items"", ""read_by_default"": true, ""icon"": ""cobblemon:peat_block"", ""pages"": [ { ""type"": ""patchouli:spotlight"", ""item"": ""cobblemon:peat_block"", ""link_recipe"": true, ""title"": ""item.cobblemon.peat_bloc"
cobblepedia,cobblemon-extra\mods\Cobblepedia-Fabric-0.7.1.jar,assets/cobblepedia/patchouli_books/cobblepedia/en_us/entries/peat_mulch.json,False,False,"{ ""name"": ""item.cobblemon.peat_mulch"", ""category"": ""cobblepedia:items"", ""read_by_default"": true, ""icon"": ""cobblemon:peat_mulch"", ""pages"": [ { ""type"": ""patchouli:spotlight"", ""item"": ""cobblemon:peat_mulch"", ""text"": ""book.cobblepedia.entries.peat_mulch.text"" }, {"
cobblepedia,cobblemon-extra\mods\Cobblepedia-Fabric-0.7.1.jar,assets/cobblepedia/patchouli_books/cobblepedia/en_us/entries/pecha_berry.json,False,False,"{ ""name"": ""item.cobblemon.pecha_berry"", ""category"": ""cobblepedia:items"", ""read_by_default"": true, ""icon"": ""cobblemon:pecha_berry"", ""pages"": [ { ""type"": ""cobblepedia:natural_berry"", ""item"": ""cobblemon:pecha_berry"" }, { ""type"": ""patchouli:text"", ""title"": ""book.c"
cobblepedia,cobblemon-extra\mods\Cobblepedia-Fabric-0.7.1.jar,assets/cobblepedia/patchouli_books/cobblepedia/en_us/entries/pep_up_flower.json,False,False,"{ ""name"": ""block.cobblemon.pep_up_flower"", ""category"": ""cobblepedia:items"", ""read_by_default"": true, ""icon"": ""cobblemon:pep_up_flower"", ""pages"": [ { ""type"": ""patchouli:spotlight"", ""item"": ""cobblemon:pep_up_flower"", ""link_recipe"": true, ""text"": ""book.cobblepedi"
cobblepedia,cobblemon-extra\mods\Cobblepedia-Fabric-0.7.1.jar,assets/cobblepedia/patchouli_books/cobblepedia/en_us/entries/persim_berry.json,False,False,"{ ""name"": ""item.cobblemon.persim_berry"", ""category"": ""cobblepedia:items"", ""read_by_default"": true, ""icon"": ""cobblemon:persim_berry"", ""pages"": [ { ""type"": ""cobblepedia:natural_berry"", ""item"": ""cobblemon:persim_berry"" }, { ""type"": ""patchouli:text"", ""title"": ""boo"
cobblepedia,cobblemon-extra\mods\Cobblepedia-Fabric-0.7.1.jar,assets/cobblepedia/patchouli_books/cobblepedia/en_us/entries/petaya_berry.json,False,False,"{ ""name"": ""item.cobblemon.petaya_berry"", ""category"": ""cobblepedia:items"", ""read_by_default"": true, ""icon"": ""cobblemon:petaya_berry"", ""pages"": [ { ""type"": ""cobblepedia:mutated_berry"", ""item"": ""cobblemon:petaya_berry"" }, { ""type"": ""patchouli:text"", ""title"": ""boo"
cobblepedia,cobblemon-extra\mods\Cobblepedia-Fabric-0.7.1.jar,assets/cobblepedia/patchouli_books/cobblepedia/en_us/entries/pinap_berry.json,False,False,"{ ""name"": ""item.cobblemon.pinap_berry"", ""category"": ""cobblepedia:items"", ""read_by_default"": true, ""icon"": ""cobblemon:pinap_berry"", ""pages"": [ { ""type"": ""cobblepedia:natural_berry"", ""item"": ""cobblemon:pinap_berry"" }, { ""type"": ""patchouli:text"", ""title"": ""book.c"
cobblepedia,cobblemon-extra\mods\Cobblepedia-Fabric-0.7.1.jar,assets/cobblepedia/patchouli_books/cobblepedia/en_us/entries/pink_apricorn.json,False,False,"{ ""name"": ""item.cobblemon.pink_apricorn"", ""category"": ""cobblepedia:items"", ""read_by_default"": true, ""icon"": ""cobblemon:pink_apricorn"", ""pages"": [ { ""type"": ""patchouli:spotlight"", ""item"": ""cobblemon:pink_apricorn"", ""link_recipe"": true, ""title"": ""item.cobblemon."
cobblepedia,cobblemon-extra\mods\Cobblepedia-Fabric-0.7.1.jar,assets/cobblepedia/patchouli_books/cobblepedia/en_us/entries/pink_apricorn_seed.json,False,False,"{ ""name"": ""item.cobblemon.pink_apricorn_seed"", ""category"": ""cobblepedia:items"", ""read_by_default"": true, ""icon"": ""cobblemon:pink_apricorn_seed"", ""pages"": [ { ""type"": ""patchouli:spotlight"", ""item"": ""cobblemon:pink_apricorn_seed"", ""link_recipe"": true, ""title"": """
cobblepedia,cobblemon-extra\mods\Cobblepedia-Fabric-0.7.1.jar,assets/cobblepedia/patchouli_books/cobblepedia/en_us/entries/pink_gilded_chest.json,False,False,"{ ""name"": ""block.cobblemon.pink_gilded_chest"", ""category"": ""cobblepedia:items"", ""read_by_default"": true, ""icon"": ""cobblemon:pink_gilded_chest"", ""pages"": [ { ""type"": ""patchouli:spotlight"", ""item"": ""cobblemon:pink_gilded_chest"", ""title"": ""block.cobblemon.pink_gi"
cobblepedia,cobblemon-extra\mods\Cobblepedia-Fabric-0.7.1.jar,assets/cobblepedia/patchouli_books/cobblepedia/en_us/entries/pink_mint_leaf.json,False,False,"{ ""name"": ""item.cobblemon.pink_mint_leaf"", ""category"": ""cobblepedia:items"", ""read_by_default"": true, ""icon"": ""cobblemon:pink_mint_leaf"", ""pages"": [ { ""type"": ""patchouli:spotlight"", ""item"": ""cobblemon:pink_mint_leaf"", ""link_recipe"": true, ""text"": ""book.cobblepe"
cobblepedia,cobblemon-extra\mods\Cobblepedia-Fabric-0.7.1.jar,assets/cobblepedia/patchouli_books/cobblepedia/en_us/entries/pink_mint_seeds.json,False,False,"{ ""name"": ""block.cobblemon.pink_mint"", ""category"": ""cobblepedia:items"", ""read_by_default"": true, ""icon"": ""cobblemon:pink_mint_seeds"", ""pages"": [ { ""type"": ""patchouli:spotlight"", ""item"": ""cobblemon:pink_mint_seeds"", ""link_recipe"": true, ""text"": ""book.cobblepedi"
cobblepedia,cobblemon-extra\mods\Cobblepedia-Fabric-0.7.1.jar,assets/cobblepedia/patchouli_books/cobblepedia/en_us/entries/plume_fossil.json,False,False,"{ ""name"": ""item.cobblemon.plume_fossil"", ""category"": ""cobblepedia:items"", ""read_by_default"": true, ""icon"": ""cobblemon:plume_fossil"", ""pages"": [ { ""type"": ""patchouli:spotlight"", ""title"": ""item.cobblemon.plume_fossil"", ""item"": ""cobblemon:plume_fossil"", ""link_rec"
cobblepedia,cobblemon-extra\mods\Cobblepedia-Fabric-0.7.1.jar,assets/cobblepedia/patchouli_books/cobblepedia/en_us/entries/poison_barb.json,False,False,"{ ""name"": ""item.cobblemon.poison_barb"", ""category"": ""cobblepedia:items"", ""read_by_default"": true, ""icon"": ""cobblemon:poison_barb"", ""pages"": [ { ""type"": ""patchouli:spotlight"", ""item"": ""cobblemon:poison_barb"", ""text"": ""book.cobblepedia.entries.poison_barb.text"" "
cobblepedia,cobblemon-extra\mods\Cobblepedia-Fabric-0.7.1.jar,assets/cobblepedia/patchouli_books/cobblepedia/en_us/entries/poison_gem.json,False,False,"{ ""name"": ""item.cobblemon.poison_gem"", ""category"": ""cobblepedia:items"", ""read_by_default"": true, ""icon"": ""cobblemon:poison_gem"", ""pages"": [ { ""type"": ""patchouli:spotlight"", ""item"": ""cobblemon:poison_gem"", ""link_recipe"": true, ""text"": ""book.cobblepedia.entries."
cobblepedia,cobblemon-extra\mods\Cobblepedia-Fabric-0.7.1.jar,assets/cobblepedia/patchouli_books/cobblepedia/en_us/entries/poke_ball.json,False,False,"{ ""name"": ""item.cobblemon.poke_ball"", ""category"": ""cobblepedia:items"", ""read_by_default"": true, ""icon"": ""cobblemon:poke_ball"", ""pages"": [ { ""type"": ""patchouli:spotlight"", ""item"": ""cobblemon:poke_ball"", ""text"": ""book.cobblepedia.entries.poke_ball.text"" }, { ""ty"
cobblepedia,cobblemon-extra\mods\Cobblepedia-Fabric-0.7.1.jar,assets/cobblepedia/patchouli_books/cobblepedia/en_us/entries/poke_ball_intro.json,False,False,"{ ""name"": ""book.cobblepedia.entries.poke_ball_intro"", ""category"": ""cobblepedia:poke_balls"", ""icon"": ""cobblemon:poke_ball"", ""turnin"": ""cobblemon:craft_poke_ball"", ""priority"": true, ""pages"": [ { ""type"": ""patchouli:spotlight"", ""title"": ""book.cobblepedia.entries.p"
cobblepedia,cobblemon-extra\mods\Cobblepedia-Fabric-0.7.1.jar,assets/cobblepedia/patchouli_books/cobblepedia/en_us/entries/poke_ball_tiers.json,False,False,"{ ""name"": ""book.cobblepedia.entries.poke_ball_tiers"", ""category"": ""cobblepedia:poke_balls"", ""icon"": ""cobblemon:luxury_ball"", ""sortnum"": 3, ""pages"": [ { ""type"": ""patchouli:spotlight"", ""title"": ""book.cobblepedia.entries.poke_ball_tiers"", ""item"": ""tag:cobblepedia"
cobblepedia,cobblemon-extra\mods\Cobblepedia-Fabric-0.7.1.jar,assets/cobblepedia/patchouli_books/cobblepedia/en_us/entries/poke_rod.json,False,False,"{ ""name"": ""item.cobblemon.poke_rod"", ""category"": ""cobblepedia:items"", ""read_by_default"": true, ""icon"": ""cobblemon:poke_rod"", ""pages"": [ { ""type"": ""patchouli:spotlight"", ""item"": ""cobblemon:poke_rod"", ""text"": ""book.cobblepedia.entries.poke_rod.text"" }, { ""type"":"
cobblepedia,cobblemon-extra\mods\Cobblepedia-Fabric-0.7.1.jar,assets/cobblepedia/patchouli_books/cobblepedia/en_us/entries/pokebox_command.json,False,False,"{ ""name"": ""book.cobblepedia.entries.pokebox_command"", ""category"": ""cobblepedia:commands"", ""read_by_default"": true, ""icon"": ""cobblemon:pc"", ""pages"": [ { ""type"": ""patchouli:text"", ""text"": ""book.cobblepedia.entries.pokebox_command.text"" }, { ""type"": ""patchouli:te"
cobblepedia,cobblemon-extra\mods\Cobblepedia-Fabric-0.7.1.jar,assets/cobblepedia/patchouli_books/cobblepedia/en_us/entries/pokedex.json,False,False,"{ ""name"": ""book.cobblepedia.entries.pokedex.name"", ""category"": ""cobblepedia:getting_started"", ""icon"": ""cobblemon:pokedex_red"", ""pages"": [ { ""type"": ""patchouli:spotlight"", ""title"": ""book.cobblepedia.entries.pokedex.name"", ""item"": ""tag:cobblemon:pokedex"", ""text"""
cobblepedia,cobblemon-extra\mods\Cobblepedia-Fabric-0.7.1.jar,assets/cobblepedia/patchouli_books/cobblepedia/en_us/entries/pokedex_black.json,False,False,"{ ""name"": ""book.cobblepedia.entries.pokedex_black.name"", ""category"": ""cobblepedia:items"", ""read_by_default"": true, ""icon"": ""cobblemon:pokedex_black"", ""pages"": [ { ""type"": ""patchouli:spotlight"", ""item"": ""cobblemon:pokedex_black"", ""text"": ""book.cobblepedia.entri"
cobblepedia,cobblemon-extra\mods\Cobblepedia-Fabric-0.7.1.jar,assets/cobblepedia/patchouli_books/cobblepedia/en_us/entries/pokedex_blue.json,False,False,"{ ""name"": ""book.cobblepedia.entries.pokedex_blue.name"", ""category"": ""cobblepedia:items"", ""read_by_default"": true, ""icon"": ""cobblemon:pokedex_blue"", ""pages"": [ { ""type"": ""patchouli:spotlight"", ""item"": ""cobblemon:pokedex_blue"", ""text"": ""book.cobblepedia.entries."
cobblepedia,cobblemon-extra\mods\Cobblepedia-Fabric-0.7.1.jar,assets/cobblepedia/patchouli_books/cobblepedia/en_us/entries/pokedex_green.json,False,False,"{ ""name"": ""book.cobblepedia.entries.pokedex_green.name"", ""category"": ""cobblepedia:items"", ""read_by_default"": true, ""icon"": ""cobblemon:pokedex_green"", ""pages"": [ { ""type"": ""patchouli:spotlight"", ""item"": ""cobblemon:pokedex_green"", ""text"": ""book.cobblepedia.entri"
cobblepedia,cobblemon-extra\mods\Cobblepedia-Fabric-0.7.1.jar,assets/cobblepedia/patchouli_books/cobblepedia/en_us/entries/pokedex_pink.json,False,False,"{ ""name"": ""book.cobblepedia.entries.pokedex_pink.name"", ""category"": ""cobblepedia:items"", ""read_by_default"": true, ""icon"": ""cobblemon:pokedex_pink"", ""pages"": [ { ""type"": ""patchouli:spotlight"", ""item"": ""cobblemon:pokedex_pink"", ""text"": ""book.cobblepedia.entries."
cobblepedia,cobblemon-extra\mods\Cobblepedia-Fabric-0.7.1.jar,assets/cobblepedia/patchouli_books/cobblepedia/en_us/entries/pokedex_red.json,False,False,"{ ""name"": ""book.cobblepedia.entries.pokedex_red.name"", ""category"": ""cobblepedia:items"", ""read_by_default"": true, ""icon"": ""cobblemon:pokedex_red"", ""pages"": [ { ""type"": ""patchouli:spotlight"", ""item"": ""cobblemon:pokedex_red"", ""text"": ""book.cobblepedia.entries.pok"
cobblepedia,cobblemon-extra\mods\Cobblepedia-Fabric-0.7.1.jar,assets/cobblepedia/patchouli_books/cobblepedia/en_us/entries/pokedex_white.json,False,False,"{ ""name"": ""book.cobblepedia.entries.pokedex_white.name"", ""category"": ""cobblepedia:items"", ""read_by_default"": true, ""icon"": ""cobblemon:pokedex_white"", ""pages"": [ { ""type"": ""patchouli:spotlight"", ""item"": ""cobblemon:pokedex_white"", ""text"": ""book.cobblepedia.entri"
cobblepedia,cobblemon-extra\mods\Cobblepedia-Fabric-0.7.1.jar,assets/cobblepedia/patchouli_books/cobblepedia/en_us/entries/pokedex_yellow.json,False,False,"{ ""name"": ""book.cobblepedia.entries.pokedex_yellow.name"", ""category"": ""cobblepedia:items"", ""read_by_default"": true, ""icon"": ""cobblemon:pokedex_yellow"", ""pages"": [ { ""type"": ""patchouli:spotlight"", ""item"": ""cobblemon:pokedex_yellow"", ""text"": ""book.cobblepedia.en"
cobblepedia,cobblemon-extra\mods\Cobblepedia-Fabric-0.7.1.jar,assets/cobblepedia/patchouli_books/cobblepedia/en_us/entries/pokemon_drops.json,False,False,"{ ""name"": ""book.cobblepedia.entries.pokemon_drops"", ""category"": ""cobblepedia:pokemon"", ""icon"": ""cobblemon:soft_sand"", ""pages"": [ { ""type"": ""patchouli:text"", ""text"": ""book.cobblepedia.entries.pokemon_drops.text"" }, { ""type"": ""patchouli:link"", ""url"": ""https://wi"
cobblepedia,cobblemon-extra\mods\Cobblepedia-Fabric-0.7.1.jar,assets/cobblepedia/patchouli_books/cobblepedia/en_us/entries/pokemon_spawning.json,False,False,"{ ""name"": ""book.cobblepedia.entries.pokemon_spawning"", ""category"": ""cobblepedia:pokemon"", ""icon"": ""cobblemon:lucky_egg"", ""pages"": [ { ""type"": ""patchouli:text"", ""text"": ""book.cobblepedia.entries.pokemon_spawning.text"" }, { ""type"": ""patchouli:image"", ""border"": t"
cobblepedia,cobblemon-extra\mods\Cobblepedia-Fabric-0.7.1.jar,assets/cobblepedia/patchouli_books/cobblepedia/en_us/entries/pokemonedit_command.json,False,False,"{ ""name"": ""book.cobblepedia.entries.pokemonedit_command"", ""category"": ""cobblepedia:commands"", ""read_by_default"": true, ""icon"": ""cobblemon:upgrade"", ""pages"": [ { ""type"": ""patchouli:text"", ""text"": ""book.cobblepedia.entries.pokemonedit_command.text"" }, { ""type"": "
cobblepedia,cobblemon-extra\mods\Cobblepedia-Fabric-0.7.1.jar,assets/cobblepedia/patchouli_books/cobblepedia/en_us/entries/pokemoneditother_command.json,False,False,"{ ""name"": ""book.cobblepedia.entries.pokemoneditother_command"", ""category"": ""cobblepedia:commands"", ""read_by_default"": true, ""icon"": ""cobblemon:upgrade"", ""pages"": [ { ""type"": ""patchouli:text"", ""text"": ""book.cobblepedia.entries.pokemoneditother_command.text"" }, "
cobblepedia,cobblemon-extra\mods\Cobblepedia-Fabric-0.7.1.jar,assets/cobblepedia/patchouli_books/cobblepedia/en_us/entries/pokerod.json,False,False,"{ ""name"": ""book.cobblepedia.entries.pokerod.name"", ""category"": ""cobblepedia:poke_balls"", ""icon"": ""cobblemon:poke_rod"", ""sortnum"": 3, ""pages"": [ { ""type"": ""patchouli:spotlight"", ""title"": ""book.cobblepedia.entries.pokerod.name"", ""item"": ""tag:cobblemon:poke_rods"""
cobblepedia,cobblemon-extra\mods\Cobblepedia-Fabric-0.7.1.jar,assets/cobblepedia/patchouli_books/cobblepedia/en_us/entries/pokerod_smithing_template.json,False,False,"{ ""name"": ""item.cobblemon.pokerod_smithing_template"", ""category"": ""cobblepedia:items"", ""read_by_default"": true, ""icon"": ""cobblemon:pokerod_smithing_template"", ""pages"": [ { ""type"": ""patchouli:spotlight"", ""item"": ""cobblemon:pokerod_smithing_template"", ""text"": ""b"
cobblepedia,cobblemon-extra\mods\Cobblepedia-Fabric-0.7.1.jar,assets/cobblepedia/patchouli_books/cobblepedia/en_us/entries/polished_black_tumblestone.json,False,False,"{ ""name"": ""block.cobblemon.polished_black_tumblestone"", ""category"": ""cobblepedia:items"", ""read_by_default"": true, ""icon"": ""cobblemon:polished_black_tumblestone"", ""pages"": [ { ""type"": ""patchouli:spotlight"", ""title"": ""block.cobblemon.polished_black_tumblestone"","
cobblepedia,cobblemon-extra\mods\Cobblepedia-Fabric-0.7.1.jar,assets/cobblepedia/patchouli_books/cobblepedia/en_us/entries/polished_black_tumblestone_slab.json,False,False,"{ ""name"": ""block.cobblemon.polished_black_tumblestone_slab"", ""category"": ""cobblepedia:items"", ""read_by_default"": true, ""icon"": ""cobblemon:polished_black_tumblestone_slab"", ""pages"": [ { ""type"": ""patchouli:spotlight"", ""title"": ""block.cobblemon.polished_black_tum"
cobblepedia,cobblemon-extra\mods\Cobblepedia-Fabric-0.7.1.jar,assets/cobblepedia/patchouli_books/cobblepedia/en_us/entries/polished_black_tumblestone_stairs.json,False,False,"{ ""name"": ""block.cobblemon.polished_black_tumblestone_stairs"", ""category"": ""cobblepedia:items"", ""read_by_default"": true, ""icon"": ""cobblemon:polished_black_tumblestone_stairs"", ""pages"": [ { ""type"": ""patchouli:spotlight"", ""title"": ""block.cobblemon.polished_black"
cobblepedia,cobblemon-extra\mods\Cobblepedia-Fabric-0.7.1.jar,assets/cobblepedia/patchouli_books/cobblepedia/en_us/entries/polished_black_tumblestone_wall.json,False,False,"{ ""name"": ""block.cobblemon.polished_black_tumblestone_wall"", ""category"": ""cobblepedia:items"", ""read_by_default"": true, ""icon"": ""cobblemon:polished_black_tumblestone_wall"", ""pages"": [ { ""type"": ""patchouli:spotlight"", ""title"": ""block.cobblemon.polished_black_tum"
cobblepedia,cobblemon-extra\mods\Cobblepedia-Fabric-0.7.1.jar,assets/cobblepedia/patchouli_books/cobblepedia/en_us/entries/polished_sky_tumblestone.json,False,False,"{ ""name"": ""block.cobblemon.polished_sky_tumblestone"", ""category"": ""cobblepedia:items"", ""read_by_default"": true, ""icon"": ""cobblemon:polished_sky_tumblestone"", ""pages"": [ { ""type"": ""patchouli:spotlight"", ""title"": ""block.cobblemon.polished_sky_tumblestone"", ""item"
cobblepedia,cobblemon-extra\mods\Cobblepedia-Fabric-0.7.1.jar,assets/cobblepedia/patchouli_books/cobblepedia/en_us/entries/polished_sky_tumblestone_slab.json,False,False,"{ ""name"": ""block.cobblemon.polished_sky_tumblestone_slab"", ""category"": ""cobblepedia:items"", ""read_by_default"": true, ""icon"": ""cobblemon:polished_sky_tumblestone_slab"", ""pages"": [ { ""type"": ""patchouli:spotlight"", ""title"": ""block.cobblemon.polished_sky_tumblesto"
cobblepedia,cobblemon-extra\mods\Cobblepedia-Fabric-0.7.1.jar,assets/cobblepedia/patchouli_books/cobblepedia/en_us/entries/polished_sky_tumblestone_stairs.json,False,False,"{ ""name"": ""block.cobblemon.polished_sky_tumblestone_stairs"", ""category"": ""cobblepedia:items"", ""read_by_default"": true, ""icon"": ""cobblemon:polished_sky_tumblestone_stairs"", ""pages"": [ { ""type"": ""patchouli:spotlight"", ""title"": ""block.cobblemon.polished_sky_tumbl"
cobblepedia,cobblemon-extra\mods\Cobblepedia-Fabric-0.7.1.jar,assets/cobblepedia/patchouli_books/cobblepedia/en_us/entries/polished_sky_tumblestone_wall.json,False,False,"{ ""name"": ""block.cobblemon.polished_sky_tumblestone_wall"", ""category"": ""cobblepedia:items"", ""read_by_default"": true, ""icon"": ""cobblemon:polished_sky_tumblestone_wall"", ""pages"": [ { ""type"": ""patchouli:spotlight"", ""title"": ""block.cobblemon.polished_sky_tumblesto"
cobblepedia,cobblemon-extra\mods\Cobblepedia-Fabric-0.7.1.jar,assets/cobblepedia/patchouli_books/cobblepedia/en_us/entries/polished_tumblestone.json,False,False,"{ ""name"": ""block.cobblemon.polished_tumblestone"", ""category"": ""cobblepedia:items"", ""read_by_default"": true, ""icon"": ""cobblemon:polished_tumblestone"", ""pages"": [ { ""type"": ""patchouli:spotlight"", ""title"": ""block.cobblemon.polished_tumblestone"", ""item"": ""cobblemo"
cobblepedia,cobblemon-extra\mods\Cobblepedia-Fabric-0.7.1.jar,assets/cobblepedia/patchouli_books/cobblepedia/en_us/entries/polished_tumblestone_set.json,False,False,"{ ""name"": ""book.cobblepedia.entries.polished_tumblestone_set.name"", ""category"": ""cobblepedia:archaeology"", ""icon"": ""cobblemon:polished_tumblestone"", ""pages"": [ { ""type"": ""patchouli:text"", ""text"": ""book.cobblepedia.entries.polished_tumblestone_set.text"" }, { ""t"
cobblepedia,cobblemon-extra\mods\Cobblepedia-Fabric-0.7.1.jar,assets/cobblepedia/patchouli_books/cobblepedia/en_us/entries/polished_tumblestone_slab.json,False,False,"{ ""name"": ""block.cobblemon.polished_tumblestone_slab"", ""category"": ""cobblepedia:items"", ""read_by_default"": true, ""icon"": ""cobblemon:polished_tumblestone_slab"", ""pages"": [ { ""type"": ""patchouli:spotlight"", ""title"": ""block.cobblemon.polished_tumblestone_slab"", ""i"
cobblepedia,cobblemon-extra\mods\Cobblepedia-Fabric-0.7.1.jar,assets/cobblepedia/patchouli_books/cobblepedia/en_us/entries/polished_tumblestone_slabs.json,False,False,"{ ""name"": ""book.cobblepedia.entries.polished_tumblestone_slabs.name"", ""category"": ""cobblepedia:items"", ""icon"": ""cobblemon:polished_tumblestone_slab"", ""pages"": [ { ""type"": ""patchouli:spotlight"", ""title"": ""book.cobblepedia.entries.polished_tumblestone_slabs.name"
cobblepedia,cobblemon-extra\mods\Cobblepedia-Fabric-0.7.1.jar,assets/cobblepedia/patchouli_books/cobblepedia/en_us/entries/polished_tumblestone_stairs.json,False,False,"{ ""name"": ""block.cobblemon.polished_tumblestone_stairs"", ""category"": ""cobblepedia:items"", ""read_by_default"": true, ""icon"": ""cobblemon:polished_tumblestone_stairs"", ""pages"": [ { ""type"": ""patchouli:spotlight"", ""title"": ""block.cobblemon.polished_tumblestone_stair"
cobblepedia,cobblemon-extra\mods\Cobblepedia-Fabric-0.7.1.jar,assets/cobblepedia/patchouli_books/cobblepedia/en_us/entries/polished_tumblestone_wall.json,False,False,"{ ""name"": ""block.cobblemon.polished_tumblestone_wall"", ""category"": ""cobblepedia:items"", ""read_by_default"": true, ""icon"": ""cobblemon:polished_tumblestone_wall"", ""pages"": [ { ""type"": ""patchouli:spotlight"", ""title"": ""block.cobblemon.polished_tumblestone_wall"", ""i"
cobblepedia,cobblemon-extra\mods\Cobblepedia-Fabric-0.7.1.jar,assets/cobblepedia/patchouli_books/cobblepedia/en_us/entries/polished_tumblestone_walls.json,False,False,"{ ""name"": ""book.cobblepedia.entries.polished_tumblestone_walls.name"", ""category"": ""cobblepedia:items"", ""icon"": ""cobblemon:polished_tumblestone_wall"", ""pages"": [ { ""type"": ""patchouli:spotlight"", ""title"": ""book.cobblepedia.entries.polished_tumblestone_walls.name"
cobblepedia,cobblemon-extra\mods\Cobblepedia-Fabric-0.7.1.jar,assets/cobblepedia/patchouli_books/cobblepedia/en_us/entries/polished_tumblestones.json,False,False,"{ ""name"": ""book.cobblepedia.entries.polished_tumblestones.name"", ""category"": ""cobblepedia:items"", ""icon"": ""cobblemon:polished_tumblestone"", ""pages"": [ { ""type"": ""patchouli:spotlight"", ""title"": ""book.cobblepedia.entries.polished_tumblestones.name"", ""item"": ""cob"
cobblepedia,cobblemon-extra\mods\Cobblepedia-Fabric-0.7.1.jar,assets/cobblepedia/patchouli_books/cobblepedia/en_us/entries/polished_tumblestones_stairs.json,False,False,"{ ""name"": ""book.cobblepedia.entries.polished_tumblestones_stairs.name"", ""category"": ""cobblepedia:items"", ""icon"": ""cobblemon:polished_tumblestone_stairs"", ""pages"": [ { ""type"": ""patchouli:spotlight"", ""title"": ""book.cobblepedia.entries.polished_tumblestones_stair"
cobblepedia,cobblemon-extra\mods\Cobblepedia-Fabric-0.7.1.jar,assets/cobblepedia/patchouli_books/cobblepedia/en_us/entries/pomeg_berry.json,False,False,"{ ""name"": ""item.cobblemon.pomeg_berry"", ""category"": ""cobblepedia:items"", ""read_by_default"": true, ""icon"": ""cobblemon:pomeg_berry"", ""pages"": [ { ""type"": ""cobblepedia:mutated_berry"", ""item"": ""cobblemon:pomeg_berry"" }, { ""type"": ""patchouli:text"", ""title"": ""book.c"
cobblepedia,cobblemon-extra\mods\Cobblepedia-Fabric-0.7.1.jar,assets/cobblepedia/patchouli_books/cobblepedia/en_us/entries/potion.json,False,False,"{ ""name"": ""item.cobblemon.potion"", ""category"": ""cobblepedia:items"", ""read_by_default"": true, ""icon"": ""cobblemon:potion"", ""pages"": [ { ""type"": ""patchouli:spotlight"", ""item"": ""cobblemon:potion"", ""text"": ""book.cobblepedia.entries.potion.text"" }, { ""type"": ""cobble"
cobblepedia,cobblemon-extra\mods\Cobblepedia-Fabric-0.7.1.jar,assets/cobblepedia/patchouli_books/cobblepedia/en_us/entries/pottery_sherd.json,False,False,"{ ""name"": ""book.cobblepedia.entries.pottery_sherd.name"", ""category"": ""cobblepedia:archaeology"", ""icon"": ""cobblemon:capture_sherd"", ""pages"": [ { ""type"": ""patchouli:spotlight"", ""title"": ""book.cobblepedia.entries.pottery_sherd.name"", ""item"": ""tag:cobblemon:decora"
cobblepedia,cobblemon-extra\mods\Cobblepedia-Fabric-0.7.1.jar,assets/cobblepedia/patchouli_books/cobblepedia/en_us/entries/power_anklet.json,False,False,"{ ""name"": ""item.cobblemon.power_anklet"", ""category"": ""cobblepedia:items"", ""read_by_default"": true, ""icon"": ""cobblemon:power_anklet"", ""pages"": [ { ""type"": ""patchouli:spotlight"", ""item"": ""cobblemon:power_anklet"", ""text"": ""book.cobblepedia.entries.power_anklet.te"
cobblepedia,cobblemon-extra\mods\Cobblepedia-Fabric-0.7.1.jar,assets/cobblepedia/patchouli_books/cobblepedia/en_us/entries/power_band.json,False,False,"{ ""name"": ""item.cobblemon.power_band"", ""category"": ""cobblepedia:items"", ""read_by_default"": true, ""icon"": ""cobblemon:power_band"", ""pages"": [ { ""type"": ""patchouli:spotlight"", ""item"": ""cobblemon:power_band"", ""text"": ""book.cobblepedia.entries.power_band.text"" }, {"
cobblepedia,cobblemon-extra\mods\Cobblepedia-Fabric-0.7.1.jar,assets/cobblepedia/patchouli_books/cobblepedia/en_us/entries/power_belt.json,False,False,"{ ""name"": ""item.cobblemon.power_belt"", ""category"": ""cobblepedia:items"", ""read_by_default"": true, ""icon"": ""cobblemon:power_belt"", ""pages"": [ { ""type"": ""patchouli:spotlight"", ""item"": ""cobblemon:power_belt"", ""text"": ""book.cobblepedia.entries.power_belt.text"" }, {"
cobblepedia,cobblemon-extra\mods\Cobblepedia-Fabric-0.7.1.jar,assets/cobblepedia/patchouli_books/cobblepedia/en_us/entries/power_bracer.json,False,False,"{ ""name"": ""item.cobblemon.power_bracer"", ""category"": ""cobblepedia:items"", ""read_by_default"": true, ""icon"": ""cobblemon:power_bracer"", ""pages"": [ { ""type"": ""patchouli:spotlight"", ""item"": ""cobblemon:power_bracer"", ""text"": ""book.cobblepedia.entries.power_bracer.te"
cobblepedia,cobblemon-extra\mods\Cobblepedia-Fabric-0.7.1.jar,assets/cobblepedia/patchouli_books/cobblepedia/en_us/entries/power_herb.json,False,False,"{ ""name"": ""item.cobblemon.power_herb"", ""category"": ""cobblepedia:items"", ""read_by_default"": true, ""icon"": ""cobblemon:power_herb"", ""pages"": [ { ""type"": ""patchouli:spotlight"", ""item"": ""cobblemon:power_herb"", ""link_recipe"": true, ""text"": ""book.cobblepedia.entries."
cobblepedia,cobblemon-extra\mods\Cobblepedia-Fabric-0.7.1.jar,assets/cobblepedia/patchouli_books/cobblepedia/en_us/entries/power_item.json,False,False,"{ ""name"": ""book.cobblepedia.entries.power_item"", ""category"": ""cobblepedia:held_items"", ""icon"": ""cobblemon:power_anklet"", ""pages"": [ { ""type"": ""patchouli:spotlight"", ""title"": ""book.cobblepedia.entries.power_item"", ""item"": ""tag:cobblepedia:power_items"", ""text"": "
cobblepedia,cobblemon-extra\mods\Cobblepedia-Fabric-0.7.1.jar,assets/cobblepedia/patchouli_books/cobblepedia/en_us/entries/power_lens.json,False,False,"{ ""name"": ""item.cobblemon.power_lens"", ""category"": ""cobblepedia:items"", ""read_by_default"": true, ""icon"": ""cobblemon:power_lens"", ""pages"": [ { ""type"": ""patchouli:spotlight"", ""item"": ""cobblemon:power_lens"", ""text"": ""book.cobblepedia.entries.power_lens.text"" }, {"
cobblepedia,cobblemon-extra\mods\Cobblepedia-Fabric-0.7.1.jar,assets/cobblepedia/patchouli_books/cobblepedia/en_us/entries/power_weight.json,False,False,"{ ""name"": ""item.cobblemon.power_weight"", ""category"": ""cobblepedia:items"", ""read_by_default"": true, ""icon"": ""cobblemon:power_weight"", ""pages"": [ { ""type"": ""patchouli:spotlight"", ""item"": ""cobblemon:power_weight"", ""text"": ""book.cobblepedia.entries.power_weight.te"
cobblepedia,cobblemon-extra\mods\Cobblepedia-Fabric-0.7.1.jar,assets/cobblepedia/patchouli_books/cobblepedia/en_us/entries/pp_max.json,False,False,"{ ""name"": ""item.cobblemon.pp_max"", ""category"": ""cobblepedia:items"", ""read_by_default"": true, ""icon"": ""cobblemon:pp_max"", ""pages"": [ { ""type"": ""patchouli:spotlight"", ""item"": ""cobblemon:pp_max"", ""text"": ""book.cobblepedia.entries.pp_max.text"" }, { ""type"": ""patcho"
cobblepedia,cobblemon-extra\mods\Cobblepedia-Fabric-0.7.1.jar,assets/cobblepedia/patchouli_books/cobblepedia/en_us/entries/pp_up.json,False,False,"{ ""name"": ""item.cobblemon.pp_up"", ""category"": ""cobblepedia:items"", ""read_by_default"": true, ""icon"": ""cobblemon:pp_up"", ""pages"": [ { ""type"": ""patchouli:spotlight"", ""item"": ""cobblemon:pp_up"", ""text"": ""book.cobblepedia.entries.pp_up.text"" }, { ""type"": ""patchouli:"
cobblepedia,cobblemon-extra\mods\Cobblepedia-Fabric-0.7.1.jar,assets/cobblepedia/patchouli_books/cobblepedia/en_us/entries/prehistoric_birch_tree.json,False,False,"{ ""name"": ""book.cobblepedia.entries.prehistoric_birch_tree.name"", ""category"": ""cobblepedia:structures"", ""read_by_default"": true, ""icon"": ""minecraft:birch_wood"", ""pages"": [ { ""type"": ""patchouli:text"", ""text"": ""book.cobblepedia.entries.prehistoric_birch_tree.tex"
cobblepedia,cobblemon-extra\mods\Cobblepedia-Fabric-0.7.1.jar,assets/cobblepedia/patchouli_books/cobblepedia/en_us/entries/prehistoric_dripstone_oasis.json,False,False,"{ ""name"": ""book.cobblepedia.entries.prehistoric_dripstone_oasis.name"", ""category"": ""cobblepedia:structures"", ""read_by_default"": true, ""icon"": ""minecraft:dripstone_block"", ""pages"": [ { ""type"": ""patchouli:text"", ""text"": ""book.cobblepedia.entries.prehistoric_drip"
cobblepedia,cobblemon-extra\mods\Cobblepedia-Fabric-0.7.1.jar,assets/cobblepedia/patchouli_books/cobblepedia/en_us/entries/prehistoric_enhydro_agate.json,False,False,"{ ""name"": ""book.cobblepedia.entries.prehistoric_enhydro_agate.name"", ""category"": ""cobblepedia:structures"", ""read_by_default"": true, ""icon"": ""cobblemon:deepslate_water_stone_ore"", ""pages"": [ { ""type"": ""patchouli:text"", ""text"": ""book.cobblepedia.entries.prehisto"
cobblepedia,cobblemon-extra\mods\Cobblepedia-Fabric-0.7.1.jar,assets/cobblepedia/patchouli_books/cobblepedia/en_us/entries/prehistoric_eroded_pillar.json,False,False,"{ ""name"": ""book.cobblepedia.entries.prehistoric_eroded_pillar.name"", ""category"": ""cobblepedia:structures"", ""read_by_default"": true, ""icon"": ""minecraft:red_sand"", ""pages"": [ { ""type"": ""patchouli:text"", ""text"": ""book.cobblepedia.entries.prehistoric_eroded_pillar"
cobblepedia,cobblemon-extra\mods\Cobblepedia-Fabric-0.7.1.jar,assets/cobblepedia/patchouli_books/cobblepedia/en_us/entries/prehistoric_frozen_pond.json,False,False,"{ ""name"": ""book.cobblepedia.entries.prehistoric_frozen_pond.name"", ""category"": ""cobblepedia:structures"", ""read_by_default"": true, ""icon"": ""minecraft:ice"", ""pages"": [ { ""type"": ""patchouli:text"", ""text"": ""book.cobblepedia.entries.prehistoric_frozen_pond.text"" },"
cobblepedia,cobblemon-extra\mods\Cobblepedia-Fabric-0.7.1.jar,assets/cobblepedia/patchouli_books/cobblepedia/en_us/entries/prehistoric_frozen_spike.json,False,False,"{ ""name"": ""book.cobblepedia.entries.prehistoric_frozen_spike.name"", ""category"": ""cobblepedia:structures"", ""read_by_default"": true, ""icon"": ""minecraft:packed_ice"", ""pages"": [ { ""type"": ""patchouli:text"", ""text"": ""book.cobblepedia.entries.prehistoric_frozen_spike"
cobblepedia,cobblemon-extra\mods\Cobblepedia-Fabric-0.7.1.jar,assets/cobblepedia/patchouli_books/cobblepedia/en_us/entries/prehistoric_hydrothermal_vents.json,False,False,"{ ""name"": ""book.cobblepedia.entries.prehistoric_hydrothermal_vents.name"", ""category"": ""cobblepedia:structures"", ""read_by_default"": true, ""icon"": ""minecraft:basalt"", ""pages"": [ { ""type"": ""patchouli:text"", ""text"": ""book.cobblepedia.entries.prehistoric_hydrotherm"
cobblepedia,cobblemon-extra\mods\Cobblepedia-Fabric-0.7.1.jar,assets/cobblepedia/patchouli_books/cobblepedia/en_us/entries/prehistoric_lush_den.json,False,False,"{ ""name"": ""book.cobblepedia.entries.prehistoric_lush_den.name"", ""category"": ""cobblepedia:structures"", ""read_by_default"": true, ""icon"": ""minecraft:jungle_leaves"", ""pages"": [ { ""type"": ""patchouli:text"", ""text"": ""book.cobblepedia.entries.prehistoric_lush_den.text"
cobblepedia,cobblemon-extra\mods\Cobblepedia-Fabric-0.7.1.jar,assets/cobblepedia/patchouli_books/cobblepedia/en_us/entries/prehistoric_mossy_pond.json,False,False,"{ ""name"": ""book.cobblepedia.entries.prehistoric_mossy_pond.name"", ""category"": ""cobblepedia:structures"", ""read_by_default"": true, ""icon"": ""cobblemon:deepslate_water_stone_ore"", ""pages"": [ { ""type"": ""patchouli:text"", ""text"": ""book.cobblepedia.entries.prehistoric"
cobblepedia,cobblemon-extra\mods\Cobblepedia-Fabric-0.7.1.jar,assets/cobblepedia/patchouli_books/cobblepedia/en_us/entries/prehistoric_mud_pit.json,False,False,"{ ""name"": ""book.cobblepedia.entries.prehistoric_mud_pit.name"", ""category"": ""cobblepedia:structures"", ""read_by_default"": true, ""icon"": ""minecraft:mud"", ""pages"": [ { ""type"": ""patchouli:text"", ""text"": ""book.cobblepedia.entries.prehistoric_mud_pit.text"" }, { ""type"
cobblepedia,cobblemon-extra\mods\Cobblepedia-Fabric-0.7.1.jar,assets/cobblepedia/patchouli_books/cobblepedia/en_us/entries/prehistoric_oak_tree.json,False,False,"{ ""name"": ""book.cobblepedia.entries.prehistoric_oak_tree.name"", ""category"": ""cobblepedia:structures"", ""read_by_default"": true, ""icon"": ""minecraft:oak_wood"", ""pages"": [ { ""type"": ""patchouli:text"", ""text"": ""book.cobblepedia.entries.prehistoric_oak_tree.text"" }, "
cobblepedia,cobblemon-extra\mods\Cobblepedia-Fabric-0.7.1.jar,assets/cobblepedia/patchouli_books/cobblepedia/en_us/entries/prehistoric_powdered_deposit.json,False,False,"{ ""name"": ""book.cobblepedia.entries.prehistoric_powdered_deposit.name"", ""category"": ""cobblepedia:structures"", ""read_by_default"": true, ""icon"": ""minecraft:snow_block"", ""pages"": [ { ""type"": ""patchouli:text"", ""text"": ""book.cobblepedia.entries.prehistoric_powdered"
cobblepedia,cobblemon-extra\mods\Cobblepedia-Fabric-0.7.1.jar,assets/cobblepedia/patchouli_books/cobblepedia/en_us/entries/prehistoric_preserved_skeleton.json,False,False,"{ ""name"": ""book.cobblepedia.entries.prehistoric_preserved_skeleton.name"", ""category"": ""cobblepedia:structures"", ""read_by_default"": true, ""icon"": ""minecraft:bone_block"", ""pages"": [ { ""type"": ""patchouli:text"", ""text"": ""book.cobblepedia.entries.prehistoric_preser"
cobblepedia,cobblemon-extra\mods\Cobblepedia-Fabric-0.7.1.jar,assets/cobblepedia/patchouli_books/cobblepedia/en_us/entries/prehistoric_rooted_pit.json,False,False,"{ ""name"": ""book.cobblepedia.entries.prehistoric_rooted_pit.name"", ""category"": ""cobblepedia:structures"", ""read_by_default"": true, ""icon"": ""minecraft:mangrove_roots"", ""pages"": [ { ""type"": ""patchouli:text"", ""text"": ""book.cobblepedia.entries.prehistoric_rooted_pit"
cobblepedia,cobblemon-extra\mods\Cobblepedia-Fabric-0.7.1.jar,assets/cobblepedia/patchouli_books/cobblepedia/en_us/entries/prehistoric_sandy_den.json,False,False,"{ ""name"": ""book.cobblepedia.entries.prehistoric_sandy_den.name"", ""category"": ""cobblepedia:structures"", ""read_by_default"": true, ""icon"": ""minecraft:sandstone"", ""pages"": [ { ""type"": ""patchouli:text"", ""text"": ""book.cobblepedia.entries.prehistoric_sandy_den.text"" "
cobblepedia,cobblemon-extra\mods\Cobblepedia-Fabric-0.7.1.jar,assets/cobblepedia/patchouli_books/cobblepedia/en_us/entries/prehistoric_spruce_tree.json,False,False,"{ ""name"": ""book.cobblepedia.entries.prehistoric_spruce_tree.name"", ""category"": ""cobblepedia:structures"", ""read_by_default"": true, ""icon"": ""minecraft:spruce_wood"", ""pages"": [ { ""type"": ""patchouli:text"", ""text"": ""book.cobblepedia.entries.prehistoric_spruce_tree."
cobblepedia,cobblemon-extra\mods\Cobblepedia-Fabric-0.7.1.jar,assets/cobblepedia/patchouli_books/cobblepedia/en_us/entries/prehistoric_submerged_impact.json,False,False,"{ ""name"": ""book.cobblepedia.entries.prehistoric_submerged_impact.name"", ""category"": ""cobblepedia:structures"", ""read_by_default"": true, ""icon"": ""minecraft:gravel"", ""pages"": [ { ""type"": ""patchouli:text"", ""text"": ""book.cobblepedia.entries.prehistoric_submerged_im"
cobblepedia,cobblemon-extra\mods\Cobblepedia-Fabric-0.7.1.jar,assets/cobblepedia/patchouli_books/cobblepedia/en_us/entries/prehistoric_submerged_spike.json,False,False,"{ ""name"": ""book.cobblepedia.entries.prehistoric_submerged_spike.name"", ""category"": ""cobblepedia:structures"", ""read_by_default"": true, ""icon"": ""minecraft:stone"", ""pages"": [ { ""type"": ""patchouli:text"", ""text"": ""book.cobblepedia.entries.prehistoric_submerged_spik"
cobblepedia,cobblemon-extra\mods\Cobblepedia-Fabric-0.7.1.jar,assets/cobblepedia/patchouli_books/cobblepedia/en_us/entries/prehistoric_sunscorched_den.json,False,False,"{ ""name"": ""book.cobblepedia.entries.prehistoric_sunscorched_den.name"", ""category"": ""cobblepedia:structures"", ""read_by_default"": true, ""icon"": ""minecraft:blue_ice"", ""pages"": [ { ""type"": ""patchouli:text"", ""text"": ""book.cobblepedia.entries.prehistoric_sunscorched"
cobblepedia,cobblemon-extra\mods\Cobblepedia-Fabric-0.7.1.jar,assets/cobblepedia/patchouli_books/cobblepedia/en_us/entries/prehistoric_sunscorched_remains.json,False,False,"{ ""name"": ""book.cobblepedia.entries.prehistoric_sunscorched_remains.name"", ""category"": ""cobblepedia:structures"", ""read_by_default"": true, ""icon"": ""minecraft:smooth_basalt"", ""pages"": [ { ""type"": ""patchouli:text"", ""text"": ""book.cobblepedia.entries.prehistoric_su"
cobblepedia,cobblemon-extra\mods\Cobblepedia-Fabric-0.7.1.jar,assets/cobblepedia/patchouli_books/cobblepedia/en_us/entries/prehistoric_suspicious_mound.json,False,False,"{ ""name"": ""book.cobblepedia.entries.prehistoric_suspicious_mound.name"", ""category"": ""cobblepedia:structures"", ""read_by_default"": true, ""icon"": ""minecraft:grass_block"", ""pages"": [ { ""type"": ""patchouli:text"", ""text"": ""book.cobblepedia.entries.prehistoric_suspici"
cobblepedia,cobblemon-extra\mods\Cobblepedia-Fabric-0.7.1.jar,assets/cobblepedia/patchouli_books/cobblepedia/en_us/entries/prehistoric_underwater_fissure.json,False,False,"{ ""name"": ""book.cobblepedia.entries.prehistoric_underwater_fissure.name"", ""category"": ""cobblepedia:structures"", ""read_by_default"": true, ""icon"": ""minecraft:magma_block"", ""pages"": [ { ""type"": ""patchouli:text"", ""text"": ""book.cobblepedia.entries.prehistoric_under"
cobblepedia,cobblemon-extra\mods\Cobblepedia-Fabric-0.7.1.jar,assets/cobblepedia/patchouli_books/cobblepedia/en_us/entries/prehistoric_vibrant_hydrothermal_vents.json,False,False,"{ ""name"": ""book.cobblepedia.entries.prehistoric_vibrant_hydrothermal_vents.name"", ""category"": ""cobblepedia:structures"", ""read_by_default"": true, ""icon"": ""minecraft:basalt"", ""pages"": [ { ""type"": ""patchouli:text"", ""text"": ""book.cobblepedia.entries.prehistoric_vi"
cobblepedia,cobblemon-extra\mods\Cobblepedia-Fabric-0.7.1.jar,assets/cobblepedia/patchouli_books/cobblepedia/en_us/entries/premier_ball.json,False,False,"{ ""name"": ""item.cobblemon.premier_ball"", ""category"": ""cobblepedia:items"", ""read_by_default"": true, ""icon"": ""cobblemon:premier_ball"", ""pages"": [ { ""type"": ""patchouli:spotlight"", ""item"": ""cobblemon:premier_ball"", ""text"": ""book.cobblepedia.entries.premier_ball.te"
cobblepedia,cobblemon-extra\mods\Cobblepedia-Fabric-0.7.1.jar,assets/cobblepedia/patchouli_books/cobblepedia/en_us/entries/premier_rod.json,False,False,"{ ""name"": ""book.cobblepedia.entries.premier_rod.name"", ""category"": ""cobblepedia:items"", ""read_by_default"": true, ""icon"": ""cobblemon:premier_rod"", ""pages"": [ { ""type"": ""patchouli:spotlight"", ""item"": ""cobblemon:premier_rod"", ""text"": ""book.cobblepedia.entries.pre"
cobblepedia,cobblemon-extra\mods\Cobblepedia-Fabric-0.7.1.jar,assets/cobblepedia/patchouli_books/cobblepedia/en_us/entries/prism_scale.json,False,False,"{ ""name"": ""item.cobblemon.prism_scale"", ""category"": ""cobblepedia:items"", ""read_by_default"": true, ""icon"": ""cobblemon:prism_scale"", ""pages"": [ { ""type"": ""patchouli:spotlight"", ""item"": ""cobblemon:prism_scale"", ""link_recipe"": true, ""title"": ""item.cobblemon.prism_"
cobblepedia,cobblemon-extra\mods\Cobblepedia-Fabric-0.7.1.jar,assets/cobblepedia/patchouli_books/cobblepedia/en_us/entries/protective_pads.json,False,False,"{ ""name"": ""item.cobblemon.protective_pads"", ""category"": ""cobblepedia:items"", ""read_by_default"": true, ""icon"": ""cobblemon:protective_pads"", ""pages"": [ { ""type"": ""patchouli:spotlight"", ""item"": ""cobblemon:protective_pads"", ""text"": ""book.cobblepedia.entries.protec"
cobblepedia,cobblemon-extra\mods\Cobblepedia-Fabric-0.7.1.jar,assets/cobblepedia/patchouli_books/cobblepedia/en_us/entries/protector.json,False,False,"{ ""name"": ""item.cobblemon.protector"", ""category"": ""cobblepedia:items"", ""read_by_default"": true, ""icon"": ""cobblemon:protector"", ""pages"": [ { ""type"": ""patchouli:spotlight"", ""item"": ""cobblemon:protector"", ""title"": ""item.cobblemon.protector"", ""text"": ""book.cobblep"
cobblepedia,cobblemon-extra\mods\Cobblepedia-Fabric-0.7.1.jar,assets/cobblepedia/patchouli_books/cobblepedia/en_us/entries/protein.json,False,False,"{ ""name"": ""item.cobblemon.protein"", ""category"": ""cobblepedia:items"", ""read_by_default"": true, ""icon"": ""cobblemon:protein"", ""pages"": [ { ""type"": ""patchouli:spotlight"", ""item"": ""cobblemon:protein"", ""text"": ""book.cobblepedia.entries.protein.text"" }, { ""type"": ""pa"
cobblepedia,cobblemon-extra\mods\Cobblepedia-Fabric-0.7.1.jar,assets/cobblepedia/patchouli_books/cobblepedia/en_us/entries/psychic_gem.json,False,False,"{ ""name"": ""item.cobblemon.psychic_gem"", ""category"": ""cobblepedia:items"", ""read_by_default"": true, ""icon"": ""cobblemon:psychic_gem"", ""pages"": [ { ""type"": ""patchouli:spotlight"", ""item"": ""cobblemon:psychic_gem"", ""link_recipe"": true, ""text"": ""book.cobblepedia.entri"
cobblepedia,cobblemon-extra\mods\Cobblepedia-Fabric-0.7.1.jar,assets/cobblepedia/patchouli_books/cobblepedia/en_us/entries/punching_glove.json,False,False,"{ ""name"": ""item.cobblemon.punching_glove"", ""category"": ""cobblepedia:items"", ""read_by_default"": true, ""icon"": ""cobblemon:punching_glove"", ""pages"": [ { ""type"": ""patchouli:spotlight"", ""item"": ""cobblemon:punching_glove"", ""text"": ""book.cobblepedia.entries.punching_"
cobblepedia,cobblemon-extra\mods\Cobblepedia-Fabric-0.7.1.jar,assets/cobblepedia/patchouli_books/cobblepedia/en_us/entries/qualot_berry.json,False,False,"{ ""name"": ""item.cobblemon.qualot_berry"", ""category"": ""cobblepedia:items"", ""read_by_default"": true, ""icon"": ""cobblemon:qualot_berry"", ""pages"": [ { ""type"": ""cobblepedia:mutated_berry"", ""item"": ""cobblemon:qualot_berry"" }, { ""type"": ""patchouli:text"", ""title"": ""boo"
cobblepedia,cobblemon-extra\mods\Cobblepedia-Fabric-0.7.1.jar,assets/cobblepedia/patchouli_books/cobblepedia/en_us/entries/quick_ball.json,False,False,"{ ""name"": ""item.cobblemon.quick_ball"", ""category"": ""cobblepedia:items"", ""read_by_default"": true, ""icon"": ""cobblemon:quick_ball"", ""pages"": [ { ""type"": ""patchouli:spotlight"", ""item"": ""cobblemon:quick_ball"", ""text"": ""book.cobblepedia.entries.quick_ball.text"" }, {"
cobblepedia,cobblemon-extra\mods\Cobblepedia-Fabric-0.7.1.jar,assets/cobblepedia/patchouli_books/cobblepedia/en_us/entries/quick_claw.json,False,False,"{ ""name"": ""item.cobblemon.quick_claw"", ""category"": ""cobblepedia:items"", ""read_by_default"": true, ""icon"": ""cobblemon:quick_claw"", ""pages"": [ { ""type"": ""patchouli:spotlight"", ""item"": ""cobblemon:quick_claw"", ""link_recipe"": true, ""text"": ""book.cobblepedia.entries."
cobblepedia,cobblemon-extra\mods\Cobblepedia-Fabric-0.7.1.jar,assets/cobblepedia/patchouli_books/cobblepedia/en_us/entries/quick_powder.json,False,False,"{ ""name"": ""item.cobblemon.quick_powder"", ""category"": ""cobblepedia:items"", ""read_by_default"": true, ""icon"": ""cobblemon:quick_powder"", ""pages"": [ { ""type"": ""patchouli:spotlight"", ""item"": ""cobblemon:quick_powder"", ""link_recipe"": true, ""text"": ""book.cobblepedia.en"
cobblepedia,cobblemon-extra\mods\Cobblepedia-Fabric-0.7.1.jar,assets/cobblepedia/patchouli_books/cobblepedia/en_us/entries/quick_rod.json,False,False,"{ ""name"": ""book.cobblepedia.entries.premier_rod.name"", ""category"": ""cobblepedia:items"", ""read_by_default"": true, ""icon"": ""cobblemon:quick_rod"", ""pages"": [ { ""type"": ""patchouli:spotlight"", ""item"": ""cobblemon:quick_rod"", ""text"": ""book.cobblepedia.entries.quick_r"
cobblepedia,cobblemon-extra\mods\Cobblepedia-Fabric-0.7.1.jar,assets/cobblepedia/patchouli_books/cobblepedia/en_us/entries/quiet_mint.json,False,False,"{ ""name"": ""item.cobblemon.quiet_mint"", ""category"": ""cobblepedia:items"", ""read_by_default"": true, ""icon"": ""cobblemon:quiet_mint"", ""pages"": [ { ""type"": ""patchouli:spotlight"", ""item"": ""cobblemon:quiet_mint"", ""text"": ""book.cobblepedia.entries.quiet_mint.text"" }, {"
cobblepedia,cobblemon-extra\mods\Cobblepedia-Fabric-0.7.1.jar,assets/cobblepedia/patchouli_books/cobblepedia/en_us/entries/rabuta_berry.json,False,False,"{ ""name"": ""item.cobblemon.rabuta_berry"", ""category"": ""cobblepedia:items"", ""read_by_default"": true, ""icon"": ""cobblemon:rabuta_berry"", ""pages"": [ { ""type"": ""cobblepedia:mutated_berry"", ""item"": ""cobblemon:rabuta_berry"" }, { ""type"": ""patchouli:text"", ""title"": ""boo"
cobblepedia,cobblemon-extra\mods\Cobblepedia-Fabric-0.7.1.jar,assets/cobblepedia/patchouli_books/cobblepedia/en_us/entries/rare_candy.json,False,False,"{ ""name"": ""item.cobblemon.rare_candy"", ""category"": ""cobblepedia:items"", ""read_by_default"": true, ""icon"": ""cobblemon:rare_candy"", ""pages"": [ { ""type"": ""patchouli:spotlight"", ""item"": ""cobblemon:rare_candy"", ""link_recipe"": true, ""text"": ""book.cobblepedia.entries."
cobblepedia,cobblemon-extra\mods\Cobblepedia-Fabric-0.7.1.jar,assets/cobblepedia/patchouli_books/cobblepedia/en_us/entries/rash_mint.json,False,False,"{ ""name"": ""item.cobblemon.rash_mint"", ""category"": ""cobblepedia:items"", ""read_by_default"": true, ""icon"": ""cobblemon:rash_mint"", ""pages"": [ { ""type"": ""patchouli:spotlight"", ""item"": ""cobblemon:rash_mint"", ""text"": ""book.cobblepedia.entries.rash_mint.text"" }, { ""ty"
cobblepedia,cobblemon-extra\mods\Cobblepedia-Fabric-0.7.1.jar,assets/cobblepedia/patchouli_books/cobblepedia/en_us/entries/rawst_berry.json,False,False,"{ ""name"": ""item.cobblemon.rawst_berry"", ""category"": ""cobblepedia:items"", ""read_by_default"": true, ""icon"": ""cobblemon:rawst_berry"", ""pages"": [ { ""type"": ""cobblepedia:natural_berry"", ""item"": ""cobblemon:rawst_berry"" }, { ""type"": ""patchouli:text"", ""title"": ""book.c"
cobblepedia,cobblemon-extra\mods\Cobblepedia-Fabric-0.7.1.jar,assets/cobblepedia/patchouli_books/cobblepedia/en_us/entries/razor_claw.json,False,False,"{ ""name"": ""item.cobblemon.razor_claw"", ""category"": ""cobblepedia:items"", ""read_by_default"": true, ""icon"": ""cobblemon:razor_claw"", ""pages"": [ { ""type"": ""patchouli:spotlight"", ""item"": ""cobblemon:razor_claw"", ""link_recipe"": true, ""text"": ""book.cobblepedia.entries."
cobblepedia,cobblemon-extra\mods\Cobblepedia-Fabric-0.7.1.jar,assets/cobblepedia/patchouli_books/cobblepedia/en_us/entries/razor_fang.json,False,False,"{ ""name"": ""item.cobblemon.razor_fang"", ""category"": ""cobblepedia:items"", ""read_by_default"": true, ""icon"": ""cobblemon:razor_fang"", ""pages"": [ { ""type"": ""patchouli:spotlight"", ""item"": ""cobblemon:razor_fang"", ""link_recipe"": true, ""text"": ""book.cobblepedia.entries."
cobblepedia,cobblemon-extra\mods\Cobblepedia-Fabric-0.7.1.jar,assets/cobblepedia/patchouli_books/cobblepedia/en_us/entries/razz_berry.json,False,False,"{ ""name"": ""item.cobblemon.razz_berry"", ""category"": ""cobblepedia:items"", ""read_by_default"": true, ""icon"": ""cobblemon:razz_berry"", ""pages"": [ { ""type"": ""cobblepedia:natural_berry"", ""item"": ""cobblemon:razz_berry"" }, { ""type"": ""patchouli:text"", ""title"": ""book.cobb"
cobblepedia,cobblemon-extra\mods\Cobblepedia-Fabric-0.7.1.jar,assets/cobblepedia/patchouli_books/cobblepedia/en_us/entries/reaper_cloth.json,False,False,"{ ""name"": ""item.cobblemon.reaper_cloth"", ""category"": ""cobblepedia:items"", ""read_by_default"": true, ""icon"": ""cobblemon:reaper_cloth"", ""pages"": [ { ""type"": ""patchouli:spotlight"", ""item"": ""cobblemon:reaper_cloth"", ""title"": ""item.cobblemon.reaper_cloth"", ""text"": """
cobblepedia,cobblemon-extra\mods\Cobblepedia-Fabric-0.7.1.jar,assets/cobblepedia/patchouli_books/cobblepedia/en_us/entries/red_apricorn.json,False,False,"{ ""name"": ""item.cobblemon.red_apricorn"", ""category"": ""cobblepedia:items"", ""read_by_default"": true, ""icon"": ""cobblemon:red_apricorn"", ""pages"": [ { ""type"": ""patchouli:spotlight"", ""item"": ""cobblemon:red_apricorn"", ""link_recipe"": true, ""title"": ""item.cobblemon.red"
cobblepedia,cobblemon-extra\mods\Cobblepedia-Fabric-0.7.1.jar,assets/cobblepedia/patchouli_books/cobblepedia/en_us/entries/red_apricorn_seed.json,False,False,"{ ""name"": ""item.cobblemon.red_apricorn_seed"", ""category"": ""cobblepedia:items"", ""read_by_default"": true, ""icon"": ""cobblemon:red_apricorn_seed"", ""pages"": [ { ""type"": ""patchouli:spotlight"", ""item"": ""cobblemon:red_apricorn_seed"", ""link_recipe"": true, ""title"": ""ite"
cobblepedia,cobblemon-extra\mods\Cobblepedia-Fabric-0.7.1.jar,assets/cobblepedia/patchouli_books/cobblepedia/en_us/entries/red_card.json,False,False,"{ ""name"": ""item.cobblemon.red_card"", ""category"": ""cobblepedia:items"", ""read_by_default"": true, ""icon"": ""cobblemon:red_card"", ""pages"": [ { ""type"": ""patchouli:spotlight"", ""item"": ""cobblemon:red_card"", ""text"": ""book.cobblepedia.entries.red_card.text"" }, { ""type"":"
cobblepedia,cobblemon-extra\mods\Cobblepedia-Fabric-0.7.1.jar,assets/cobblepedia/patchouli_books/cobblepedia/en_us/entries/red_mint_leaf.json,False,False,"{ ""name"": ""item.cobblemon.red_mint_leaf"", ""category"": ""cobblepedia:items"", ""read_by_default"": true, ""icon"": ""cobblemon:red_mint_leaf"", ""pages"": [ { ""type"": ""patchouli:spotlight"", ""item"": ""cobblemon:red_mint_leaf"", ""link_recipe"": true, ""text"": ""book.cobblepedia"
cobblepedia,cobblemon-extra\mods\Cobblepedia-Fabric-0.7.1.jar,assets/cobblepedia/patchouli_books/cobblepedia/en_us/entries/red_mint_seeds.json,False,False,"{ ""name"": ""block.cobblemon.red_mint"", ""category"": ""cobblepedia:items"", ""read_by_default"": true, ""icon"": ""cobblemon:red_mint_seeds"", ""pages"": [ { ""type"": ""patchouli:spotlight"", ""item"": ""cobblemon:red_mint_seeds"", ""link_recipe"": true, ""text"": ""book.cobblepedia.e"
cobblepedia,cobblemon-extra\mods\Cobblepedia-Fabric-0.7.1.jar,assets/cobblepedia/patchouli_books/cobblepedia/en_us/entries/relaxed_mint.json,False,False,"{ ""name"": ""item.cobblemon.relaxed_mint"", ""category"": ""cobblepedia:items"", ""read_by_default"": true, ""icon"": ""cobblemon:relaxed_mint"", ""pages"": [ { ""type"": ""patchouli:spotlight"", ""item"": ""cobblemon:relaxed_mint"", ""text"": ""book.cobblepedia.entries.relaxed_mint.te"
cobblepedia,cobblemon-extra\mods\Cobblepedia-Fabric-0.7.1.jar,assets/cobblepedia/patchouli_books/cobblepedia/en_us/entries/relic_coin.json,False,False,"{ ""name"": ""item.cobblemon.relic_coin"", ""category"": ""cobblepedia:items"", ""read_by_default"": true, ""icon"": ""cobblemon:relic_coin"", ""pages"": [ { ""type"": ""patchouli:spotlight"", ""item"": ""cobblemon:relic_coin"", ""title"": ""item.cobblemon.relic_coin"", ""text"": ""book.cob"
cobblepedia,cobblemon-extra\mods\Cobblepedia-Fabric-0.7.1.jar,assets/cobblepedia/patchouli_books/cobblepedia/en_us/entries/relic_coin_pouch.json,False,False,"{ ""name"": ""block.cobblemon.relic_coin_pouch"", ""category"": ""cobblepedia:items"", ""read_by_default"": true, ""icon"": ""cobblemon:relic_coin_pouch"", ""pages"": [ { ""type"": ""patchouli:spotlight"", ""item"": ""cobblemon:relic_coin_pouch"", ""title"": ""block.cobblemon.relic_coin"
cobblepedia,cobblemon-extra\mods\Cobblepedia-Fabric-0.7.1.jar,assets/cobblepedia/patchouli_books/cobblepedia/en_us/entries/relic_coin_sack.json,False,False,"{ ""name"": ""block.cobblemon.relic_coin_sack"", ""category"": ""cobblepedia:items"", ""read_by_default"": true, ""icon"": ""cobblemon:relic_coin_sack"", ""pages"": [ { ""type"": ""patchouli:spotlight"", ""item"": ""cobblemon:relic_coin_sack"", ""title"": ""block.cobblemon.relic_coin_sa"
cobblepedia,cobblemon-extra\mods\Cobblepedia-Fabric-0.7.1.jar,assets/cobblepedia/patchouli_books/cobblepedia/en_us/entries/remedy.json,False,False,"{ ""name"": ""item.cobblemon.remedy"", ""category"": ""cobblepedia:items"", ""read_by_default"": true, ""icon"": ""cobblemon:remedy"", ""pages"": [ { ""type"": ""patchouli:spotlight"", ""item"": ""cobblemon:remedy"", ""text"": ""book.cobblepedia.entries.remedy.text"" }, { ""type"": ""patcho"
cobblepedia,cobblemon-extra\mods\Cobblepedia-Fabric-0.7.1.jar,assets/cobblepedia/patchouli_books/cobblepedia/en_us/entries/repeat_ball.json,False,False,"{ ""name"": ""item.cobblemon.repeat_ball"", ""category"": ""cobblepedia:items"", ""read_by_default"": true, ""icon"": ""cobblemon:repeat_ball"", ""pages"": [ { ""type"": ""patchouli:spotlight"", ""item"": ""cobblemon:repeat_ball"", ""text"": ""book.cobblepedia.entries.repeat_ball.text"" "
cobblepedia,cobblemon-extra\mods\Cobblepedia-Fabric-0.7.1.jar,assets/cobblepedia/patchouli_books/cobblepedia/en_us/entries/repeat_rod.json,False,False,"{ ""name"": ""book.cobblepedia.entries.repeat_rod.name"", ""category"": ""cobblepedia:items"", ""read_by_default"": true, ""icon"": ""cobblemon:poke_rod"", ""pages"": [ { ""type"": ""patchouli:spotlight"", ""item"": ""cobblemon:poke_rod"", ""text"": ""book.cobblepedia.entries.poke_rod.t"
cobblepedia,cobblemon-extra\mods\Cobblepedia-Fabric-0.7.1.jar,assets/cobblepedia/patchouli_books/cobblepedia/en_us/entries/resist_feather.json,False,False,"{ ""name"": ""item.cobblemon.resist_feather"", ""category"": ""cobblepedia:items"", ""read_by_default"": true, ""icon"": ""cobblemon:resist_feather"", ""pages"": [ { ""type"": ""patchouli:spotlight"", ""item"": ""cobblemon:resist_feather"", ""link_recipe"": true, ""text"": ""book.cobblepe"
cobblepedia,cobblemon-extra\mods\Cobblepedia-Fabric-0.7.1.jar,assets/cobblepedia/patchouli_books/cobblepedia/en_us/entries/restoration_tank.json,False,False,"{ ""name"": ""block.cobblemon.restoration_tank"", ""category"": ""cobblepedia:items"", ""read_by_default"": true, ""icon"": ""cobblemon:restoration_tank"", ""pages"": [ { ""type"": ""patchouli:spotlight"", ""item"": ""cobblemon:restoration_tank"", ""title"": ""block.cobblemon.restoratio"
cobblepedia,cobblemon-extra\mods\Cobblepedia-Fabric-0.7.1.jar,assets/cobblepedia/patchouli_books/cobblepedia/en_us/entries/resurrection_machine.json,False,False,"{ ""name"": ""book.cobblepedia.entries.resurrection_machine.name"", ""category"": ""cobblepedia:archaeology"", ""icon"": ""cobblemon:restoration_tank"", ""pages"": [ { ""type"": ""patchouli:text"", ""title"": ""block.cobblemon.resurrection_machine"", ""text"": ""book.cobblepedia.entri"
cobblepedia,cobblemon-extra\mods\Cobblepedia-Fabric-0.7.1.jar,assets/cobblepedia/patchouli_books/cobblepedia/en_us/entries/revival_herb.json,False,False,"{ ""name"": ""item.cobblemon.revival_herb"", ""category"": ""cobblepedia:items"", ""read_by_default"": true, ""icon"": ""cobblemon:revival_herb"", ""pages"": [ { ""type"": ""patchouli:spotlight"", ""item"": ""cobblemon:revival_herb"", ""link_recipe"": true, ""text"": ""book.cobblepedia.en"
cobblepedia,cobblemon-extra\mods\Cobblepedia-Fabric-0.7.1.jar,assets/cobblepedia/patchouli_books/cobblepedia/en_us/entries/revive.json,False,False,"{ ""name"": ""item.cobblemon.revive"", ""category"": ""cobblepedia:items"", ""read_by_default"": true, ""icon"": ""cobblemon:revive"", ""pages"": [ { ""type"": ""patchouli:spotlight"", ""item"": ""cobblemon:revive"", ""text"": ""book.cobblepedia.entries.revive.text"" }, { ""type"": ""patcho"
cobblepedia,cobblemon-extra\mods\Cobblepedia-Fabric-0.7.1.jar,assets/cobblepedia/patchouli_books/cobblepedia/en_us/entries/ribbon_sweet.json,False,False,"{ ""name"": ""item.cobblemon.ribbon_sweet"", ""category"": ""cobblepedia:items"", ""read_by_default"": true, ""icon"": ""cobblemon:ribbon_sweet"", ""pages"": [ { ""type"": ""patchouli:spotlight"", ""item"": ""cobblemon:ribbon_sweet"", ""title"": ""item.cobblemon.ribbon_sweet"", ""text"": """
cobblepedia,cobblemon-extra\mods\Cobblepedia-Fabric-0.7.1.jar,assets/cobblepedia/patchouli_books/cobblepedia/en_us/entries/rich_mulch.json,False,False,"{ ""name"": ""item.cobblemon.rich_mulch"", ""category"": ""cobblepedia:items"", ""read_by_default"": true, ""icon"": ""cobblemon:rich_mulch"", ""pages"": [ { ""type"": ""patchouli:spotlight"", ""item"": ""cobblemon:rich_mulch"", ""text"": ""book.cobblepedia.entries.rich_mulch.text"" }, {"
cobblepedia,cobblemon-extra\mods\Cobblepedia-Fabric-0.7.1.jar,assets/cobblepedia/patchouli_books/cobblepedia/en_us/entries/rindo_berry.json,False,False,"{ ""name"": ""item.cobblemon.rindo_berry"", ""category"": ""cobblepedia:items"", ""read_by_default"": true, ""icon"": ""cobblemon:rindo_berry"", ""pages"": [ { ""type"": ""cobblepedia:natural_berry"", ""item"": ""cobblemon:rindo_berry"" }, { ""type"": ""patchouli:text"", ""title"": ""book.c"
cobblepedia,cobblemon-extra\mods\Cobblepedia-Fabric-0.7.1.jar,assets/cobblepedia/patchouli_books/cobblepedia/en_us/entries/ring_target.json,False,False,"{ ""name"": ""item.cobblemon.ring_target"", ""category"": ""cobblepedia:items"", ""read_by_default"": true, ""icon"": ""cobblemon:ring_target"", ""pages"": [ { ""type"": ""patchouli:spotlight"", ""item"": ""cobblemon:ring_target"", ""text"": ""book.cobblepedia.entries.ring_target.text"" "
cobblepedia,cobblemon-extra\mods\Cobblepedia-Fabric-0.7.1.jar,assets/cobblepedia/patchouli_books/cobblepedia/en_us/entries/roasted_leek.json,False,False,"{ ""name"": ""item.cobblemon.roasted_leek"", ""category"": ""cobblepedia:items"", ""read_by_default"": true, ""icon"": ""cobblemon:roasted_leek"", ""pages"": [ { ""type"": ""patchouli:spotlight"", ""item"": ""cobblemon:roasted_leek"", ""text"": ""book.cobblepedia.entries.roasted_leek.te"
cobblepedia,cobblemon-extra\mods\Cobblepedia-Fabric-0.7.1.jar,assets/cobblepedia/patchouli_books/cobblepedia/en_us/entries/rock_gem.json,False,False,"{ ""name"": ""item.cobblemon.rock_gem"", ""category"": ""cobblepedia:items"", ""read_by_default"": true, ""icon"": ""cobblemon:rock_gem"", ""pages"": [ { ""type"": ""patchouli:spotlight"", ""item"": ""cobblemon:rock_gem"", ""link_recipe"": true, ""text"": ""book.cobblepedia.entries.rock_g"
cobblepedia,cobblemon-extra\mods\Cobblepedia-Fabric-0.7.1.jar,assets/cobblepedia/patchouli_books/cobblepedia/en_us/entries/rocky_helmet.json,False,False,"{ ""name"": ""item.cobblemon.rocky_helmet"", ""category"": ""cobblepedia:items"", ""read_by_default"": true, ""icon"": ""cobblemon:rocky_helmet"", ""pages"": [ { ""type"": ""patchouli:spotlight"", ""item"": ""cobblemon:rocky_helmet"", ""text"": ""book.cobblepedia.entries.rocky_helmet.te"
cobblepedia,cobblemon-extra\mods\Cobblepedia-Fabric-0.7.1.jar,assets/cobblepedia/patchouli_books/cobblepedia/en_us/entries/room_service.json,False,False,"{ ""name"": ""item.cobblemon.room_service"", ""category"": ""cobblepedia:items"", ""read_by_default"": true, ""icon"": ""cobblemon:room_service"", ""pages"": [ { ""type"": ""patchouli:spotlight"", ""item"": ""cobblemon:room_service"", ""text"": ""book.cobblepedia.entries.room_service.te"
cobblepedia,cobblemon-extra\mods\Cobblepedia-Fabric-0.7.1.jar,assets/cobblepedia/patchouli_books/cobblepedia/en_us/entries/root_fossil.json,False,False,"{ ""name"": ""item.cobblemon.root_fossil"", ""category"": ""cobblepedia:items"", ""read_by_default"": true, ""icon"": ""cobblemon:root_fossil"", ""pages"": [ { ""type"": ""patchouli:spotlight"", ""title"": ""item.cobblemon.root_fossil"", ""item"": ""cobblemon:root_fossil"", ""link_recipe"""
cobblepedia,cobblemon-extra\mods\Cobblepedia-Fabric-0.7.1.jar,assets/cobblepedia/patchouli_books/cobblepedia/en_us/entries/rooted_arch_ruins.json,False,False,"{ ""name"": ""book.cobblepedia.entries.rooted_arch_ruins.name"", ""category"": ""cobblepedia:structures"", ""read_by_default"": true, ""icon"": ""minecraft:rooted_dirt"", ""pages"": [ { ""type"": ""patchouli:text"", ""text"": ""book.cobblepedia.entries.rooted_arch_ruins.text"" }, { """
cobblepedia,cobblemon-extra\mods\Cobblepedia-Fabric-0.7.1.jar,assets/cobblepedia/patchouli_books/cobblepedia/en_us/entries/roseate_ball.json,False,False,"{ ""name"": ""item.cobblemon.roseate_ball"", ""category"": ""cobblepedia:items"", ""read_by_default"": true, ""icon"": ""cobblemon:roseate_ball"", ""pages"": [ { ""type"": ""patchouli:spotlight"", ""item"": ""cobblemon:roseate_ball"", ""text"": ""book.cobblepedia.entries.roseate_ball.te"
cobblepedia,cobblemon-extra\mods\Cobblepedia-Fabric-0.7.1.jar,assets/cobblepedia/patchouli_books/cobblepedia/en_us/entries/roseate_rod.json,False,False,"{ ""name"": ""book.cobblepedia.entries.roseate_rod.name"", ""category"": ""cobblepedia:items"", ""read_by_default"": true, ""icon"": ""cobblemon:roseate_rod"", ""pages"": [ { ""type"": ""patchouli:spotlight"", ""item"": ""cobblemon:roseate_rod"", ""text"": ""book.cobblepedia.entries.ros"
cobblepedia,cobblemon-extra\mods\Cobblepedia-Fabric-0.7.1.jar,assets/cobblepedia/patchouli_books/cobblepedia/en_us/entries/roseli_berry.json,False,False,"{ ""name"": ""item.cobblemon.roseli_berry"", ""category"": ""cobblepedia:items"", ""read_by_default"": true, ""icon"": ""cobblemon:roseli_berry"", ""pages"": [ { ""type"": ""cobblepedia:natural_berry"", ""item"": ""cobblemon:roseli_berry"" }, { ""type"": ""patchouli:text"", ""title"": ""boo"
cobblepedia,cobblemon-extra\mods\Cobblepedia-Fabric-0.7.1.jar,assets/cobblepedia/patchouli_books/cobblepedia/en_us/entries/rowap_berry.json,False,False,"{ ""name"": ""item.cobblemon.rowap_berry"", ""category"": ""cobblepedia:items"", ""read_by_default"": true, ""icon"": ""cobblemon:rowap_berry"", ""pages"": [ { ""type"": ""cobblepedia:mutated_berry"", ""item"": ""cobblemon:rowap_berry"" }, { ""type"": ""patchouli:text"", ""title"": ""book.c"
cobblepedia,cobblemon-extra\mods\Cobblepedia-Fabric-0.7.1.jar,assets/cobblepedia/patchouli_books/cobblepedia/en_us/entries/ruin_structure.json,False,False,"{ ""name"": ""book.cobblepedia.entries.ruin_structure.name"", ""category"": ""cobblepedia:archaeology"", ""icon"": ""minecraft:cracked_stone_bricks"", ""pages"": [ { ""type"": ""patchouli:text"", ""text"": ""book.cobblepedia.entries.ruin_structure.text"" }, { ""type"": ""patchouli:ima"
cobblepedia,cobblemon-extra\mods\Cobblepedia-Fabric-0.7.1.jar,assets/cobblepedia/patchouli_books/cobblepedia/en_us/entries/sachet.json,False,False,"{ ""name"": ""item.cobblemon.sachet"", ""category"": ""cobblepedia:items"", ""read_by_default"": true, ""icon"": ""cobblemon:sachet"", ""pages"": [ { ""type"": ""patchouli:spotlight"", ""item"": ""cobblemon:sachet"", ""title"": ""item.cobblemon.sachet"", ""text"": ""book.cobblepedia.entries"
cobblepedia,cobblemon-extra\mods\Cobblepedia-Fabric-0.7.1.jar,assets/cobblepedia/patchouli_books/cobblepedia/en_us/entries/safari_ball.json,False,False,"{ ""name"": ""item.cobblemon.safari_ball"", ""category"": ""cobblepedia:items"", ""read_by_default"": true, ""icon"": ""cobblemon:safari_ball"", ""pages"": [ { ""type"": ""patchouli:spotlight"", ""item"": ""cobblemon:safari_ball"", ""text"": ""book.cobblepedia.entries.safari_ball.text"" "
cobblepedia,cobblemon-extra\mods\Cobblepedia-Fabric-0.7.1.jar,assets/cobblepedia/patchouli_books/cobblepedia/en_us/entries/safari_rod.json,False,False,"{ ""name"": ""book.cobblepedia.entries.safari_rod.name"", ""category"": ""cobblepedia:items"", ""read_by_default"": true, ""icon"": ""cobblemon:safari_rod"", ""pages"": [ { ""type"": ""patchouli:spotlight"", ""item"": ""cobblemon:safari_rod"", ""text"": ""book.cobblepedia.entries.safari"
cobblepedia,cobblemon-extra\mods\Cobblepedia-Fabric-0.7.1.jar,assets/cobblepedia/patchouli_books/cobblepedia/en_us/entries/safety_goggles.json,False,False,"{ ""name"": ""item.cobblemon.safety_goggles"", ""category"": ""cobblepedia:items"", ""read_by_default"": true, ""icon"": ""cobblemon:safety_goggles"", ""pages"": [ { ""type"": ""patchouli:spotlight"", ""item"": ""cobblemon:safety_goggles"", ""text"": ""book.cobblepedia.entries.safety_go"
cobblepedia,cobblemon-extra\mods\Cobblepedia-Fabric-0.7.1.jar,assets/cobblepedia/patchouli_books/cobblepedia/en_us/entries/sail_fossil.json,False,False,"{ ""name"": ""item.cobblemon.sail_fossil"", ""category"": ""cobblepedia:items"", ""read_by_default"": true, ""icon"": ""cobblemon:sail_fossil"", ""pages"": [ { ""type"": ""patchouli:spotlight"", ""title"": ""item.cobblemon.sail_fossil"", ""item"": ""cobblemon:sail_fossil"", ""link_recipe"""
cobblepedia,cobblemon-extra\mods\Cobblepedia-Fabric-0.7.1.jar,assets/cobblepedia/patchouli_books/cobblepedia/en_us/entries/salac_berry.json,False,False,"{ ""name"": ""item.cobblemon.salac_berry"", ""category"": ""cobblepedia:items"", ""read_by_default"": true, ""icon"": ""cobblemon:salac_berry"", ""pages"": [ { ""type"": ""cobblepedia:mutated_berry"", ""item"": ""cobblemon:salac_berry"" }, { ""type"": ""patchouli:text"", ""title"": ""book.c"
cobblepedia,cobblemon-extra\mods\Cobblepedia-Fabric-0.7.1.jar,assets/cobblepedia/patchouli_books/cobblepedia/en_us/entries/sandy_mulch.json,False,False,"{ ""name"": ""item.cobblemon.sandy_mulch"", ""category"": ""cobblepedia:items"", ""read_by_default"": true, ""icon"": ""cobblemon:sandy_mulch"", ""pages"": [ { ""type"": ""patchouli:spotlight"", ""item"": ""cobblemon:sandy_mulch"", ""text"": ""book.cobblepedia.entries.sandy_mulch.text"" "
cobblepedia,cobblemon-extra\mods\Cobblepedia-Fabric-0.7.1.jar,assets/cobblepedia/patchouli_books/cobblepedia/en_us/entries/sassy_mint.json,False,False,"{ ""name"": ""item.cobblemon.sassy_mint"", ""category"": ""cobblepedia:items"", ""read_by_default"": true, ""icon"": ""cobblemon:sassy_mint"", ""pages"": [ { ""type"": ""patchouli:spotlight"", ""item"": ""cobblemon:sassy_mint"", ""text"": ""book.cobblepedia.entries.sassy_mint.text"" }, {"
cobblepedia,cobblemon-extra\mods\Cobblepedia-Fabric-0.7.1.jar,assets/cobblepedia/patchouli_books/cobblepedia/en_us/entries/scope_lens.json,False,False,"{ ""name"": ""item.cobblemon.scope_lens"", ""category"": ""cobblepedia:items"", ""read_by_default"": true, ""icon"": ""cobblemon:scope_lens"", ""pages"": [ { ""type"": ""patchouli:spotlight"", ""item"": ""cobblemon:scope_lens"", ""text"": ""book.cobblepedia.entries.scope_lens.text"" }, {"
cobblepedia,cobblemon-extra\mods\Cobblepedia-Fabric-0.7.1.jar,assets/cobblepedia/patchouli_books/cobblepedia/en_us/entries/serious_mint.json,False,False,"{ ""name"": ""item.cobblemon.serious_mint"", ""category"": ""cobblepedia:items"", ""read_by_default"": true, ""icon"": ""cobblemon:serious_mint"", ""pages"": [ { ""type"": ""patchouli:spotlight"", ""item"": ""cobblemon:serious_mint"", ""text"": ""book.cobblepedia.entries.serious_mint.te"
cobblepedia,cobblemon-extra\mods\Cobblepedia-Fabric-0.7.1.jar,assets/cobblepedia/patchouli_books/cobblepedia/en_us/entries/sharp_beak.json,False,False,"{ ""name"": ""item.cobblemon.sharp_beak"", ""category"": ""cobblepedia:items"", ""read_by_default"": true, ""icon"": ""cobblemon:sharp_beak"", ""pages"": [ { ""type"": ""patchouli:spotlight"", ""item"": ""cobblemon:sharp_beak"", ""link_recipe"": true, ""text"": ""book.cobblepedia.entries."
cobblepedia,cobblemon-extra\mods\Cobblepedia-Fabric-0.7.1.jar,assets/cobblepedia/patchouli_books/cobblepedia/en_us/entries/shed_shell.json,False,False,"{ ""name"": ""item.cobblemon.shed_shell"", ""category"": ""cobblepedia:items"", ""read_by_default"": true, ""icon"": ""cobblemon:shed_shell"", ""pages"": [ { ""type"": ""patchouli:spotlight"", ""item"": ""cobblemon:shed_shell"", ""link_recipe"": true, ""text"": ""book.cobblepedia.entries."
cobblepedia,cobblemon-extra\mods\Cobblepedia-Fabric-0.7.1.jar,assets/cobblepedia/patchouli_books/cobblepedia/en_us/entries/shell_bell.json,False,False,"{ ""name"": ""item.cobblemon.shell_bell"", ""category"": ""cobblepedia:items"", ""read_by_default"": true, ""icon"": ""cobblemon:shell_bell"", ""pages"": [ { ""type"": ""patchouli:spotlight"", ""item"": ""cobblemon:shell_bell"", ""text"": ""book.cobblepedia.entries.shell_bell.text"" }, {"
cobblepedia,cobblemon-extra\mods\Cobblepedia-Fabric-0.7.1.jar,assets/cobblepedia/patchouli_books/cobblepedia/en_us/entries/shiny_pokemon.json,False,False,"{ ""name"": ""book.cobblepedia.entries.shiny_pokemon"", ""category"": ""cobblepedia:pokemon"", ""icon"": ""cobblemon:luxury_ball"", ""advancement"": ""cobblemon:first_catch"", ""pages"": [ { ""type"": ""patchouli:text"", ""text"": ""book.cobblepedia.entries.shiny_pokemon.text"" }, { ""t"
cobblepedia,cobblemon-extra\mods\Cobblepedia-Fabric-0.7.1.jar,assets/cobblepedia/patchouli_books/cobblepedia/en_us/entries/shiny_stone.json,False,False,"{ ""name"": ""item.cobblemon.shiny_stone"", ""category"": ""cobblepedia:items"", ""read_by_default"": true, ""icon"": ""cobblemon:shiny_stone"", ""pages"": [ { ""type"": ""patchouli:spotlight"", ""item"": ""cobblemon:shiny_stone"", ""title"": ""item.cobblemon.shiny_stone"", ""text"": ""book"
cobblepedia,cobblemon-extra\mods\Cobblepedia-Fabric-0.7.1.jar,assets/cobblepedia/patchouli_books/cobblepedia/en_us/entries/shiny_stone_block.json,False,False,"{ ""name"": ""block.cobblemon.shiny_stone_block"", ""category"": ""cobblepedia:items"", ""read_by_default"": true, ""icon"": ""cobblemon:shiny_stone_block"", ""pages"": [ { ""type"": ""patchouli:spotlight"", ""item"": ""cobblemon:shiny_stone_block"", ""text"": ""book.cobblepedia.entries"
cobblepedia,cobblemon-extra\mods\Cobblepedia-Fabric-0.7.1.jar,assets/cobblepedia/patchouli_books/cobblepedia/en_us/entries/shiny_stone_ore.json,False,False,"{ ""name"": ""block.cobblemon.shiny_stone_ore"", ""category"": ""cobblepedia:items"", ""read_by_default"": true, ""icon"": ""cobblemon:shiny_stone_ore"", ""pages"": [ { ""type"": ""patchouli:spotlight"", ""item"": ""cobblemon:shiny_stone_ore"", ""link_recipe"": true, ""title"": ""block.co"
cobblepedia,cobblemon-extra\mods\Cobblepedia-Fabric-0.7.1.jar,assets/cobblepedia/patchouli_books/cobblepedia/en_us/entries/shoulder_mount.json,False,False,"{ ""name"": ""book.cobblepedia.entries.shoulder_mount"", ""category"": ""cobblepedia:pokemon"", ""icon"": ""cobblemon:love_sweet"", ""pages"": [ { ""type"": ""patchouli:text"", ""text"": ""book.cobblepedia.entries.shoulder_mount.text"" }, { ""type"": ""patchouli:image"", ""border"": true"
cobblepedia,cobblemon-extra\mods\Cobblepedia-Fabric-0.7.1.jar,assets/cobblepedia/patchouli_books/cobblepedia/en_us/entries/shuca_berry.json,False,False,"{ ""name"": ""item.cobblemon.shuca_berry"", ""category"": ""cobblepedia:items"", ""read_by_default"": true, ""icon"": ""cobblemon:shuca_berry"", ""pages"": [ { ""type"": ""cobblepedia:natural_berry"", ""item"": ""cobblemon:shuca_berry"" }, { ""type"": ""patchouli:text"", ""title"": ""book.c"
cobblepedia,cobblemon-extra\mods\Cobblepedia-Fabric-0.7.1.jar,assets/cobblepedia/patchouli_books/cobblepedia/en_us/entries/silk_scarf.json,False,False,"{ ""name"": ""item.cobblemon.silk_scarf"", ""category"": ""cobblepedia:items"", ""read_by_default"": true, ""icon"": ""cobblemon:silk_scarf"", ""pages"": [ { ""type"": ""patchouli:spotlight"", ""item"": ""cobblemon:silk_scarf"", ""text"": ""book.cobblepedia.entries.silk_scarf.text"" }, {"
cobblepedia,cobblemon-extra\mods\Cobblepedia-Fabric-0.7.1.jar,assets/cobblepedia/patchouli_books/cobblepedia/en_us/entries/silver_powder.json,False,False,"{ ""name"": ""item.cobblemon.silver_powder"", ""category"": ""cobblepedia:items"", ""read_by_default"": true, ""icon"": ""cobblemon:silver_powder"", ""pages"": [ { ""type"": ""patchouli:spotlight"", ""item"": ""cobblemon:silver_powder"", ""link_recipe"": true, ""text"": ""book.cobblepedia"
cobblepedia,cobblemon-extra\mods\Cobblepedia-Fabric-0.7.1.jar,assets/cobblepedia/patchouli_books/cobblepedia/en_us/entries/sitrus_berry.json,False,False,"{ ""name"": ""item.cobblemon.sitrus_berry"", ""category"": ""cobblepedia:items"", ""read_by_default"": true, ""icon"": ""cobblemon:sitrus_berry"", ""pages"": [ { ""type"": ""cobblepedia:mutated_berry"", ""item"": ""cobblemon:sitrus_berry"" }, { ""type"": ""patchouli:text"", ""title"": ""boo"
cobblepedia,cobblemon-extra\mods\Cobblepedia-Fabric-0.7.1.jar,assets/cobblepedia/patchouli_books/cobblepedia/en_us/entries/skull_fossil.json,False,False,"{ ""name"": ""item.cobblemon.skull_fossil"", ""category"": ""cobblepedia:items"", ""read_by_default"": true, ""icon"": ""cobblemon:skull_fossil"", ""pages"": [ { ""type"": ""patchouli:spotlight"", ""title"": ""item.cobblemon.skull_fossil"", ""item"": ""cobblemon:skull_fossil"", ""link_rec"
cobblepedia,cobblemon-extra\mods\Cobblepedia-Fabric-0.7.1.jar,assets/cobblepedia/patchouli_books/cobblepedia/en_us/entries/sky_tumblestone.json,False,False,"{ ""name"": ""item.cobblemon.sky_tumblestone"", ""category"": ""cobblepedia:items"", ""read_by_default"": true, ""icon"": ""cobblemon:sky_tumblestone"", ""pages"": [ { ""type"": ""patchouli:spotlight"", ""title"": ""item.cobblemon.sky_tumblestone"", ""item"": ""cobblemon:sky_tumblestone"
cobblepedia,cobblemon-extra\mods\Cobblepedia-Fabric-0.7.1.jar,assets/cobblepedia/patchouli_books/cobblepedia/en_us/entries/sky_tumblestone_block.json,False,False,"{ ""name"": ""block.cobblemon.sky_tumblestone_block"", ""category"": ""cobblepedia:items"", ""read_by_default"": true, ""icon"": ""cobblemon:sky_tumblestone_block"", ""pages"": [ { ""type"": ""patchouli:spotlight"", ""title"": ""block.cobblemon.sky_tumblestone_block"", ""item"": ""cobbl"
cobblepedia,cobblemon-extra\mods\Cobblepedia-Fabric-0.7.1.jar,assets/cobblepedia/patchouli_books/cobblepedia/en_us/entries/sky_tumblestone_brick_slab.json,False,False,"{ ""name"": ""block.cobblemon.sky_tumblestone_brick_slab"", ""category"": ""cobblepedia:items"", ""read_by_default"": true, ""icon"": ""cobblemon:sky_tumblestone_brick_slab"", ""pages"": [ { ""type"": ""patchouli:spotlight"", ""title"": ""block.cobblemon.sky_tumblestone_brick_slab"","
cobblepedia,cobblemon-extra\mods\Cobblepedia-Fabric-0.7.1.jar,assets/cobblepedia/patchouli_books/cobblepedia/en_us/entries/sky_tumblestone_brick_stairs.json,False,False,"{ ""name"": ""block.cobblemon.sky_tumblestone_brick_stairs"", ""category"": ""cobblepedia:items"", ""read_by_default"": true, ""icon"": ""cobblemon:sky_tumblestone_brick_stairs"", ""pages"": [ { ""type"": ""patchouli:spotlight"", ""title"": ""block.cobblemon.sky_tumblestone_brick_st"
cobblepedia,cobblemon-extra\mods\Cobblepedia-Fabric-0.7.1.jar,assets/cobblepedia/patchouli_books/cobblepedia/en_us/entries/sky_tumblestone_brick_wall.json,False,False,"{ ""name"": ""block.cobblemon.sky_tumblestone_brick_wall"", ""category"": ""cobblepedia:items"", ""read_by_default"": true, ""icon"": ""cobblemon:sky_tumblestone_brick_wall"", ""pages"": [ { ""type"": ""patchouli:spotlight"", ""title"": ""block.cobblemon.sky_tumblestone_brick_wall"","
cobblepedia,cobblemon-extra\mods\Cobblepedia-Fabric-0.7.1.jar,assets/cobblepedia/patchouli_books/cobblepedia/en_us/entries/sky_tumblestone_bricks.json,False,False,"{ ""name"": ""block.cobblemon.sky_tumblestone_bricks"", ""category"": ""cobblepedia:items"", ""read_by_default"": true, ""icon"": ""cobblemon:sky_tumblestone_bricks"", ""pages"": [ { ""type"": ""patchouli:spotlight"", ""title"": ""block.cobblemon.sky_tumblestone_bricks"", ""item"": ""co"
cobblepedia,cobblemon-extra\mods\Cobblepedia-Fabric-0.7.1.jar,assets/cobblepedia/patchouli_books/cobblepedia/en_us/entries/sky_tumblestone_cluster.json,False,False,"{ ""name"": ""block.cobblemon.sky_tumblestone_cluster"", ""category"": ""cobblepedia:items"", ""read_by_default"": true, ""icon"": ""cobblemon:sky_tumblestone_cluster"", ""pages"": [ { ""type"": ""patchouli:spotlight"", ""title"": ""block.cobblemon.sky_tumblestone_cluster"", ""item"": "
cobblepedia,cobblemon-extra\mods\Cobblepedia-Fabric-0.7.1.jar,assets/cobblepedia/patchouli_books/cobblepedia/en_us/entries/slate_ball.json,False,False,"{ ""name"": ""item.cobblemon.slate_ball"", ""category"": ""cobblepedia:items"", ""read_by_default"": true, ""icon"": ""cobblemon:slate_ball"", ""pages"": [ { ""type"": ""patchouli:spotlight"", ""item"": ""cobblemon:slate_ball"", ""text"": ""book.cobblepedia.entries.slate_ball.text"" }, {"
cobblepedia,cobblemon-extra\mods\Cobblepedia-Fabric-0.7.1.jar,assets/cobblepedia/patchouli_books/cobblepedia/en_us/entries/slate_rod.json,False,False,"{ ""name"": ""book.cobblepedia.entries.slate_rod.name"", ""category"": ""cobblepedia:items"", ""read_by_default"": true, ""icon"": ""cobblemon:slate_rod"", ""pages"": [ { ""type"": ""patchouli:spotlight"", ""item"": ""cobblemon:slate_rod"", ""text"": ""book.cobblepedia.entries.slate_rod"
cobblepedia,cobblemon-extra\mods\Cobblepedia-Fabric-0.7.1.jar,assets/cobblepedia/patchouli_books/cobblepedia/en_us/entries/smithing_template.json,False,False,"{ ""name"": ""book.cobblepedia.entries.smithing_template.name"", ""category"": ""cobblepedia:archaeology"", ""icon"": ""cobblemon:automaton_armor_trim_smithing_template"", ""pages"": [ { ""type"": ""patchouli:spotlight"", ""title"": ""book.cobblepedia.entries.smithing_template.nam"
cobblepedia,cobblemon-extra\mods\Cobblepedia-Fabric-0.7.1.jar,assets/cobblepedia/patchouli_books/cobblepedia/en_us/entries/smoke_ball.json,False,False,"{ ""name"": ""item.cobblemon.smoke_ball"", ""category"": ""cobblepedia:items"", ""read_by_default"": true, ""icon"": ""cobblemon:smoke_ball"", ""pages"": [ { ""type"": ""patchouli:spotlight"", ""item"": ""cobblemon:smoke_ball"", ""link_recipe"": true, ""text"": ""book.cobblepedia.entries."
cobblepedia,cobblemon-extra\mods\Cobblepedia-Fabric-0.7.1.jar,assets/cobblepedia/patchouli_books/cobblepedia/en_us/entries/smooth_rock.json,False,False,"{ ""name"": ""item.cobblemon.smooth_rock"", ""category"": ""cobblepedia:items"", ""read_by_default"": true, ""icon"": ""cobblemon:smooth_rock"", ""pages"": [ { ""type"": ""patchouli:spotlight"", ""item"": ""cobblemon:smooth_rock"", ""text"": ""book.cobblepedia.entries.smooth_rock.text"" "
cobblepedia,cobblemon-extra\mods\Cobblepedia-Fabric-0.7.1.jar,assets/cobblepedia/patchouli_books/cobblepedia/en_us/entries/soft_sand.json,False,False,"{ ""name"": ""item.cobblemon.soft_sand"", ""category"": ""cobblepedia:items"", ""read_by_default"": true, ""icon"": ""cobblemon:soft_sand"", ""pages"": [ { ""type"": ""patchouli:spotlight"", ""item"": ""cobblemon:soft_sand"", ""text"": ""book.cobblepedia.entries.soft_sand.text"" }, { ""ty"
cobblepedia,cobblemon-extra\mods\Cobblepedia-Fabric-0.7.1.jar,assets/cobblepedia/patchouli_books/cobblepedia/en_us/entries/soothe_bell.json,False,False,"{ ""name"": ""item.cobblemon.soothe_bell"", ""category"": ""cobblepedia:items"", ""read_by_default"": true, ""icon"": ""cobblemon:soothe_bell"", ""pages"": [ { ""type"": ""patchouli:spotlight"", ""item"": ""cobblemon:soothe_bell"", ""text"": ""book.cobblepedia.entries.soothe_bell.text"" "
cobblepedia,cobblemon-extra\mods\Cobblepedia-Fabric-0.7.1.jar,assets/cobblepedia/patchouli_books/cobblepedia/en_us/entries/spawnallpokemon_command.json,False,False,"{ ""name"": ""book.cobblepedia.entries.spawnallpokemon_command"", ""category"": ""cobblepedia:commands"", ""read_by_default"": true, ""icon"": ""cobblemon:lucky_egg"", ""pages"": [ { ""type"": ""patchouli:text"", ""text"": ""book.cobblepedia.entries.spawnallpokemon_command.text"" }, "
cobblepedia,cobblemon-extra\mods\Cobblepedia-Fabric-0.7.1.jar,assets/cobblepedia/patchouli_books/cobblepedia/en_us/entries/spawnpokemon_command.json,False,False,"{ ""name"": ""book.cobblepedia.entries.spawnpokemon_command"", ""category"": ""cobblepedia:commands"", ""read_by_default"": true, ""icon"": ""cobblemon:lucky_egg"", ""pages"": [ { ""type"": ""patchouli:text"", ""text"": ""book.cobblepedia.entries.spawnpokemon_command.text"" }, { ""typ"
cobblepedia,cobblemon-extra\mods\Cobblepedia-Fabric-0.7.1.jar,assets/cobblepedia/patchouli_books/cobblepedia/en_us/entries/spawnpokemonat_command.json,False,False,"{ ""name"": ""book.cobblepedia.entries.spawnpokemonat_command"", ""category"": ""cobblepedia:commands"", ""read_by_default"": true, ""icon"": ""cobblemon:lucky_egg"", ""pages"": [ { ""type"": ""patchouli:text"", ""text"": ""book.cobblepedia.entries.spawnpokemonat_command.text"" }, { "
cobblepedia,cobblemon-extra\mods\Cobblepedia-Fabric-0.7.1.jar,assets/cobblepedia/patchouli_books/cobblepedia/en_us/entries/spell_tag.json,False,False,"{ ""name"": ""item.cobblemon.spell_tag"", ""category"": ""cobblepedia:items"", ""read_by_default"": true, ""icon"": ""cobblemon:spell_tag"", ""pages"": [ { ""type"": ""patchouli:spotlight"", ""item"": ""cobblemon:spell_tag"", ""text"": ""book.cobblepedia.entries.spell_tag.text"" }, { ""ty"
cobblepedia,cobblemon-extra\mods\Cobblepedia-Fabric-0.7.1.jar,assets/cobblepedia/patchouli_books/cobblepedia/en_us/entries/spelon_berry.json,False,False,"{ ""name"": ""item.cobblemon.spelon_berry"", ""category"": ""cobblepedia:items"", ""read_by_default"": true, ""icon"": ""cobblemon:spelon_berry"", ""pages"": [ { ""type"": ""cobblepedia:mutated_berry"", ""item"": ""cobblemon:spelon_berry"" }, { ""type"": ""patchouli:text"", ""title"": ""boo"
cobblepedia,cobblemon-extra\mods\Cobblepedia-Fabric-0.7.1.jar,assets/cobblepedia/patchouli_books/cobblepedia/en_us/entries/sport_ball.json,False,False,"{ ""name"": ""item.cobblemon.sport_ball"", ""category"": ""cobblepedia:items"", ""read_by_default"": true, ""icon"": ""cobblemon:sport_ball"", ""pages"": [ { ""type"": ""patchouli:spotlight"", ""item"": ""cobblemon:sport_ball"", ""text"": ""book.cobblepedia.entries.sport_ball.text"" }, {"
cobblepedia,cobblemon-extra\mods\Cobblepedia-Fabric-0.7.1.jar,assets/cobblepedia/patchouli_books/cobblepedia/en_us/entries/sport_rod.json,False,False,"{ ""name"": ""book.cobblepedia.entries.sport_rod.name"", ""category"": ""cobblepedia:items"", ""read_by_default"": true, ""icon"": ""cobblemon:sport_rod"", ""pages"": [ { ""type"": ""patchouli:spotlight"", ""item"": ""cobblemon:sport_rod"", ""text"": ""book.cobblepedia.entries.sport_rod"
cobblepedia,cobblemon-extra\mods\Cobblepedia-Fabric-0.7.1.jar,assets/cobblepedia/patchouli_books/cobblepedia/en_us/entries/star_sweet.json,False,False,"{ ""name"": ""item.cobblemon.star_sweet"", ""category"": ""cobblepedia:items"", ""read_by_default"": true, ""icon"": ""cobblemon:star_sweet"", ""pages"": [ { ""type"": ""patchouli:spotlight"", ""item"": ""cobblemon:star_sweet"", ""title"": ""item.cobblemon.star_sweet"", ""text"": ""book.cob"
cobblepedia,cobblemon-extra\mods\Cobblepedia-Fabric-0.7.1.jar,assets/cobblepedia/patchouli_books/cobblepedia/en_us/entries/starf_berry.json,False,False,"{ ""name"": ""item.cobblemon.starf_berry"", ""category"": ""cobblepedia:items"", ""read_by_default"": true, ""icon"": ""cobblemon:starf_berry"", ""pages"": [ { ""type"": ""cobblepedia:mutated_berry"", ""item"": ""cobblemon:starf_berry"" }, { ""type"": ""patchouli:text"", ""title"": ""book.c"
cobblepedia,cobblemon-extra\mods\Cobblepedia-Fabric-0.7.1.jar,assets/cobblepedia/patchouli_books/cobblepedia/en_us/entries/steel_gem.json,False,False,"{ ""name"": ""item.cobblemon.steel_gem"", ""category"": ""cobblepedia:items"", ""read_by_default"": true, ""icon"": ""cobblemon:steel_gem"", ""pages"": [ { ""type"": ""patchouli:spotlight"", ""item"": ""cobblemon:steel_gem"", ""link_recipe"": true, ""text"": ""book.cobblepedia.entries.ste"
cobblepedia,cobblemon-extra\mods\Cobblepedia-Fabric-0.7.1.jar,assets/cobblepedia/patchouli_books/cobblepedia/en_us/entries/sticky_barb.json,False,False,"{ ""name"": ""item.cobblemon.sticky_barb"", ""category"": ""cobblepedia:items"", ""read_by_default"": true, ""icon"": ""cobblemon:sticky_barb"", ""pages"": [ { ""type"": ""patchouli:spotlight"", ""item"": ""cobblemon:sticky_barb"", ""link_recipe"": true, ""text"": ""book.cobblepedia.entri"
cobblepedia,cobblemon-extra\mods\Cobblepedia-Fabric-0.7.1.jar,assets/cobblepedia/patchouli_books/cobblepedia/en_us/entries/stopbattle_command.json,False,False,"{ ""name"": ""book.cobblepedia.entries.stopbattle_command"", ""category"": ""cobblepedia:commands"", ""read_by_default"": true, ""icon"": ""cobblemon:upgrade"", ""pages"": [ { ""type"": ""patchouli:text"", ""text"": ""book.cobblepedia.entries.stopbattle_command.text"" }, { ""type"": ""p"
cobblepedia,cobblemon-extra\mods\Cobblepedia-Fabric-0.7.1.jar,assets/cobblepedia/patchouli_books/cobblepedia/en_us/entries/strawberry_sweet.json,False,False,"{ ""name"": ""item.cobblemon.strawberry_sweet"", ""category"": ""cobblepedia:items"", ""read_by_default"": true, ""icon"": ""cobblemon:strawberry_sweet"", ""pages"": [ { ""type"": ""patchouli:spotlight"", ""item"": ""cobblemon:strawberry_sweet"", ""title"": ""item.cobblemon.strawberry_s"
cobblepedia,cobblemon-extra\mods\Cobblepedia-Fabric-0.7.1.jar,assets/cobblepedia/patchouli_books/cobblepedia/en_us/entries/stripped_apricorn_log.json,False,False,"{ ""name"": ""block.cobblemon.stripped_apricorn_log"", ""category"": ""cobblepedia:items"", ""read_by_default"": true, ""icon"": ""cobblemon:stripped_apricorn_log"", ""pages"": [ { ""type"": ""patchouli:spotlight"", ""item"": ""cobblemon:stripped_apricorn_log"", ""link_recipe"": true, "
cobblepedia,cobblemon-extra\mods\Cobblepedia-Fabric-0.7.1.jar,assets/cobblepedia/patchouli_books/cobblepedia/en_us/entries/stripped_apricorn_wood.json,False,False,"{ ""name"": ""block.cobblemon.stripped_apricorn_wood"", ""category"": ""cobblepedia:items"", ""read_by_default"": true, ""icon"": ""cobblemon:stripped_apricorn_wood"", ""pages"": [ { ""type"": ""patchouli:spotlight"", ""item"": ""cobblemon:stripped_apricorn_wood"", ""title"": ""block.co"
cobblepedia,cobblemon-extra\mods\Cobblepedia-Fabric-0.7.1.jar,assets/cobblepedia/patchouli_books/cobblepedia/en_us/entries/sun_stone.json,False,False,"{ ""name"": ""item.cobblemon.sun_stone"", ""category"": ""cobblepedia:items"", ""read_by_default"": true, ""icon"": ""cobblemon:sun_stone"", ""pages"": [ { ""type"": ""patchouli:spotlight"", ""item"": ""cobblemon:sun_stone"", ""title"": ""item.cobblemon.sun_stone"", ""text"": ""book.cobblep"
cobblepedia,cobblemon-extra\mods\Cobblepedia-Fabric-0.7.1.jar,assets/cobblepedia/patchouli_books/cobblepedia/en_us/entries/sun_stone_block.json,False,False,"{ ""name"": ""block.cobblemon.sun_stone_block"", ""category"": ""cobblepedia:items"", ""read_by_default"": true, ""icon"": ""cobblemon:sun_stone_block"", ""pages"": [ { ""type"": ""patchouli:spotlight"", ""item"": ""cobblemon:sun_stone_block"", ""text"": ""book.cobblepedia.entries.sun_s"
cobblepedia,cobblemon-extra\mods\Cobblepedia-Fabric-0.7.1.jar,assets/cobblepedia/patchouli_books/cobblepedia/en_us/entries/sun_stone_ore.json,False,False,"{ ""name"": ""block.cobblemon.sun_stone_ore"", ""category"": ""cobblepedia:items"", ""read_by_default"": true, ""icon"": ""cobblemon:sun_stone_ore"", ""pages"": [ { ""type"": ""patchouli:spotlight"", ""item"": ""cobblemon:sun_stone_ore"", ""link_recipe"": true, ""title"": ""block.cobblemo"
cobblepedia,cobblemon-extra\mods\Cobblepedia-Fabric-0.7.1.jar,assets/cobblepedia/patchouli_books/cobblepedia/en_us/entries/super_potion.json,False,False,"{ ""name"": ""item.cobblemon.super_potion"", ""category"": ""cobblepedia:items"", ""read_by_default"": true, ""icon"": ""cobblemon:super_potion"", ""pages"": [ { ""type"": ""patchouli:spotlight"", ""item"": ""cobblemon:super_potion"", ""text"": ""book.cobblepedia.entries.super_potion.te"
cobblepedia,cobblemon-extra\mods\Cobblepedia-Fabric-0.7.1.jar,assets/cobblepedia/patchouli_books/cobblepedia/en_us/entries/superb_remedy.json,False,False,"{ ""name"": ""item.cobblemon.superb_remedy"", ""category"": ""cobblepedia:items"", ""read_by_default"": true, ""icon"": ""cobblemon:superb_remedy"", ""pages"": [ { ""type"": ""patchouli:spotlight"", ""item"": ""cobblemon:superb_remedy"", ""text"": ""book.cobblepedia.entries.superb_remed"
cobblepedia,cobblemon-extra\mods\Cobblepedia-Fabric-0.7.1.jar,assets/cobblepedia/patchouli_books/cobblepedia/en_us/entries/surprise_mulch.json,False,False,"{ ""name"": ""item.cobblemon.surprise_mulch"", ""category"": ""cobblepedia:items"", ""read_by_default"": true, ""icon"": ""cobblemon:surprise_mulch"", ""pages"": [ { ""type"": ""patchouli:spotlight"", ""item"": ""cobblemon:surprise_mulch"", ""text"": ""book.cobblepedia.entries.surprise_"
cobblepedia,cobblemon-extra\mods\Cobblepedia-Fabric-0.7.1.jar,assets/cobblepedia/patchouli_books/cobblepedia/en_us/entries/suspicious_sherd.json,False,False,"{ ""name"": ""item.cobblemon.suspicious_sherd"", ""category"": ""cobblepedia:items"", ""read_by_default"": true, ""icon"": ""cobblemon:suspicious_sherd"", ""pages"": [ { ""type"": ""patchouli:spotlight"", ""item"": ""cobblemon:suspicious_sherd"", ""link_recipe"": true, ""text"": ""book.co"
cobblepedia,cobblemon-extra\mods\Cobblepedia-Fabric-0.7.1.jar,assets/cobblepedia/patchouli_books/cobblepedia/en_us/entries/sweet.json,False,False,"{ ""name"": ""book.cobblepedia.entries.sweet"", ""category"": ""cobblepedia:evolution_items"", ""icon"": ""cobblemon:strawberry_sweet"", ""pages"": [ { ""type"": ""patchouli:spotlight"", ""title"": ""book.cobblepedia.entries.sweet"", ""item"": ""tag:cobblemon:sweets"", ""text"": ""book.co"
cobblepedia,cobblemon-extra\mods\Cobblepedia-Fabric-0.7.1.jar,assets/cobblepedia/patchouli_books/cobblepedia/en_us/entries/sweet_apple.json,False,False,"{ ""name"": ""item.cobblemon.sweet_apple"", ""category"": ""cobblepedia:items"", ""read_by_default"": true, ""icon"": ""cobblemon:sweet_apple"", ""pages"": [ { ""type"": ""patchouli:spotlight"", ""item"": ""cobblemon:sweet_apple"", ""link_recipe"": true, ""title"": ""item.cobblemon.sweet_"
cobblepedia,cobblemon-extra\mods\Cobblepedia-Fabric-0.7.1.jar,assets/cobblepedia/patchouli_books/cobblepedia/en_us/entries/swift_feather.json,False,False,"{ ""name"": ""item.cobblemon.swift_feather"", ""category"": ""cobblepedia:items"", ""read_by_default"": true, ""icon"": ""cobblemon:swift_feather"", ""pages"": [ { ""type"": ""patchouli:spotlight"", ""item"": ""cobblemon:swift_feather"", ""link_recipe"": true, ""text"": ""book.cobblepedia"
cobblepedia,cobblemon-extra\mods\Cobblepedia-Fabric-0.7.1.jar,assets/cobblepedia/patchouli_books/cobblepedia/en_us/entries/takepokemon_command.json,False,False,"{ ""name"": ""book.cobblepedia.entries.takepokemon_command"", ""category"": ""cobblepedia:commands"", ""read_by_default"": true, ""icon"": ""cobblemon:upgrade"", ""pages"": [ { ""type"": ""patchouli:text"", ""text"": ""book.cobblepedia.entries.takepokemon_command.text"" }, { ""type"": "
cobblepedia,cobblemon-extra\mods\Cobblepedia-Fabric-0.7.1.jar,assets/cobblepedia/patchouli_books/cobblepedia/en_us/entries/tamato_berry.json,False,False,"{ ""name"": ""item.cobblemon.tamato_berry"", ""category"": ""cobblepedia:items"", ""read_by_default"": true, ""icon"": ""cobblemon:tamato_berry"", ""pages"": [ { ""type"": ""cobblepedia:mutated_berry"", ""item"": ""cobblemon:tamato_berry"" }, { ""type"": ""patchouli:text"", ""title"": ""boo"
cobblepedia,cobblemon-extra\mods\Cobblepedia-Fabric-0.7.1.jar,assets/cobblepedia/patchouli_books/cobblepedia/en_us/entries/tanga_berry.json,False,False,"{ ""name"": ""item.cobblemon.tanga_berry"", ""category"": ""cobblepedia:items"", ""read_by_default"": true, ""icon"": ""cobblemon:tanga_berry"", ""pages"": [ { ""type"": ""cobblepedia:natural_berry"", ""item"": ""cobblemon:tanga_berry"" }, { ""type"": ""patchouli:text"", ""title"": ""book.c"
cobblepedia,cobblemon-extra\mods\Cobblepedia-Fabric-0.7.1.jar,assets/cobblepedia/patchouli_books/cobblepedia/en_us/entries/tart_apple.json,False,False,"{ ""name"": ""item.cobblemon.tart_apple"", ""category"": ""cobblepedia:items"", ""read_by_default"": true, ""icon"": ""cobblemon:tart_apple"", ""pages"": [ { ""type"": ""patchouli:spotlight"", ""item"": ""cobblemon:tart_apple"", ""link_recipe"": true, ""title"": ""item.cobblemon.tart_appl"
cobblepedia,cobblemon-extra\mods\Cobblepedia-Fabric-0.7.1.jar,assets/cobblepedia/patchouli_books/cobblepedia/en_us/entries/teach_command.json,False,False,"{ ""name"": ""book.cobblepedia.entries.teach_command"", ""category"": ""cobblepedia:commands"", ""read_by_default"": true, ""icon"": ""cobblemon:upgrade"", ""pages"": [ { ""type"": ""patchouli:text"", ""text"": ""book.cobblepedia.entries.teach_command.text"" }, { ""type"": ""patchouli:t"
cobblepedia,cobblemon-extra\mods\Cobblepedia-Fabric-0.7.1.jar,assets/cobblepedia/patchouli_books/cobblepedia/en_us/entries/terracotta_sun_stone_ore.json,False,False,"{ ""name"": ""block.cobblemon.terracotta_sun_stone_ore"", ""category"": ""cobblepedia:items"", ""read_by_default"": true, ""icon"": ""cobblemon:terracotta_sun_stone_ore"", ""pages"": [ { ""type"": ""patchouli:spotlight"", ""item"": ""cobblemon:terracotta_sun_stone_ore"", ""link_recipe"
cobblepedia,cobblemon-extra\mods\Cobblepedia-Fabric-0.7.1.jar,assets/cobblepedia/patchouli_books/cobblepedia/en_us/entries/terrain_extender.json,False,False,"{ ""name"": ""item.cobblemon.terrain_extender"", ""category"": ""cobblepedia:items"", ""read_by_default"": true, ""icon"": ""cobblemon:terrain_extender"", ""pages"": [ { ""type"": ""patchouli:spotlight"", ""item"": ""cobblemon:terrain_extender"", ""text"": ""book.cobblepedia.entries.ter"
cobblepedia,cobblemon-extra\mods\Cobblepedia-Fabric-0.7.1.jar,assets/cobblepedia/patchouli_books/cobblepedia/en_us/entries/throat_spray.json,False,False,"{ ""name"": ""item.cobblemon.throat_spray"", ""category"": ""cobblepedia:items"", ""read_by_default"": true, ""icon"": ""cobblemon:throat_spray"", ""pages"": [ { ""type"": ""patchouli:spotlight"", ""item"": ""cobblemon:throat_spray"", ""text"": ""book.cobblepedia.entries.throat_spray.te"
cobblepedia,cobblemon-extra\mods\Cobblepedia-Fabric-0.7.1.jar,assets/cobblepedia/patchouli_books/cobblepedia/en_us/entries/thunder_stone.json,False,False,"{ ""name"": ""item.cobblemon.thunder_stone"", ""category"": ""cobblepedia:items"", ""read_by_default"": true, ""icon"": ""cobblemon:thunder_stone"", ""pages"": [ { ""type"": ""patchouli:spotlight"", ""item"": ""cobblemon:thunder_stone"", ""title"": ""item.cobblemon.thunder_stone"", ""text"
cobblepedia,cobblemon-extra\mods\Cobblepedia-Fabric-0.7.1.jar,assets/cobblepedia/patchouli_books/cobblepedia/en_us/entries/thunder_stone_block.json,False,False,"{ ""name"": ""block.cobblemon.thunder_stone_block"", ""category"": ""cobblepedia:items"", ""read_by_default"": true, ""icon"": ""cobblemon:thunder_stone_block"", ""pages"": [ { ""type"": ""patchouli:spotlight"", ""item"": ""cobblemon:thunder_stone_block"", ""text"": ""book.cobblepedia.e"
cobblepedia,cobblemon-extra\mods\Cobblepedia-Fabric-0.7.1.jar,assets/cobblepedia/patchouli_books/cobblepedia/en_us/entries/thunder_stone_ore.json,False,False,"{ ""name"": ""block.cobblemon.thunder_stone_ore"", ""category"": ""cobblepedia:items"", ""read_by_default"": true, ""icon"": ""cobblemon:thunder_stone_ore"", ""pages"": [ { ""type"": ""patchouli:spotlight"", ""item"": ""cobblemon:thunder_stone_ore"", ""link_recipe"": true, ""title"": ""bl"
cobblepedia,cobblemon-extra\mods\Cobblepedia-Fabric-0.7.1.jar,assets/cobblepedia/patchouli_books/cobblepedia/en_us/entries/timer_ball.json,False,False,"{ ""name"": ""item.cobblemon.timer_ball"", ""category"": ""cobblepedia:items"", ""read_by_default"": true, ""icon"": ""cobblemon:timer_ball"", ""pages"": [ { ""type"": ""patchouli:spotlight"", ""item"": ""cobblemon:timer_ball"", ""text"": ""book.cobblepedia.entries.timer_ball.text"" }, {"
cobblepedia,cobblemon-extra\mods\Cobblepedia-Fabric-0.7.1.jar,assets/cobblepedia/patchouli_books/cobblepedia/en_us/entries/timer_rod.json,False,False,"{ ""name"": ""book.cobblepedia.entries.timer_rod.name"", ""category"": ""cobblepedia:items"", ""read_by_default"": true, ""icon"": ""cobblemon:timer_rod"", ""pages"": [ { ""type"": ""patchouli:spotlight"", ""item"": ""cobblemon:timer_rod"", ""text"": ""book.cobblepedia.entries.timer_rod"
cobblepedia,cobblemon-extra\mods\Cobblepedia-Fabric-0.7.1.jar,assets/cobblepedia/patchouli_books/cobblepedia/en_us/entries/timid_mint.json,False,False,"{ ""name"": ""item.cobblemon.timid_mint"", ""category"": ""cobblepedia:items"", ""read_by_default"": true, ""icon"": ""cobblemon:timid_mint"", ""pages"": [ { ""type"": ""patchouli:spotlight"", ""item"": ""cobblemon:timid_mint"", ""text"": ""book.cobblepedia.entries.timid_mint.text"" }, {"
cobblepedia,cobblemon-extra\mods\Cobblepedia-Fabric-0.7.1.jar,assets/cobblepedia/patchouli_books/cobblepedia/en_us/entries/toppled_pillars_ruins.json,False,False,"{ ""name"": ""book.cobblepedia.entries.toppled_pillars_ruins.name"", ""category"": ""cobblepedia:structures"", ""read_by_default"": true, ""icon"": ""minecraft:chiseled_stone_bricks"", ""pages"": [ { ""type"": ""patchouli:text"", ""text"": ""book.cobblepedia.entries.toppled_pillars_"
cobblepedia,cobblemon-extra\mods\Cobblepedia-Fabric-0.7.1.jar,assets/cobblepedia/patchouli_books/cobblepedia/en_us/entries/touga_berry.json,False,False,"{ ""name"": ""item.cobblemon.touga_berry"", ""category"": ""cobblepedia:items"", ""read_by_default"": true, ""icon"": ""cobblemon:touga_berry"", ""pages"": [ { ""type"": ""cobblepedia:mutated_berry"", ""item"": ""cobblemon:touga_berry"" }, { ""type"": ""patchouli:text"", ""title"": ""book.c"
cobblepedia,cobblemon-extra\mods\Cobblepedia-Fabric-0.7.1.jar,assets/cobblepedia/patchouli_books/cobblepedia/en_us/entries/toxic_orb.json,False,False,"{ ""name"": ""item.cobblemon.toxic_orb"", ""category"": ""cobblepedia:items"", ""read_by_default"": true, ""icon"": ""cobblemon:toxic_orb"", ""pages"": [ { ""type"": ""patchouli:spotlight"", ""item"": ""cobblemon:toxic_orb"", ""text"": ""book.cobblepedia.entries.toxic_orb.text"" }, { ""ty"
cobblepedia,cobblemon-extra\mods\Cobblepedia-Fabric-0.7.1.jar,assets/cobblepedia/patchouli_books/cobblepedia/en_us/entries/trading.json,False,False,"{ ""name"": ""book.cobblepedia.entries.trading"", ""category"": ""cobblepedia:getting_started"", ""icon"": ""cobblemon:link_cable"", ""pages"": [ { ""type"": ""patchouli:text"", ""text"": ""book.cobblepedia.entries.trading.text"" }, { ""type"": ""patchouli:relations"", ""entries"": [ ""co"
cobblepedia,cobblemon-extra\mods\Cobblepedia-Fabric-0.7.1.jar,assets/cobblepedia/patchouli_books/cobblepedia/en_us/entries/trading_evolution_item.json,False,False,"{ ""name"": ""book.cobblepedia.entries.trading_evolution_item"", ""category"": ""cobblepedia:evolution_items"", ""icon"": ""cobblemon:link_cable"", ""priority"": true, ""pages"": [ { ""type"": ""patchouli:text"", ""title"": ""book.cobblepedia.entries.trading_evolution_item"", ""text"":"
cobblepedia,cobblemon-extra\mods\Cobblepedia-Fabric-0.7.1.jar,assets/cobblepedia/patchouli_books/cobblepedia/en_us/entries/tumblestone.json,False,False,"{ ""name"": ""item.cobblemon.tumblestone"", ""category"": ""cobblepedia:items"", ""read_by_default"": true, ""icon"": ""cobblemon:tumblestone"", ""pages"": [ { ""type"": ""patchouli:spotlight"", ""title"": ""item.cobblemon.tumblestone"", ""item"": ""cobblemon:tumblestone"", ""text"": ""book"
cobblepedia,cobblemon-extra\mods\Cobblepedia-Fabric-0.7.1.jar,assets/cobblepedia/patchouli_books/cobblepedia/en_us/entries/tumblestone_block.json,False,False,"{ ""name"": ""block.cobblemon.tumblestone_block"", ""category"": ""cobblepedia:items"", ""read_by_default"": true, ""icon"": ""cobblemon:tumblestone_block"", ""pages"": [ { ""type"": ""patchouli:spotlight"", ""title"": ""block.cobblemon.tumblestone_block"", ""item"": ""cobblemon:tumbles"
cobblepedia,cobblemon-extra\mods\Cobblepedia-Fabric-0.7.1.jar,assets/cobblepedia/patchouli_books/cobblepedia/en_us/entries/tumblestone_blocks.json,False,False,"{ ""name"": ""book.cobblepedia.entries.tumblestone_blocks.name"", ""category"": ""cobblepedia:archaeology"", ""icon"": ""cobblemon:tumblestone_block"", ""pages"": [ { ""type"": ""patchouli:spotlight"", ""title"": ""book.cobblepedia.entries.tumblestone_blocks.name"", ""item"": ""cobble"
cobblepedia,cobblemon-extra\mods\Cobblepedia-Fabric-0.7.1.jar,assets/cobblepedia/patchouli_books/cobblepedia/en_us/entries/tumblestone_brick_slab.json,False,False,"{ ""name"": ""block.cobblemon.tumblestone_brick_slab"", ""category"": ""cobblepedia:items"", ""read_by_default"": true, ""icon"": ""cobblemon:tumblestone_brick_slab"", ""pages"": [ { ""type"": ""patchouli:spotlight"", ""title"": ""block.cobblemon.tumblestone_brick_slab"", ""item"": ""co"
cobblepedia,cobblemon-extra\mods\Cobblepedia-Fabric-0.7.1.jar,assets/cobblepedia/patchouli_books/cobblepedia/en_us/entries/tumblestone_brick_slabs.json,False,False,"{ ""name"": ""book.cobblepedia.entries.tumblestone_brick_slabs.name"", ""category"": ""cobblepedia:items"", ""icon"": ""cobblemon:tumblestone_brick_slab"", ""pages"": [ { ""type"": ""patchouli:spotlight"", ""title"": ""book.cobblepedia.entries.tumblestone_brick_slabs.name"", ""item"""
cobblepedia,cobblemon-extra\mods\Cobblepedia-Fabric-0.7.1.jar,assets/cobblepedia/patchouli_books/cobblepedia/en_us/entries/tumblestone_brick_stairs.json,False,False,"{ ""name"": ""block.cobblemon.tumblestone_brick_stairs"", ""category"": ""cobblepedia:items"", ""read_by_default"": true, ""icon"": ""cobblemon:tumblestone_brick_stairs"", ""pages"": [ { ""type"": ""patchouli:spotlight"", ""title"": ""block.cobblemon.tumblestone_brick_stairs"", ""item"
cobblepedia,cobblemon-extra\mods\Cobblepedia-Fabric-0.7.1.jar,assets/cobblepedia/patchouli_books/cobblepedia/en_us/entries/tumblestone_brick_wall.json,False,False,"{ ""name"": ""block.cobblemon.tumblestone_brick_wall"", ""category"": ""cobblepedia:items"", ""read_by_default"": true, ""icon"": ""cobblemon:tumblestone_brick_wall"", ""pages"": [ { ""type"": ""patchouli:spotlight"", ""title"": ""block.cobblemon.tumblestone_brick_wall"", ""item"": ""co"
cobblepedia,cobblemon-extra\mods\Cobblepedia-Fabric-0.7.1.jar,assets/cobblepedia/patchouli_books/cobblepedia/en_us/entries/tumblestone_brick_walls.json,False,False,"{ ""name"": ""book.cobblepedia.entries.tumblestone_brick_walls.name"", ""category"": ""cobblepedia:items"", ""icon"": ""cobblemon:tumblestone_brick_wall"", ""pages"": [ { ""type"": ""patchouli:spotlight"", ""title"": ""book.cobblepedia.entries.tumblestone_brick_walls.name"", ""item"""
cobblepedia,cobblemon-extra\mods\Cobblepedia-Fabric-0.7.1.jar,assets/cobblepedia/patchouli_books/cobblepedia/en_us/entries/tumblestone_bricks.json,False,False,"{ ""name"": ""block.cobblemon.tumblestone_bricks"", ""category"": ""cobblepedia:items"", ""read_by_default"": true, ""icon"": ""cobblemon:tumblestone_bricks"", ""pages"": [ { ""type"": ""patchouli:spotlight"", ""title"": ""block.cobblemon.tumblestone_bricks"", ""item"": ""cobblemon:tumb"
cobblepedia,cobblemon-extra\mods\Cobblepedia-Fabric-0.7.1.jar,assets/cobblepedia/patchouli_books/cobblepedia/en_us/entries/tumblestone_bricks_set.json,False,False,"{ ""name"": ""book.cobblepedia.entries.tumblestone_bricks_set.name"", ""category"": ""cobblepedia:archaeology"", ""icon"": ""cobblemon:tumblestone_bricks"", ""pages"": [ { ""type"": ""patchouli:text"", ""text"": ""book.cobblepedia.entries.tumblestone_bricks_set.text"" }, { ""type"": "
cobblepedia,cobblemon-extra\mods\Cobblepedia-Fabric-0.7.1.jar,assets/cobblepedia/patchouli_books/cobblepedia/en_us/entries/tumblestone_bricks_stairs.json,False,False,"{ ""name"": ""book.cobblepedia.entries.tumblestone_bricks_stairs.name"", ""category"": ""cobblepedia:items"", ""icon"": ""cobblemon:tumblestone_brick_stairs"", ""pages"": [ { ""type"": ""patchouli:spotlight"", ""title"": ""book.cobblepedia.entries.tumblestone_bricks_stairs.name"", "
cobblepedia,cobblemon-extra\mods\Cobblepedia-Fabric-0.7.1.jar,assets/cobblepedia/patchouli_books/cobblepedia/en_us/entries/tumblestone_cluster.json,False,False,"{ ""name"": ""block.cobblemon.tumblestone_cluster"", ""category"": ""cobblepedia:items"", ""read_by_default"": true, ""icon"": ""cobblemon:tumblestone_cluster"", ""pages"": [ { ""type"": ""patchouli:spotlight"", ""title"": ""block.cobblemon.tumblestone_cluster"", ""item"": ""cobblemon:t"
cobblepedia,cobblemon-extra\mods\Cobblepedia-Fabric-0.7.1.jar,assets/cobblepedia/patchouli_books/cobblepedia/en_us/entries/tumblestone_clusters.json,False,False,"{ ""name"": ""book.cobblepedia.entries.tumblestone_clusters.name"", ""category"": ""cobblepedia:archaeology"", ""icon"": ""cobblemon:tumblestone_cluster"", ""pages"": [ { ""type"": ""patchouli:spotlight"", ""title"": ""book.cobblepedia.entries.tumblestone_clusters.name"", ""item"": """
cobblepedia,cobblemon-extra\mods\Cobblepedia-Fabric-0.7.1.jar,assets/cobblepedia/patchouli_books/cobblepedia/en_us/entries/tumblestones.json,False,False,"{ ""name"": ""book.cobblepedia.entries.tumblestones.name"", ""category"": ""cobblepedia:archaeology"", ""icon"": ""cobblemon:tumblestone"", ""turnin"": ""cobblemon:obtain_tumblestone"", ""pages"": [ { ""type"": ""patchouli:spotlight"", ""title"": ""book.cobblepedia.entries.tumblestone"
cobblepedia,cobblemon-extra\mods\Cobblepedia-Fabric-0.7.1.jar,assets/cobblepedia/patchouli_books/cobblepedia/en_us/entries/tumblestones_bricks.json,False,False,"{ ""name"": ""book.cobblepedia.entries.tumblestones_bricks.name"", ""category"": ""cobblepedia:items"", ""icon"": ""cobblemon:tumblestone_bricks"", ""pages"": [ { ""type"": ""patchouli:spotlight"", ""title"": ""book.cobblepedia.entries.tumblestones_bricks.name"", ""item"": ""cobblemon"
cobblepedia,cobblemon-extra\mods\Cobblepedia-Fabric-0.7.1.jar,assets/cobblepedia/patchouli_books/cobblepedia/en_us/entries/twisted_spoon.json,False,False,"{ ""name"": ""item.cobblemon.twisted_spoon"", ""category"": ""cobblepedia:items"", ""read_by_default"": true, ""icon"": ""cobblemon:twisted_spoon"", ""pages"": [ { ""type"": ""patchouli:spotlight"", ""item"": ""cobblemon:twisted_spoon"", ""text"": ""book.cobblepedia.entries.twisted_spoo"
cobblepedia,cobblemon-extra\mods\Cobblepedia-Fabric-0.7.1.jar,assets/cobblepedia/patchouli_books/cobblepedia/en_us/entries/type_boosting_items.json,False,False,"{ ""name"": ""book.cobblepedia.entries.type_boosting_items"", ""category"": ""cobblepedia:held_items"", ""icon"": ""cobblemon:black_belt"", ""pages"": [ { ""type"": ""patchouli:text"", ""text"": ""book.cobblepedia.entries.type_boosting_items.text"" }, { ""type"": ""patchouli:relations"
cobblepedia,cobblemon-extra\mods\Cobblepedia-Fabric-0.7.1.jar,assets/cobblepedia/patchouli_books/cobblepedia/en_us/entries/type_gem.json,False,False,"{ ""name"": ""book.cobblepedia.entries.type_gem.name"", ""category"": ""cobblepedia:held_items"", ""icon"": ""cobblemon:normal_gem"", ""pages"": [ { ""type"": ""patchouli:spotlight"", ""title"": ""book.cobblepedia.entries.type_gem.name"", ""item"": ""tag:cobblemon:type_gems"", ""text"": "
cobblepedia,cobblemon-extra\mods\Cobblepedia-Fabric-0.7.1.jar,assets/cobblepedia/patchouli_books/cobblepedia/en_us/entries/ultra_ball.json,False,False,"{ ""name"": ""item.cobblemon.ultra_ball"", ""category"": ""cobblepedia:items"", ""read_by_default"": true, ""icon"": ""cobblemon:ultra_ball"", ""pages"": [ { ""type"": ""patchouli:spotlight"", ""item"": ""cobblemon:ultra_ball"", ""text"": ""book.cobblepedia.entries.ultra_ball.text"" }, {"
cobblepedia,cobblemon-extra\mods\Cobblepedia-Fabric-0.7.1.jar,assets/cobblepedia/patchouli_books/cobblepedia/en_us/entries/ultra_rod.json,False,False,"{ ""name"": ""book.cobblepedia.entries.ultra_rod.name"", ""category"": ""cobblepedia:items"", ""read_by_default"": true, ""icon"": ""cobblemon:ultra_rod"", ""pages"": [ { ""type"": ""patchouli:spotlight"", ""item"": ""cobblemon:ultra_rod"", ""text"": ""book.cobblepedia.entries.ultra_rod"
cobblepedia,cobblemon-extra\mods\Cobblepedia-Fabric-0.7.1.jar,assets/cobblepedia/patchouli_books/cobblepedia/en_us/entries/unique_forms.json,False,False,"{ ""name"": ""book.cobblepedia.entries.unique_forms"", ""category"": ""cobblepedia:pokemon"", ""icon"": ""cobblemon:beast_ball"", ""pages"": [ { ""type"": ""patchouli:text"", ""text"": ""book.cobblepedia.entries.unique_forms.text"" }, { ""type"": ""patchouli:link"", ""title"": ""book.cobb"
cobblepedia,cobblemon-extra\mods\Cobblepedia-Fabric-0.7.1.jar,assets/cobblepedia/patchouli_books/cobblepedia/en_us/entries/unremarkable_teacup.json,False,False,"{ ""name"": ""item.cobblemon.unremarkable_teacup"", ""category"": ""cobblepedia:items"", ""read_by_default"": true, ""icon"": ""cobblemon:unremarkable_teacup"", ""pages"": [ { ""type"": ""patchouli:spotlight"", ""item"": ""cobblemon:unremarkable_teacup"", ""title"": ""item.cobblemon.unr"
cobblepedia,cobblemon-extra\mods\Cobblepedia-Fabric-0.7.1.jar,assets/cobblepedia/patchouli_books/cobblepedia/en_us/entries/unstable_cave_ruins.json,False,False,"{ ""name"": ""book.cobblepedia.entries.unstable_cave_ruins.name"", ""category"": ""cobblepedia:structures"", ""read_by_default"": true, ""icon"": ""minecraft:suspicious_sand"", ""pages"": [ { ""type"": ""patchouli:text"", ""text"": ""book.cobblepedia.entries.unstable_cave_ruins.text"
cobblepedia,cobblemon-extra\mods\Cobblepedia-Fabric-0.7.1.jar,assets/cobblepedia/patchouli_books/cobblepedia/en_us/entries/upgrade.json,False,False,"{ ""name"": ""item.cobblemon.upgrade"", ""category"": ""cobblepedia:items"", ""read_by_default"": true, ""icon"": ""cobblemon:upgrade"", ""pages"": [ { ""type"": ""patchouli:spotlight"", ""item"": ""cobblemon:upgrade"", ""title"": ""item.cobblemon.upgrade"", ""text"": ""book.cobblepedia.ent"
cobblepedia,cobblemon-extra\mods\Cobblepedia-Fabric-0.7.1.jar,assets/cobblepedia/patchouli_books/cobblepedia/en_us/entries/using_evolution_item.json,False,False,"{ ""name"": ""book.cobblepedia.entries.using_evolution_item"", ""category"": ""cobblepedia:evolution_items"", ""icon"": ""cobblemon:black_augurite"", ""priority"": true, ""pages"": [ { ""type"": ""patchouli:text"", ""title"": ""book.cobblepedia.entries.using_evolution_item"", ""text"":"
cobblepedia,cobblemon-extra\mods\Cobblepedia-Fabric-0.7.1.jar,assets/cobblepedia/patchouli_books/cobblepedia/en_us/entries/utility_blocks.json,False,False,"{ ""name"": ""book.cobblepedia.entries.utility_blocks"", ""category"": ""cobblepedia:getting_started"", ""icon"": ""cobblemon:healing_machine"", ""turnin"": ""cobblemon:healing_machine"", ""pages"": [ { ""type"": ""patchouli:text"", ""text"": ""book.cobblepedia.entries.utility_blocks."
cobblepedia,cobblemon-extra\mods\Cobblepedia-Fabric-0.7.1.jar,assets/cobblepedia/patchouli_books/cobblepedia/en_us/entries/utility_umbrella.json,False,False,"{ ""name"": ""item.cobblemon.utility_umbrella"", ""category"": ""cobblepedia:items"", ""read_by_default"": true, ""icon"": ""cobblemon:utility_umbrella"", ""pages"": [ { ""type"": ""patchouli:spotlight"", ""item"": ""cobblemon:utility_umbrella"", ""text"": ""book.cobblepedia.entries.uti"
cobblepedia,cobblemon-extra\mods\Cobblepedia-Fabric-0.7.1.jar,assets/cobblepedia/patchouli_books/cobblepedia/en_us/entries/verdant_ball.json,False,False,"{ ""name"": ""item.cobblemon.verdant_ball"", ""category"": ""cobblepedia:items"", ""read_by_default"": true, ""icon"": ""cobblemon:verdant_ball"", ""pages"": [ { ""type"": ""patchouli:spotlight"", ""item"": ""cobblemon:verdant_ball"", ""text"": ""book.cobblepedia.entries.verdant_ball.te"
cobblepedia,cobblemon-extra\mods\Cobblepedia-Fabric-0.7.1.jar,assets/cobblepedia/patchouli_books/cobblepedia/en_us/entries/verdant_rod.json,False,False,"{ ""name"": ""book.cobblepedia.entries.verdant_rod.name"", ""category"": ""cobblepedia:items"", ""read_by_default"": true, ""icon"": ""cobblemon:verdant_rod"", ""pages"": [ { ""type"": ""patchouli:spotlight"", ""item"": ""cobblemon:verdant_rod"", ""text"": ""book.cobblepedia.entries.ver"
cobblepedia,cobblemon-extra\mods\Cobblepedia-Fabric-0.7.1.jar,assets/cobblepedia/patchouli_books/cobblepedia/en_us/entries/village_pokecenter.json,False,False,"{ ""name"": ""book.cobblepedia.entries.village_pokecenter.name"", ""category"": ""cobblepedia:structures"", ""read_by_default"": true, ""icon"": ""cobblemon:healing_machine"", ""pages"": [ { ""type"": ""patchouli:text"", ""text"": ""book.cobblepedia.entries.village_pokecenter.text"" "
cobblepedia,cobblemon-extra\mods\Cobblepedia-Fabric-0.7.1.jar,assets/cobblepedia/patchouli_books/cobblepedia/en_us/entries/vitamin.json,False,False,"{ ""name"": ""book.cobblepedia.entries.vitamin"", ""category"": ""cobblepedia:consumables"", ""icon"": ""cobblemon:calcium"", ""pages"": [ { ""type"": ""patchouli:text"", ""text"": ""book.cobblepedia.entries.vitamin.text"" }, { ""type"": ""patchouli:relations"", ""entries"": [ ""cobbleped"
cobblepedia,cobblemon-extra\mods\Cobblepedia-Fabric-0.7.1.jar,assets/cobblepedia/patchouli_books/cobblepedia/en_us/entries/vivichoke.json,False,False,"{ ""name"": ""item.cobblemon.vivichoke"", ""category"": ""cobblepedia:items"", ""read_by_default"": true, ""icon"": ""cobblemon:vivichoke"", ""pages"": [ { ""type"": ""patchouli:spotlight"", ""item"": ""cobblemon:vivichoke"", ""link_recipe"": true, ""text"": ""book.cobblepedia.entries.viv"
cobblepedia,cobblemon-extra\mods\Cobblepedia-Fabric-0.7.1.jar,assets/cobblepedia/patchouli_books/cobblepedia/en_us/entries/vivichoke_dip.json,False,False,"{ ""name"": ""item.cobblemon.vivichoke_dip"", ""category"": ""cobblepedia:items"", ""read_by_default"": true, ""icon"": ""cobblemon:vivichoke_dip"", ""pages"": [ { ""type"": ""patchouli:spotlight"", ""item"": ""cobblemon:vivichoke_dip"", ""text"": ""book.cobblepedia.entries.vivichoke_di"
cobblepedia,cobblemon-extra\mods\Cobblepedia-Fabric-0.7.1.jar,assets/cobblepedia/patchouli_books/cobblepedia/en_us/entries/vivichoke_seeds.json,False,False,"{ ""name"": ""item.cobblemon.vivichoke_seeds"", ""category"": ""cobblepedia:items"", ""read_by_default"": true, ""icon"": ""cobblemon:vivichoke_seeds"", ""pages"": [ { ""type"": ""patchouli:spotlight"", ""item"": ""cobblemon:vivichoke_seeds"", ""text"": ""book.cobblepedia.entries.vivich"
cobblepedia,cobblemon-extra\mods\Cobblepedia-Fabric-0.7.1.jar,assets/cobblepedia/patchouli_books/cobblepedia/en_us/entries/wacan_berry.json,False,False,"{ ""name"": ""item.cobblemon.wacan_berry"", ""category"": ""cobblepedia:items"", ""read_by_default"": true, ""icon"": ""cobblemon:wacan_berry"", ""pages"": [ { ""type"": ""cobblepedia:natural_berry"", ""item"": ""cobblemon:wacan_berry"" }, { ""type"": ""patchouli:text"", ""title"": ""book.c"
cobblepedia,cobblemon-extra\mods\Cobblepedia-Fabric-0.7.1.jar,assets/cobblepedia/patchouli_books/cobblepedia/en_us/entries/water_gem.json,False,False,"{ ""name"": ""item.cobblemon.water_gem"", ""category"": ""cobblepedia:items"", ""read_by_default"": true, ""icon"": ""cobblemon:water_gem"", ""pages"": [ { ""type"": ""patchouli:spotlight"", ""item"": ""cobblemon:water_gem"", ""link_recipe"": true, ""text"": ""book.cobblepedia.entries.wat"
cobblepedia,cobblemon-extra\mods\Cobblepedia-Fabric-0.7.1.jar,assets/cobblepedia/patchouli_books/cobblepedia/en_us/entries/water_stone.json,False,False,"{ ""name"": ""item.cobblemon.water_stone"", ""category"": ""cobblepedia:items"", ""read_by_default"": true, ""icon"": ""cobblemon:water_stone"", ""pages"": [ { ""type"": ""patchouli:spotlight"", ""item"": ""cobblemon:water_stone"", ""title"": ""item.cobblemon.water_stone"", ""text"": ""book"
cobblepedia,cobblemon-extra\mods\Cobblepedia-Fabric-0.7.1.jar,assets/cobblepedia/patchouli_books/cobblepedia/en_us/entries/water_stone_block.json,False,False,"{ ""name"": ""block.cobblemon.water_stone_block"", ""category"": ""cobblepedia:items"", ""read_by_default"": true, ""icon"": ""cobblemon:water_stone_block"", ""pages"": [ { ""type"": ""patchouli:spotlight"", ""item"": ""cobblemon:water_stone_block"", ""text"": ""book.cobblepedia.entries"
cobblepedia,cobblemon-extra\mods\Cobblepedia-Fabric-0.7.1.jar,assets/cobblepedia/patchouli_books/cobblepedia/en_us/entries/water_stone_ore.json,False,False,"{ ""name"": ""block.cobblemon.water_stone_ore"", ""category"": ""cobblepedia:items"", ""read_by_default"": true, ""icon"": ""cobblemon:water_stone_ore"", ""pages"": [ { ""type"": ""patchouli:spotlight"", ""item"": ""cobblemon:water_stone_ore"", ""link_recipe"": true, ""title"": ""block.co"
cobblepedia,cobblemon-extra\mods\Cobblepedia-Fabric-0.7.1.jar,assets/cobblepedia/patchouli_books/cobblepedia/en_us/entries/watmel_berry.json,False,False,"{ ""name"": ""item.cobblemon.watmel_berry"", ""category"": ""cobblepedia:items"", ""read_by_default"": true, ""icon"": ""cobblemon:watmel_berry"", ""pages"": [ { ""type"": ""cobblepedia:mutated_berry"", ""item"": ""cobblemon:watmel_berry"" }, { ""type"": ""patchouli:text"", ""title"": ""boo"
cobblepedia,cobblemon-extra\mods\Cobblepedia-Fabric-0.7.1.jar,assets/cobblepedia/patchouli_books/cobblepedia/en_us/entries/weakness_policy.json,False,False,"{ ""name"": ""item.cobblemon.weakness_policy"", ""category"": ""cobblepedia:items"", ""read_by_default"": true, ""icon"": ""cobblemon:weakness_policy"", ""pages"": [ { ""type"": ""patchouli:spotlight"", ""item"": ""cobblemon:weakness_policy"", ""text"": ""book.cobblepedia.entries.weakne"
cobblepedia,cobblemon-extra\mods\Cobblepedia-Fabric-0.7.1.jar,assets/cobblepedia/patchouli_books/cobblepedia/en_us/entries/wepear_berry.json,False,False,"{ ""name"": ""item.cobblemon.wepear_berry"", ""category"": ""cobblepedia:items"", ""read_by_default"": true, ""icon"": ""cobblemon:wepear_berry"", ""pages"": [ { ""type"": ""cobblepedia:natural_berry"", ""item"": ""cobblemon:wepear_berry"" }, { ""type"": ""patchouli:text"", ""title"": ""boo"
cobblepedia,cobblemon-extra\mods\Cobblepedia-Fabric-0.7.1.jar,assets/cobblepedia/patchouli_books/cobblepedia/en_us/entries/whipped_dream.json,False,False,"{ ""name"": ""item.cobblemon.whipped_dream"", ""category"": ""cobblepedia:items"", ""read_by_default"": true, ""icon"": ""cobblemon:whipped_dream"", ""pages"": [ { ""type"": ""patchouli:spotlight"", ""item"": ""cobblemon:whipped_dream"", ""title"": ""item.cobblemon.whipped_dream"", ""text"
cobblepedia,cobblemon-extra\mods\Cobblepedia-Fabric-0.7.1.jar,assets/cobblepedia/patchouli_books/cobblepedia/en_us/entries/white_apricorn.json,False,False,"{ ""name"": ""item.cobblemon.white_apricorn"", ""category"": ""cobblepedia:items"", ""read_by_default"": true, ""icon"": ""cobblemon:white_apricorn"", ""pages"": [ { ""type"": ""patchouli:spotlight"", ""item"": ""cobblemon:white_apricorn"", ""link_recipe"": true, ""title"": ""item.cobblem"
cobblepedia,cobblemon-extra\mods\Cobblepedia-Fabric-0.7.1.jar,assets/cobblepedia/patchouli_books/cobblepedia/en_us/entries/white_apricorn_seed.json,False,False,"{ ""name"": ""item.cobblemon.white_apricorn_seed"", ""category"": ""cobblepedia:items"", ""read_by_default"": true, ""icon"": ""cobblemon:white_apricorn_seed"", ""pages"": [ { ""type"": ""patchouli:spotlight"", ""item"": ""cobblemon:white_apricorn_seed"", ""link_recipe"": true, ""title"""
cobblepedia,cobblemon-extra\mods\Cobblepedia-Fabric-0.7.1.jar,assets/cobblepedia/patchouli_books/cobblepedia/en_us/entries/white_gilded_chest.json,False,False,"{ ""name"": ""block.cobblemon.white_gilded_chest"", ""category"": ""cobblepedia:items"", ""read_by_default"": true, ""icon"": ""cobblemon:white_gilded_chest"", ""pages"": [ { ""type"": ""patchouli:spotlight"", ""item"": ""cobblemon:white_gilded_chest"", ""title"": ""block.cobblemon.whit"
cobblepedia,cobblemon-extra\mods\Cobblepedia-Fabric-0.7.1.jar,assets/cobblepedia/patchouli_books/cobblepedia/en_us/entries/white_herb.json,False,False,"{ ""name"": ""item.cobblemon.white_herb"", ""category"": ""cobblepedia:items"", ""read_by_default"": true, ""icon"": ""cobblemon:white_herb"", ""pages"": [ { ""type"": ""patchouli:spotlight"", ""item"": ""cobblemon:white_herb"", ""link_recipe"": true, ""text"": ""book.cobblepedia.entries."
cobblepedia,cobblemon-extra\mods\Cobblepedia-Fabric-0.7.1.jar,assets/cobblepedia/patchouli_books/cobblepedia/en_us/entries/white_mint_leaf.json,False,False,"{ ""name"": ""item.cobblemon.white_mint_leaf"", ""category"": ""cobblepedia:items"", ""read_by_default"": true, ""icon"": ""cobblemon:white_mint_leaf"", ""pages"": [ { ""type"": ""patchouli:spotlight"", ""item"": ""cobblemon:white_mint_leaf"", ""link_recipe"": true, ""text"": ""book.cobbl"
cobblepedia,cobblemon-extra\mods\Cobblepedia-Fabric-0.7.1.jar,assets/cobblepedia/patchouli_books/cobblepedia/en_us/entries/white_mint_seeds.json,False,False,"{ ""name"": ""block.cobblemon.white_mint"", ""category"": ""cobblepedia:items"", ""read_by_default"": true, ""icon"": ""cobblemon:white_mint_seeds"", ""pages"": [ { ""type"": ""patchouli:spotlight"", ""item"": ""cobblemon:white_mint_seeds"", ""link_recipe"": true, ""text"": ""book.cobblep"
cobblepedia,cobblemon-extra\mods\Cobblepedia-Fabric-0.7.1.jar,assets/cobblepedia/patchouli_books/cobblepedia/en_us/entries/wide_lens.json,False,False,"{ ""name"": ""item.cobblemon.wide_lens"", ""category"": ""cobblepedia:items"", ""read_by_default"": true, ""icon"": ""cobblemon:wide_lens"", ""pages"": [ { ""type"": ""patchouli:spotlight"", ""item"": ""cobblemon:wide_lens"", ""text"": ""book.cobblepedia.entries.wide_lens.text"" }, { ""ty"
cobblepedia,cobblemon-extra\mods\Cobblepedia-Fabric-0.7.1.jar,assets/cobblepedia/patchouli_books/cobblepedia/en_us/entries/wiki_berry.json,False,False,"{ ""name"": ""item.cobblemon.wiki_berry"", ""category"": ""cobblepedia:items"", ""read_by_default"": true, ""icon"": ""cobblemon:wiki_berry"", ""pages"": [ { ""type"": ""cobblepedia:mutated_berry"", ""item"": ""cobblemon:wiki_berry"" }, { ""type"": ""patchouli:text"", ""title"": ""book.cobb"
cobblepedia,cobblemon-extra\mods\Cobblepedia-Fabric-0.7.1.jar,assets/cobblepedia/patchouli_books/cobblepedia/en_us/entries/wise_glasses.json,False,False,"{ ""name"": ""item.cobblemon.wise_glasses"", ""category"": ""cobblepedia:items"", ""read_by_default"": true, ""icon"": ""cobblemon:wise_glasses"", ""pages"": [ { ""type"": ""patchouli:spotlight"", ""item"": ""cobblemon:wise_glasses"", ""text"": ""book.cobblepedia.entries.wise_glasses.te"
cobblepedia,cobblemon-extra\mods\Cobblepedia-Fabric-0.7.1.jar,assets/cobblepedia/patchouli_books/cobblepedia/en_us/entries/x_accuracy.json,False,False,"{ ""name"": ""item.cobblemon.x_accuracy"", ""category"": ""cobblepedia:items"", ""read_by_default"": true, ""icon"": ""cobblemon:x_accuracy"", ""pages"": [ { ""type"": ""patchouli:spotlight"", ""item"": ""cobblemon:x_accuracy"", ""text"": ""book.cobblepedia.entries.x_accuracy.text"" }, {"
cobblepedia,cobblemon-extra\mods\Cobblepedia-Fabric-0.7.1.jar,assets/cobblepedia/patchouli_books/cobblepedia/en_us/entries/x_attack.json,False,False,"{ ""name"": ""item.cobblemon.x_attack"", ""category"": ""cobblepedia:items"", ""read_by_default"": true, ""icon"": ""cobblemon:x_attack"", ""pages"": [ { ""type"": ""patchouli:spotlight"", ""item"": ""cobblemon:x_attack"", ""text"": ""book.cobblepedia.entries.x_attack.text"" }, { ""type"":"
cobblepedia,cobblemon-extra\mods\Cobblepedia-Fabric-0.7.1.jar,assets/cobblepedia/patchouli_books/cobblepedia/en_us/entries/x_defence.json,False,False,"{ ""name"": ""item.cobblemon.x_defence"", ""category"": ""cobblepedia:items"", ""read_by_default"": true, ""icon"": ""cobblemon:x_defence"", ""pages"": [ { ""type"": ""patchouli:spotlight"", ""item"": ""cobblemon:x_defence"", ""text"": ""book.cobblepedia.entries.x_defence.text"" }, { ""ty"
cobblepedia,cobblemon-extra\mods\Cobblepedia-Fabric-0.7.1.jar,assets/cobblepedia/patchouli_books/cobblepedia/en_us/entries/x_item.json,False,False,"{ ""name"": ""book.cobblepedia.entries.x_item"", ""category"": ""cobblepedia:consumables"", ""icon"": ""cobblemon:x_accuracy"", ""pages"": [ { ""type"": ""patchouli:text"", ""text"": ""book.cobblepedia.entries.x_item.text"" }, { ""type"": ""patchouli:relations"", ""entries"": [ ""cobblepe"
cobblepedia,cobblemon-extra\mods\Cobblepedia-Fabric-0.7.1.jar,assets/cobblepedia/patchouli_books/cobblepedia/en_us/entries/x_special_attack.json,False,False,"{ ""name"": ""item.cobblemon.x_special_attack"", ""category"": ""cobblepedia:items"", ""read_by_default"": true, ""icon"": ""cobblemon:x_special_attack"", ""pages"": [ { ""type"": ""patchouli:spotlight"", ""item"": ""cobblemon:x_special_attack"", ""text"": ""book.cobblepedia.entries.x_s"
cobblepedia,cobblemon-extra\mods\Cobblepedia-Fabric-0.7.1.jar,assets/cobblepedia/patchouli_books/cobblepedia/en_us/entries/x_special_defence.json,False,False,"{ ""name"": ""item.cobblemon.x_special_defence"", ""category"": ""cobblepedia:items"", ""read_by_default"": true, ""icon"": ""cobblemon:x_special_defence"", ""pages"": [ { ""type"": ""patchouli:spotlight"", ""item"": ""cobblemon:x_special_defence"", ""text"": ""book.cobblepedia.entries."
cobblepedia,cobblemon-extra\mods\Cobblepedia-Fabric-0.7.1.jar,assets/cobblepedia/patchouli_books/cobblepedia/en_us/entries/x_speed.json,False,False,"{ ""name"": ""item.cobblemon.x_speed"", ""category"": ""cobblepedia:items"", ""read_by_default"": true, ""icon"": ""cobblemon:x_speed"", ""pages"": [ { ""type"": ""patchouli:spotlight"", ""item"": ""cobblemon:x_speed"", ""text"": ""book.cobblepedia.entries.x_speed.text"" }, { ""type"": ""pa"
cobblepedia,cobblemon-extra\mods\Cobblepedia-Fabric-0.7.1.jar,assets/cobblepedia/patchouli_books/cobblepedia/en_us/entries/yache_berry.json,False,False,"{ ""name"": ""item.cobblemon.yache_berry"", ""category"": ""cobblepedia:items"", ""read_by_default"": true, ""icon"": ""cobblemon:yache_berry"", ""pages"": [ { ""type"": ""cobblepedia:natural_berry"", ""item"": ""cobblemon:yache_berry"" }, { ""type"": ""patchouli:text"", ""title"": ""book.c"
cobblepedia,cobblemon-extra\mods\Cobblepedia-Fabric-0.7.1.jar,assets/cobblepedia/patchouli_books/cobblepedia/en_us/entries/yellow_apricorn.json,False,False,"{ ""name"": ""item.cobblemon.yellow_apricorn"", ""category"": ""cobblepedia:items"", ""read_by_default"": true, ""icon"": ""cobblemon:yellow_apricorn"", ""pages"": [ { ""type"": ""patchouli:spotlight"", ""item"": ""cobblemon:yellow_apricorn"", ""link_recipe"": true, ""title"": ""item.cobb"
cobblepedia,cobblemon-extra\mods\Cobblepedia-Fabric-0.7.1.jar,assets/cobblepedia/patchouli_books/cobblepedia/en_us/entries/yellow_apricorn_seed.json,False,False,"{ ""name"": ""item.cobblemon.yellow_apricorn_seed"", ""category"": ""cobblepedia:items"", ""read_by_default"": true, ""icon"": ""cobblemon:yellow_apricorn_seed"", ""pages"": [ { ""type"": ""patchouli:spotlight"", ""item"": ""cobblemon:yellow_apricorn_seed"", ""link_recipe"": true, ""tit"
cobblepedia,cobblemon-extra\mods\Cobblepedia-Fabric-0.7.1.jar,assets/cobblepedia/patchouli_books/cobblepedia/en_us/entries/yellow_gilded_chest.json,False,False,"{ ""name"": ""block.cobblemon.yellow_gilded_chest"", ""category"": ""cobblepedia:items"", ""read_by_default"": true, ""icon"": ""cobblemon:yellow_gilded_chest"", ""pages"": [ { ""type"": ""patchouli:spotlight"", ""item"": ""cobblemon:yellow_gilded_chest"", ""title"": ""block.cobblemon.y"
cobblepedia,cobblemon-extra\mods\Cobblepedia-Fabric-0.7.1.jar,assets/cobblepedia/patchouli_books/cobblepedia/en_us/entries/zinc.json,False,False,"{ ""name"": ""item.cobblemon.zinc"", ""category"": ""cobblepedia:items"", ""read_by_default"": true, ""icon"": ""cobblemon:zinc"", ""pages"": [ { ""type"": ""patchouli:spotlight"", ""item"": ""cobblemon:zinc"", ""text"": ""book.cobblepedia.entries.zinc.text"" }, { ""type"": ""patchouli:craf"
cobblepedia,cobblemon-extra\mods\Cobblepedia-Fabric-0.7.1.jar,assets/cobblepedia/patchouli_books/cobblepedia/en_us/entries/zoom_lens.json,False,False,"{ ""name"": ""item.cobblemon.zoom_lens"", ""category"": ""cobblepedia:items"", ""read_by_default"": true, ""icon"": ""cobblemon:zoom_lens"", ""pages"": [ { ""type"": ""patchouli:spotlight"", ""item"": ""cobblemon:zoom_lens"", ""text"": ""book.cobblepedia.entries.zoom_lens.text"" }, { ""ty"
cobblepedia,cobblemon-extra\mods\Cobblepedia-Fabric-0.7.1.jar,assets/cobblepedia/patchouli_books/cobblepedia/en_us/templates/brewing.json,False,False,"{ ""components"": [ { ""type"": ""patchouli:header"", ""text"": ""#title"", ""guard"": ""#title->exists"", ""x"": -1, ""y"": -1 }, { ""type"": ""patchouli:header"", ""text"": ""#text"", ""guard"": ""#text->exists"", ""x"": -1, ""y"": 80 } ], ""include"": [ { ""template"": ""cobblepedia:brewing_base"
cobblepedia,cobblemon-extra\mods\Cobblepedia-Fabric-0.7.1.jar,assets/cobblepedia/patchouli_books/cobblepedia/en_us/templates/brewing_base.json,False,False,"{ ""components"": [ { ""type"": ""patchouli:header"", ""text"": ""#result_item->iname"", ""guard"": ""#title->exists->inv"", ""x"": -1, ""y"": -1 }, { ""type"": ""patchouli:item"", ""item"": ""#reagent_item"", ""framed"": true, ""x"": 30, ""y"": 15 }, { ""type"": ""patchouli:item"", ""item"": ""min"
cobblepedia,cobblemon-extra\mods\Cobblepedia-Fabric-0.7.1.jar,assets/cobblepedia/patchouli_books/cobblepedia/en_us/templates/dropping.json,False,False,"{ ""components"": [ { ""type"": ""patchouli:header"", ""text"": ""#title"", ""x"": -1, ""y"": -1 }, { ""type"": ""patchouli:separator"", ""x"": -1, ""y"": -1 }, { ""type"": ""patchouli:text"", ""text"": ""#text"", ""x"": 0, ""y"": 17 } ], ""include"": [ { ""template"": ""cobblepedia:dropping_base"","
cobblepedia,cobblemon-extra\mods\Cobblepedia-Fabric-0.7.1.jar,assets/cobblepedia/patchouli_books/cobblepedia/en_us/templates/dropping_base.json,False,False,"{ ""processor"": ""com.gitlab.vinnystalck.cobblepedia.book.template.DroppingProcessor"", ""components"": [ { ""type"": ""patchouli:item"", ""item"": ""#pokemon_item"", ""framed"": true, ""x"": 25 }, { ""type"": ""patchouli:image"", ""image"": ""cobblepedia:textures/gui/crafting.png"", "
cobblepedia,cobblemon-extra\mods\Cobblepedia-Fabric-0.7.1.jar,assets/cobblepedia/patchouli_books/cobblepedia/en_us/templates/evolving.json,False,False,"{ ""components"": [ { ""type"": ""patchouli:header"", ""text"": ""book.cobblepedia.pages.evolving"", ""x"": -1, ""y"": -1 }, { ""type"": ""patchouli:separator"", ""x"": -1, ""y"": -1 }, { ""type"": ""patchouli:text"", ""text"": ""An $(l)#item->iname#/$ is an item that is used to evolve Po"
cobblepedia,cobblemon-extra\mods\Cobblepedia-Fabric-0.7.1.jar,assets/cobblepedia/patchouli_books/cobblepedia/en_us/templates/evolving_base.json,False,False,"{ ""processor"": ""com.gitlab.vinnystalck.cobblepedia.book.template.EvolvingProcessor"", ""components"": [ { ""type"": ""patchouli:item"", ""item"": ""#pokemon_item"", ""guard"": ""#holding_item->exists"", ""framed"": true, ""x"": 5 }, { ""type"": ""patchouli:item"", ""item"": ""#pokemon_"
cobblepedia,cobblemon-extra\mods\Cobblepedia-Fabric-0.7.1.jar,assets/cobblepedia/patchouli_books/cobblepedia/en_us/templates/mutated_berry.json,False,False,"{ ""components"": [ { ""type"": ""patchouli:text"", ""text"": ""An $(l)#item->iname#/$ is a $(l:mutated_berry)mutated berry$()."", ""x"": 0, ""y"": 40 } ], ""include"": [ { ""template"": ""cobblepedia:spotlight"", ""as"": ""spotlight"", ""using"": { ""item"": ""#item"" } } ] }"
cobblepedia,cobblemon-extra\mods\Cobblepedia-Fabric-0.7.1.jar,assets/cobblepedia/patchouli_books/cobblepedia/en_us/templates/natural_berry.json,False,False,"{ ""components"": [ { ""type"": ""patchouli:text"", ""text"": ""An $(l)#item->iname#/$ is a $(l:natural_berry)natural berry$()."", ""x"": 0, ""y"": 40 } ], ""include"": [ { ""template"": ""cobblepedia:spotlight"", ""as"": ""spotlight"", ""using"": { ""item"": ""#item"" } } ] }"
cobblepedia,cobblemon-extra\mods\Cobblepedia-Fabric-0.7.1.jar,assets/cobblepedia/patchouli_books/cobblepedia/en_us/templates/spotlight.json,False,False,"{ ""components"": [ { ""type"": ""patchouli:header"", ""text"": ""#item->iname"", ""x"": -1, ""y"": -1 }, { ""type"": ""patchouli:item"", ""item"": ""#item"", ""framed"": true, ""link_recipe"": true, ""x"": 50, ""y"": 15 }, { ""type"": ""patchouli:text"", ""text"": ""#text"", ""x"": 0, ""y"": 40 } ] }"
cobblepedia,cobblemon-extra\mods\Cobblepedia-Fabric-0.7.1.jar,assets/cobblepedia/patchouli_books/cobblepedia/es_es/templates/dropping_base.json,False,False,"{ ""processor"": ""com.gitlab.vinnystalck.cobblepedia.book.template.DroppingProcessor"", ""components"": [ { ""type"": ""patchouli:item"", ""item"": ""#pokemon_item"", ""framed"": true, ""x"": 25 }, { ""type"": ""patchouli:image"", ""image"": ""cobblepedia:textures/gui/crafting.png"", "
cobblepedia,cobblemon-extra\mods\Cobblepedia-Fabric-0.7.1.jar,assets/cobblepedia/patchouli_books/cobblepedia/es_es/templates/evolving.json,False,False,"{ ""components"": [ { ""type"": ""patchouli:header"", ""text"": ""book.cobblepedia.pages.evolving"", ""x"": -1, ""y"": -1 }, { ""type"": ""patchouli:separator"", ""x"": -1, ""y"": -1 }, { ""type"": ""patchouli:text"", ""text"": ""Un $(l)#item->iname#/$ es un objeto que se utiliza para evo"
cobblepedia,cobblemon-extra\mods\Cobblepedia-Fabric-0.7.1.jar,assets/cobblepedia/patchouli_books/cobblepedia/es_es/templates/evolving_base.json,False,False,"{ ""processor"": ""com.gitlab.vinnystalck.cobblepedia.book.template.EvolvingProcessor"", ""components"": [ { ""type"": ""patchouli:item"", ""item"": ""#pokemon_item"", ""guard"": ""#holding_item->exists"", ""framed"": true, ""x"": 5 }, { ""type"": ""patchouli:item"", ""item"": ""#pokemon_"
cobblepedia,cobblemon-extra\mods\Cobblepedia-Fabric-0.7.1.jar,assets/cobblepedia/patchouli_books/cobblepedia/es_es/templates/mutated_berry.json,False,False,"{ ""components"": [ { ""type"": ""patchouli:text"", ""text"": ""Un $(l)#item->iname#/$ es una $(l:mutated_berry)baya mutada$()."", ""x"": 0, ""y"": 40 } ], ""include"": [ { ""template"": ""cobblepedia:spotlight"", ""as"": ""spotlight"", ""using"": { ""item"": ""#item"" } } ] }"
cobblepedia,cobblemon-extra\mods\Cobblepedia-Fabric-0.7.1.jar,assets/cobblepedia/patchouli_books/cobblepedia/es_es/templates/natural_berry.json,False,False,"{ ""components"": [ { ""type"": ""patchouli:text"", ""text"": ""Un $(l)#item->iname#/$ es una $(l:natural_berry)baya natural$()."", ""x"": 0, ""y"": 40 } ], ""include"": [ { ""template"": ""cobblepedia:spotlight"", ""as"": ""spotlight"", ""using"": { ""item"": ""#item"" } } ] }"
cobblepedia,cobblemon-extra\mods\Cobblepedia-Fabric-0.7.1.jar,assets/cobblepedia/patchouli_books/cobblepedia/pt_br/templates/dropping_base.json,False,False,"{ ""processor"": ""com.gitlab.vinnystalck.cobblepedia.book.template.DroppingProcessor"", ""components"": [ { ""type"": ""patchouli:item"", ""item"": ""#pokemon_item"", ""framed"": true, ""x"": 25 }, { ""type"": ""patchouli:image"", ""image"": ""cobblepedia:textures/gui/crafting.png"", "
cobblepedia,cobblemon-extra\mods\Cobblepedia-Fabric-0.7.1.jar,assets/cobblepedia/patchouli_books/cobblepedia/pt_br/templates/evolving.json,False,False,"{ ""components"": [ { ""type"": ""patchouli:header"", ""text"": ""book.cobblepedia.pages.evolving"", ""x"": -1, ""y"": -1 }, { ""type"": ""patchouli:separator"", ""x"": -1, ""y"": -1 }, { ""type"": ""patchouli:text"", ""text"": ""Um $(l)#item->iname#/$ é um item utilizado para evoluir Pok"
cobblepedia,cobblemon-extra\mods\Cobblepedia-Fabric-0.7.1.jar,assets/cobblepedia/patchouli_books/cobblepedia/pt_br/templates/evolving_base.json,False,False,"{ ""processor"": ""com.gitlab.vinnystalck.cobblepedia.book.template.EvolvingProcessor"", ""components"": [ { ""type"": ""patchouli:item"", ""item"": ""#pokemon_item"", ""guard"": ""#holding_item->exists"", ""framed"": true, ""x"": 5 }, { ""type"": ""patchouli:item"", ""item"": ""#pokemon_"
cobblepedia,cobblemon-extra\mods\Cobblepedia-Fabric-0.7.1.jar,assets/cobblepedia/patchouli_books/cobblepedia/pt_br/templates/mutated_berry.json,False,False,"{ ""components"": [ { ""type"": ""patchouli:text"", ""text"": ""Um $(l)#item->iname#/$ é uma $(l:mutated_berry)baga mutada$()."", ""x"": 0, ""y"": 40 } ], ""include"": [ { ""template"": ""cobblepedia:spotlight"", ""as"": ""spotlight"", ""using"": { ""item"": ""#item"" } } ] }"
cobblepedia,cobblemon-extra\mods\Cobblepedia-Fabric-0.7.1.jar,assets/cobblepedia/patchouli_books/cobblepedia/pt_br/templates/natural_berry.json,False,False,"{ ""components"": [ { ""type"": ""patchouli:text"", ""text"": ""Um $(l)#item->iname#/$ é uma $(l:natural_berry)baga natural$()."", ""x"": 0, ""y"": 40 } ], ""include"": [ { ""template"": ""cobblepedia:spotlight"", ""as"": ""spotlight"", ""using"": { ""item"": ""#item"" } } ] }"
cobblepedia,cobblemon-extra\mods\Cobblepedia-Fabric-0.7.1.jar,data/cobblepedia/patchouli_books/cobblepedia/book.json,False,False,"{ ""name"": ""book.cobblepedia"", ""landing_text"": ""book.cobblepedia.landing_text"", ""subtitle"": ""advancements.cobblemon.root"", ""advancements_tab"": ""cobblemon"", ""creative_tab"": ""minecraft:tools_and_utilities"", ""book_texture"": ""cobblepedia:textures/gui/cobblepedia.pn"
battle_move_descriptions,cobblemon-extra\mods\mega_showdown-fabric-1.6.12+1.7.3+1.21.1.jar,assets/mega_showdown/lang/en_us.json,False,False,"{ ""item.mega_showdown.mega_stone"": ""Mega Stone"", ""item.mega_showdown.abomasite"": ""Abomasite"", ""item.mega_showdown.absolite"": ""Absolite"", ""item.mega_showdown.aerodactylite"": ""Aerodactylite"", ""item.mega_showdown.aggronite"": ""Aggronite"", ""item.mega_showdown.alaka"
battle_move_descriptions,cobblemon-extra\mods\mega_showdown-fabric-1.6.12+1.7.3+1.21.1.jar,assets/mega_showdown/lang/es_es.json,False,False,"{ ""item.mega_showdown.keystone"": ""Piedra activadora"", ""item.mega_showdown.mega_stone"": ""Megapiedra"", ""item.mega_showdown.abomasite"": ""Abomasnowita"", ""item.mega_showdown.absolite"": ""Absolita"", ""item.mega_showdown.aerodactylite"": ""Aerodactylita"", ""item.mega_show"
battle_move_descriptions,cobblemon-extra\mods\mega_showdown-fabric-1.6.12+1.7.3+1.21.1.jar,assets/mega_showdown/lang/fr_fr.json,False,False,"{ ""item.mega_showdown.mega_stone"": ""Méga-Gemme"", ""item.mega_showdown.abomasite"": ""Blizzarite"", ""item.mega_showdown.absolite"": ""Absolite"", ""item.mega_showdown.aerodactylite"": ""Ptéraïte"", ""item.mega_showdown.aggronite"": ""Galekingite"", ""item.mega_showdown.alakazi"
battle_move_descriptions,cobblemon-extra\mods\mega_showdown-fabric-1.6.12+1.7.3+1.21.1.jar,assets/mega_showdown/lang/ja_jp.json,False,False,"{ ""item.mega_showdown.mega_stone"": ""メガストーン"", ""item.mega_showdown.abomasite"": ""ユキノオナイト"", ""item.mega_showdown.absolite"": ""アブソルナイト"", ""item.mega_showdown.aerodactylite"": ""プテラナイト"", ""item.mega_showdown.aggronite"": ""ボスゴドラナイト"", ""item.mega_showdown.alakazite"": ""フーディナイト"
battle_move_descriptions,cobblemon-extra\mods\mega_showdown-fabric-1.6.12+1.7.3+1.21.1.jar,assets/mega_showdown/lang/ko_kr.json,False,False,"{ ""item.mega_showdown.mega_stone"": ""메가스톤"", ""item.mega_showdown.abomasite"": ""눈설왕나이트"", ""item.mega_showdown.absolite"": ""앱솔나이트"", ""item.mega_showdown.aerodactylite"": ""프테라나이트"", ""item.mega_showdown.aggronite"": ""보스로라나이트"", ""item.mega_showdown.alakazite"": ""후딘나이트"", ""item"
battle_move_descriptions,cobblemon-extra\mods\mega_showdown-fabric-1.6.12+1.7.3+1.21.1.jar,assets/mega_showdown/lang/pt_br.json,False,False,"{ ""item.mega_showdown.mega_stone"": ""Mega Pedra"", ""item.mega_showdown.abomasite"": ""Abomasita"", ""item.mega_showdown.absolite"": ""Absolita"", ""item.mega_showdown.aerodactylite"": ""Aerodactylita"", ""item.mega_showdown.aggronite"": ""Aggronita"", ""item.mega_showdown.alaka"
battle_move_descriptions,cobblemon-extra\mods\mega_showdown-fabric-1.6.12+1.7.3+1.21.1.jar,assets/mega_showdown/lang/zh_cn.json,False,False,"{ ""item.mega_showdown.mega_stone"": ""空白进化石"", ""item.mega_showdown.abomasite"": ""暴雪王进化石"", ""item.mega_showdown.absolite"": ""阿勃梭鲁进化石"", ""item.mega_showdown.aerodactylite"": ""化石翼龙进化石"", ""item.mega_showdown.aggronite"": ""波士可多拉进化石"", ""item.mega_showdown.alakazite"": ""胡地进化石"", "
battle_move_descriptions,cobblemon-extra\mods\mega_showdown-fabric-1.6.12+1.7.3+1.21.1.jar,data/mega_showdown/advancement/mega_showdown/z/get_all_z_move.json,False,False,"{ ""display"": { ""icon"": { ""id"": ""mega_showdown:ultranecrozium_z"" }, ""title"": { ""translate"": ""advancement.mega_showdown.get_all_z_move.title"", ""fallback"": ""Crystal Collector Extraordinaire!"" }, ""description"": { ""translate"": ""advancement.mega_showdown.get_all_z_m"
battle_move_descriptions,cobblemon-extra\mods\mega_showdown-fabric-1.6.12+1.7.3+1.21.1.jar,data/mega_showdown/advancement/mega_showdown/z/get_blank_move.json,False,False,"{ ""display"": { ""icon"": { ""id"": ""mega_showdown:blank_z"" }, ""title"": { ""translate"": ""advancement.mega_showdown.get_blank_move.title"", ""fallback"": ""Crystal Clear Confusion!"" }, ""description"": { ""translate"": ""advancement.mega_showdown.get_blank_move.description"", "
battle_move_descriptions,cobblemon-extra\mods\mega_showdown-fabric-1.6.12+1.7.3+1.21.1.jar,data/mega_showdown/advancement/mega_showdown/z/get_z_move.json,False,False,"{ ""display"": { ""icon"": { ""id"": ""mega_showdown:normalium_z"" }, ""title"": { ""translate"": ""advancement.mega_showdown.get_z_move.title"", ""fallback"": ""Shiny Rock, Big Boom!"" }, ""description"": { ""translate"": ""advancement.mega_showdown.get_z_move.description"", ""fallba"
cobblenav_pokenav,cobblemon-extra\resourcepacks\COBBLEVERSE RP [CF].zip,assets/cobblenav/lang/en_us.json,False,False,"{ ""gui.cobblenav.apply_bucket"": ""Show Actual Spawn Chance"", ""biome.cobblenav.any"": ""Any Biome"" }"
cobblenav_pokenav,cobblemon-extra\resourcepacks\iB%20-%203D%20Cobblenav-release-4.zip,assets/cobblenav/models/item/hand/fishingnav_item.json,False,False,"{ ""format_version"": ""1.21.11"", ""credit"": ""Made with Blockbench"", ""texture_size"": [32, 32], ""textures"": { ""0"": ""cobblenav:item/hand/fishingnav_item"", ""particle"": ""cobblenav:item/hand/fishingnav_item"" }, ""elements"": [ { ""from"": [4, 0, 7], ""to"": [12, 12, 9], ""rot"
cobblenav_pokenav,cobblemon-extra\resourcepacks\iB%20-%203D%20Cobblenav-release-4.zip,assets/cobblenav/models/item/hand/pokefinder_item_black.json,False,False,"{ ""format_version"": ""1.9.0"", ""credit"": ""Made with Blockbench"", ""texture_size"": [32, 32], ""textures"": { ""0"": ""cobblenav:item/hand/pokefinder_item_black"" }, ""elements"": [ { ""from"": [0, 0, 7], ""to"": [16, 12, 9], ""rotation"": {""angle"": 0, ""axis"": ""x"", ""origin"": [0,"
cobblenav_pokenav,cobblemon-extra\resourcepacks\iB%20-%203D%20Cobblenav-release-4.zip,assets/cobblenav/models/item/hand/pokefinder_item_blue.json,False,False,"{ ""parent"": ""cobblenav:item/hand/pokefinder_item_black"", ""textures"": { ""0"": ""cobblenav:item/hand/pokefinder_item_blue"" } } "
cobblenav_pokenav,cobblemon-extra\resourcepacks\iB%20-%203D%20Cobblenav-release-4.zip,assets/cobblenav/models/item/hand/pokefinder_item_green.json,False,False,"{ ""parent"": ""cobblenav:item/hand/pokefinder_item_black"", ""textures"": { ""0"": ""cobblenav:item/hand/pokefinder_item_green"" } } "
cobblenav_pokenav,cobblemon-extra\resourcepacks\iB%20-%203D%20Cobblenav-release-4.zip,assets/cobblenav/models/item/hand/pokefinder_item_pink.json,False,False,"{ ""parent"": ""cobblenav:item/hand/pokefinder_item_black"", ""textures"": { ""0"": ""cobblenav:item/hand/pokefinder_item_pink"" } } "
cobblenav_pokenav,cobblemon-extra\resourcepacks\iB%20-%203D%20Cobblenav-release-4.zip,assets/cobblenav/models/item/hand/pokefinder_item_red.json,False,False,"{ ""parent"": ""cobblenav:item/hand/pokefinder_item_black"", ""textures"": { ""0"": ""cobblenav:item/hand/pokefinder_item_red"" } } "
cobblenav_pokenav,cobblemon-extra\resourcepacks\iB%20-%203D%20Cobblenav-release-4.zip,assets/cobblenav/models/item/hand/pokefinder_item_white.json,False,False,"{ ""parent"": ""cobblenav:item/hand/pokefinder_item_black"", ""textures"": { ""0"": ""cobblenav:item/hand/pokefinder_item_white"" } } "
cobblenav_pokenav,cobblemon-extra\resourcepacks\iB%20-%203D%20Cobblenav-release-4.zip,assets/cobblenav/models/item/hand/pokefinder_item_yellow.json,False,False,"{ ""parent"": ""cobblenav:item/hand/pokefinder_item_black"", ""textures"": { ""0"": ""cobblenav:item/hand/pokefinder_item_yellow"" } } "
cobblenav_pokenav,cobblemon-extra\resourcepacks\iB%20-%203D%20Cobblenav-release-4.zip,assets/cobblenav/models/item/hand/pokenav_item_base.json,False,False,"{ ""format_version"": ""1.9.0"", ""credit"": ""Made with Blockbench"", ""texture_size"": [32, 32], ""textures"": { ""0"": ""cobblenav:item/hand/base_pokenav"", ""particle"": ""cobblenav:item/hand/base_pokenav"" }, ""elements"": [ { ""from"": [4, 0, 0], ""to"": [12, 1, 8], ""rotation"": {"
cobblenav_pokenav,cobblemon-extra\resourcepacks\iB%20-%203D%20Cobblenav-release-4.zip,assets/cobblenav/models/item/hand/pokenav_item_black.json,False,False,"{ ""parent"": ""cobblenav:item/hand/pokenav_item_base"", ""textures"": { ""0"": ""cobblenav:item/hand/black_pokenav"" } } "
cobblenav_pokenav,cobblemon-extra\resourcepacks\iB%20-%203D%20Cobblenav-release-4.zip,assets/cobblenav/models/item/hand/pokenav_item_blue.json,False,False,"{ ""parent"": ""cobblenav:item/hand/pokenav_item_base"", ""textures"": { ""0"": ""cobblenav:item/hand/blue_pokenav"" } } "
cobblenav_pokenav,cobblemon-extra\resourcepacks\iB%20-%203D%20Cobblenav-release-4.zip,assets/cobblenav/models/item/hand/pokenav_item_brown.json,False,False,"{ ""parent"": ""cobblenav:item/hand/pokenav_item_base"", ""textures"": { ""0"": ""cobblenav:item/hand/brown_pokenav"" } } "
cobblenav_pokenav,cobblemon-extra\resourcepacks\iB%20-%203D%20Cobblenav-release-4.zip,assets/cobblenav/models/item/hand/pokenav_item_cyan.json,False,False,"{ ""parent"": ""cobblenav:item/hand/pokenav_item_base"", ""textures"": { ""0"": ""cobblenav:item/hand/cyan_pokenav"" } } "
cobblenav_pokenav,cobblemon-extra\resourcepacks\iB%20-%203D%20Cobblenav-release-4.zip,assets/cobblenav/models/item/hand/pokenav_item_gholdengo.json,False,False,"{ ""parent"": ""cobblenav:item/hand/pokenav_item_base"", ""textures"": { ""0"": ""cobblenav:item/hand/gholdengo_pokenav"" } } "
cobblenav_pokenav,cobblemon-extra\resourcepacks\iB%20-%203D%20Cobblenav-release-4.zip,assets/cobblenav/models/item/hand/pokenav_item_gray.json,False,False,"{ ""parent"": ""cobblenav:item/hand/pokenav_item_base"", ""textures"": { ""0"": ""cobblenav:item/hand/gray_pokenav"" } } "
cobblenav_pokenav,cobblemon-extra\resourcepacks\iB%20-%203D%20Cobblenav-release-4.zip,assets/cobblenav/models/item/hand/pokenav_item_green.json,False,False,"{ ""parent"": ""cobblenav:item/hand/pokenav_item_base"", ""textures"": { ""0"": ""cobblenav:item/hand/green_pokenav"" } } "
cobblenav_pokenav,cobblemon-extra\resourcepacks\iB%20-%203D%20Cobblenav-release-4.zip,assets/cobblenav/models/item/hand/pokenav_item_light_blue.json,False,False,"{ ""parent"": ""cobblenav:item/hand/pokenav_item_base"", ""textures"": { ""0"": ""cobblenav:item/hand/light_blue_pokenav"" } } "
cobblenav_pokenav,cobblemon-extra\resourcepacks\iB%20-%203D%20Cobblenav-release-4.zip,assets/cobblenav/models/item/hand/pokenav_item_light_gray.json,False,False,"{ ""parent"": ""cobblenav:item/hand/pokenav_item_base"", ""textures"": { ""0"": ""cobblenav:item/hand/light_gray_pokenav"" } } "
cobblenav_pokenav,cobblemon-extra\resourcepacks\iB%20-%203D%20Cobblenav-release-4.zip,assets/cobblenav/models/item/hand/pokenav_item_lime.json,False,False,"{ ""parent"": ""cobblenav:item/hand/pokenav_item_base"", ""textures"": { ""0"": ""cobblenav:item/hand/lime_pokenav"" } } "
cobblenav_pokenav,cobblemon-extra\resourcepacks\iB%20-%203D%20Cobblenav-release-4.zip,assets/cobblenav/models/item/hand/pokenav_item_magenta.json,False,False,"{ ""parent"": ""cobblenav:item/hand/pokenav_item_base"", ""textures"": { ""0"": ""cobblenav:item/hand/magenta_pokenav"" } } "
cobblenav_pokenav,cobblemon-extra\resourcepacks\iB%20-%203D%20Cobblenav-release-4.zip,assets/cobblenav/models/item/hand/pokenav_item_old.json,False,False,"{ ""parent"": ""cobblenav:item/hand/pokenav_item_base"", ""textures"": { ""0"": ""cobblenav:item/hand/old_pokenav"" } } "
cobblenav_pokenav,cobblemon-extra\resourcepacks\iB%20-%203D%20Cobblenav-release-4.zip,assets/cobblenav/models/item/hand/pokenav_item_orange.json,False,False,"{ ""parent"": ""cobblenav:item/hand/pokenav_item_base"", ""textures"": { ""0"": ""cobblenav:item/hand/orange_pokenav"" } } "
cobblenav_pokenav,cobblemon-extra\resourcepacks\iB%20-%203D%20Cobblenav-release-4.zip,assets/cobblenav/models/item/hand/pokenav_item_pink.json,False,False,"{ ""parent"": ""cobblenav:item/hand/pokenav_item_base"", ""textures"": { ""0"": ""cobblenav:item/hand/pink_pokenav"" } } "
cobblenav_pokenav,cobblemon-extra\resourcepacks\iB%20-%203D%20Cobblenav-release-4.zip,assets/cobblenav/models/item/hand/pokenav_item_purple.json,False,False,"{ ""parent"": ""cobblenav:item/hand/pokenav_item_base"", ""textures"": { ""0"": ""cobblenav:item/hand/purple_pokenav"" } } "
cobblenav_pokenav,cobblemon-extra\resourcepacks\iB%20-%203D%20Cobblenav-release-4.zip,assets/cobblenav/models/item/hand/pokenav_item_red.json,False,False,"{ ""parent"": ""cobblenav:item/hand/pokenav_item_base"", ""textures"": { ""0"": ""cobblenav:item/hand/red_pokenav"" } } "
cobblenav_pokenav,cobblemon-extra\resourcepacks\iB%20-%203D%20Cobblenav-release-4.zip,assets/cobblenav/models/item/hand/pokenav_item_wanderer.json,False,False,"{ ""parent"": ""cobblenav:item/hand/pokenav_item_base"", ""textures"": { ""0"": ""cobblenav:item/hand/wanderer_pokenav"" } } "
cobblenav_pokenav,cobblemon-extra\resourcepacks\iB%20-%203D%20Cobblenav-release-4.zip,assets/cobblenav/models/item/hand/pokenav_item_white.json,False,False,"{ ""parent"": ""cobblenav:item/hand/pokenav_item_base"", ""textures"": { ""0"": ""cobblenav:item/hand/white_pokenav"" } } "
cobblenav_pokenav,cobblemon-extra\resourcepacks\iB%20-%203D%20Cobblenav-release-4.zip,assets/cobblenav/models/item/hand/pokenav_item_yellow.json,False,False,"{ ""parent"": ""cobblenav:item/hand/pokenav_item_base"", ""textures"": { ""0"": ""cobblenav:item/hand/yellow_pokenav"" } } "
cobblenav_pokenav,cobblemon-extra\resourcepacks\iB%20-%203D%20Cobblenav-release-4.zip,assets/cobblenav/models/item/pokefinder_item_black.json,False,False,"{ ""parent"": ""item/handheld"", ""loader"": ""neoforge:separate_transforms"", ""base"": { ""parent"": ""cobblenav:item/hand/pokefinder_item_black"" }, ""perspectives"": { ""fixed"": { ""parent"": ""minecraft:item/generated"", ""textures"": { ""layer0"": ""cobblenav:item/gui/pokefinder_"
cobblenav_pokenav,cobblemon-extra\resourcepacks\iB%20-%203D%20Cobblenav-release-4.zip,assets/cobblenav/models/item/pokefinder_item_blue.json,False,False,"{ ""parent"": ""item/handheld"", ""loader"": ""neoforge:separate_transforms"", ""base"": { ""parent"": ""cobblenav:item/hand/pokefinder_item_blue"" }, ""perspectives"": { ""fixed"": { ""parent"": ""minecraft:item/generated"", ""textures"": { ""layer0"": ""cobblenav:item/gui/pokefinder_i"
cobblenav_pokenav,cobblemon-extra\resourcepacks\iB%20-%203D%20Cobblenav-release-4.zip,assets/cobblenav/models/item/pokefinder_item_green.json,False,False,"{ ""parent"": ""item/handheld"", ""loader"": ""neoforge:separate_transforms"", ""base"": { ""parent"": ""cobblenav:item/hand/pokefinder_item_green"" }, ""perspectives"": { ""fixed"": { ""parent"": ""minecraft:item/generated"", ""textures"": { ""layer0"": ""cobblenav:item/gui/pokefinder_"
cobblenav_pokenav,cobblemon-extra\resourcepacks\iB%20-%203D%20Cobblenav-release-4.zip,assets/cobblenav/models/item/pokefinder_item_pink.json,False,False,"{ ""parent"": ""item/handheld"", ""loader"": ""neoforge:separate_transforms"", ""base"": { ""parent"": ""cobblenav:item/hand/pokefinder_item_pink"" }, ""perspectives"": { ""fixed"": { ""parent"": ""minecraft:item/generated"", ""textures"": { ""layer0"": ""cobblenav:item/gui/pokefinder_i"
cobblenav_pokenav,cobblemon-extra\resourcepacks\iB%20-%203D%20Cobblenav-release-4.zip,assets/cobblenav/models/item/pokefinder_item_red.json,False,False,"{ ""parent"": ""item/handheld"", ""loader"": ""neoforge:separate_transforms"", ""base"": { ""parent"": ""cobblenav:item/hand/pokefinder_item_red"" }, ""perspectives"": { ""fixed"": { ""parent"": ""minecraft:item/generated"", ""textures"": { ""layer0"": ""cobblenav:item/gui/pokefinder_it"
cobblenav_pokenav,cobblemon-extra\resourcepacks\iB%20-%203D%20Cobblenav-release-4.zip,assets/cobblenav/models/item/pokefinder_item_white.json,False,False,"{ ""parent"": ""item/handheld"", ""loader"": ""neoforge:separate_transforms"", ""base"": { ""parent"": ""cobblenav:item/hand/pokefinder_item_white"" }, ""perspectives"": { ""fixed"": { ""parent"": ""minecraft:item/generated"", ""textures"": { ""layer0"": ""cobblenav:item/gui/pokefinder_"
cobblenav_pokenav,cobblemon-extra\resourcepacks\iB%20-%203D%20Cobblenav-release-4.zip,assets/cobblenav/models/item/pokefinder_item_yellow.json,False,False,"{ ""parent"": ""item/handheld"", ""loader"": ""neoforge:separate_transforms"", ""base"": { ""parent"": ""cobblenav:item/hand/pokefinder_item_yellow"" }, ""perspectives"": { ""fixed"": { ""parent"": ""minecraft:item/generated"", ""textures"": { ""layer0"": ""cobblenav:item/gui/pokefinder"
cobblenav_pokenav,cobblemon-extra\resourcepacks\iB%20-%203D%20Cobblenav-release-4.zip,assets/cobblenav/models/item/pokenav_item.json,False,False,"{ ""parent"": ""item/handheld"", ""loader"": ""neoforge:separate_transforms"", ""base"": { ""parent"": ""cobblenav:item/hand/pokenav_item_base"" }, ""perspectives"": { ""fixed"": { ""parent"": ""minecraft:item/generated"", ""textures"": { ""layer0"": ""cobblenav:item/gui/pokenav_item_ba"
cobblenav_pokenav,cobblemon-extra\resourcepacks\iB%20-%203D%20Cobblenav-release-4.zip,assets/cobblenav/models/item/pokenav_item_base.json,False,False,"{ ""parent"": ""item/handheld"", ""loader"": ""neoforge:separate_transforms"", ""base"": { ""parent"": ""cobblenav:item/hand/pokenav_item_base"" }, ""perspectives"": { ""fixed"": { ""parent"": ""minecraft:item/generated"", ""textures"": { ""layer0"": ""cobblenav:item/gui/pokenav_item_ba"
cobblenav_pokenav,cobblemon-extra\resourcepacks\iB%20-%203D%20Cobblenav-release-4.zip,assets/cobblenav/models/item/pokenav_item_black.json,False,False,"{ ""parent"": ""item/handheld"", ""loader"": ""neoforge:separate_transforms"", ""base"": { ""parent"": ""cobblenav:item/hand/pokenav_item_black"" }, ""perspectives"": { ""fixed"": { ""parent"": ""minecraft:item/generated"", ""textures"": { ""layer0"": ""cobblenav:item/gui/pokenav_item_b"
cobblenav_pokenav,cobblemon-extra\resourcepacks\iB%20-%203D%20Cobblenav-release-4.zip,assets/cobblenav/models/item/pokenav_item_blue.json,False,False,"{ ""parent"": ""item/handheld"", ""loader"": ""neoforge:separate_transforms"", ""base"": { ""parent"": ""cobblenav:item/hand/pokenav_item_blue"" }, ""perspectives"": { ""fixed"": { ""parent"": ""minecraft:item/generated"", ""textures"": { ""layer0"": ""cobblenav:item/gui/pokenav_item_bl"
cobblenav_pokenav,cobblemon-extra\resourcepacks\iB%20-%203D%20Cobblenav-release-4.zip,assets/cobblenav/models/item/pokenav_item_brown.json,False,False,"{ ""parent"": ""item/handheld"", ""loader"": ""neoforge:separate_transforms"", ""base"": { ""parent"": ""cobblenav:item/hand/pokenav_item_brown"" }, ""perspectives"": { ""fixed"": { ""parent"": ""minecraft:item/generated"", ""textures"": { ""layer0"": ""cobblenav:item/gui/pokenav_item_b"
cobblenav_pokenav,cobblemon-extra\resourcepacks\iB%20-%203D%20Cobblenav-release-4.zip,assets/cobblenav/models/item/pokenav_item_cyan.json,False,False,"{ ""parent"": ""item/handheld"", ""loader"": ""neoforge:separate_transforms"", ""base"": { ""parent"": ""cobblenav:item/hand/pokenav_item_cyan"" }, ""perspectives"": { ""fixed"": { ""parent"": ""minecraft:item/generated"", ""textures"": { ""layer0"": ""cobblenav:item/gui/pokenav_item_cy"
cobblenav_pokenav,cobblemon-extra\resourcepacks\iB%20-%203D%20Cobblenav-release-4.zip,assets/cobblenav/models/item/pokenav_item_gholdengo.json,False,False,"{ ""parent"": ""item/handheld"", ""loader"": ""neoforge:separate_transforms"", ""base"": { ""parent"": ""cobblenav:item/hand/pokenav_item_gholdengo"" }, ""perspectives"": { ""fixed"": { ""parent"": ""minecraft:item/generated"", ""textures"": { ""layer0"": ""cobblenav:item/gui/pokenav_it"
cobblenav_pokenav,cobblemon-extra\resourcepacks\iB%20-%203D%20Cobblenav-release-4.zip,assets/cobblenav/models/item/pokenav_item_gray.json,False,False,"{ ""parent"": ""item/handheld"", ""loader"": ""neoforge:separate_transforms"", ""base"": { ""parent"": ""cobblenav:item/hand/pokenav_item_gray"" }, ""perspectives"": { ""fixed"": { ""parent"": ""minecraft:item/generated"", ""textures"": { ""layer0"": ""cobblenav:item/gui/pokenav_item_gr"
cobblenav_pokenav,cobblemon-extra\resourcepacks\iB%20-%203D%20Cobblenav-release-4.zip,assets/cobblenav/models/item/pokenav_item_green.json,False,False,"{ ""parent"": ""item/handheld"", ""loader"": ""neoforge:separate_transforms"", ""base"": { ""parent"": ""cobblenav:item/hand/pokenav_item_green"" }, ""perspectives"": { ""fixed"": { ""parent"": ""minecraft:item/generated"", ""textures"": { ""layer0"": ""cobblenav:item/gui/pokenav_item_g"
cobblenav_pokenav,cobblemon-extra\resourcepacks\iB%20-%203D%20Cobblenav-release-4.zip,assets/cobblenav/models/item/pokenav_item_light_blue.json,False,False,"{ ""parent"": ""item/handheld"", ""loader"": ""neoforge:separate_transforms"", ""base"": { ""parent"": ""cobblenav:item/hand/pokenav_item_light_blue"" }, ""perspectives"": { ""fixed"": { ""parent"": ""minecraft:item/generated"", ""textures"": { ""layer0"": ""cobblenav:item/gui/pokenav_i"
cobblenav_pokenav,cobblemon-extra\resourcepacks\iB%20-%203D%20Cobblenav-release-4.zip,assets/cobblenav/models/item/pokenav_item_light_gray.json,False,False,"{ ""parent"": ""item/handheld"", ""loader"": ""neoforge:separate_transforms"", ""base"": { ""parent"": ""cobblenav:item/hand/pokenav_item_light_gray"" }, ""perspectives"": { ""fixed"": { ""parent"": ""minecraft:item/generated"", ""textures"": { ""layer0"": ""cobblenav:item/gui/pokenav_i"
cobblenav_pokenav,cobblemon-extra\resourcepacks\iB%20-%203D%20Cobblenav-release-4.zip,assets/cobblenav/models/item/pokenav_item_lime.json,False,False,"{ ""parent"": ""item/handheld"", ""loader"": ""neoforge:separate_transforms"", ""base"": { ""parent"": ""cobblenav:item/hand/pokenav_item_lime"" }, ""perspectives"": { ""fixed"": { ""parent"": ""minecraft:item/generated"", ""textures"": { ""layer0"": ""cobblenav:item/gui/pokenav_item_li"
cobblenav_pokenav,cobblemon-extra\resourcepacks\iB%20-%203D%20Cobblenav-release-4.zip,assets/cobblenav/models/item/pokenav_item_magenta.json,False,False,"{ ""parent"": ""item/handheld"", ""loader"": ""neoforge:separate_transforms"", ""base"": { ""parent"": ""cobblenav:item/hand/pokenav_item_magenta"" }, ""perspectives"": { ""fixed"": { ""parent"": ""minecraft:item/generated"", ""textures"": { ""layer0"": ""cobblenav:item/gui/pokenav_item"
cobblenav_pokenav,cobblemon-extra\resourcepacks\iB%20-%203D%20Cobblenav-release-4.zip,assets/cobblenav/models/item/pokenav_item_netherite.json,False,False,"{ ""parent"": ""item/handheld"", ""loader"": ""neoforge:separate_transforms"", ""base"": { ""parent"": ""cobblenav:item/hand/pokenav_item_netherite"" }, ""perspectives"": { ""fixed"": { ""parent"": ""minecraft:item/generated"", ""textures"": { ""layer0"": ""cobblenav:item/gui/pokenav_it"
cobblenav_pokenav,cobblemon-extra\resourcepacks\iB%20-%203D%20Cobblenav-release-4.zip,assets/cobblenav/models/item/pokenav_item_old.json,False,False,"{ ""parent"": ""item/handheld"", ""loader"": ""neoforge:separate_transforms"", ""base"": { ""parent"": ""cobblenav:item/hand/pokenav_item_old"" }, ""perspectives"": { ""fixed"": { ""parent"": ""minecraft:item/generated"", ""textures"": { ""layer0"": ""cobblenav:item/gui/pokenav_item_old"
cobblenav_pokenav,cobblemon-extra\resourcepacks\iB%20-%203D%20Cobblenav-release-4.zip,assets/cobblenav/models/item/pokenav_item_orange.json,False,False,"{ ""parent"": ""item/handheld"", ""loader"": ""neoforge:separate_transforms"", ""base"": { ""parent"": ""cobblenav:item/hand/pokenav_item_orange"" }, ""perspectives"": { ""fixed"": { ""parent"": ""minecraft:item/generated"", ""textures"": { ""layer0"": ""cobblenav:item/gui/pokenav_item_"
cobblenav_pokenav,cobblemon-extra\resourcepacks\iB%20-%203D%20Cobblenav-release-4.zip,assets/cobblenav/models/item/pokenav_item_pink.json,False,False,"{ ""parent"": ""item/handheld"", ""loader"": ""neoforge:separate_transforms"", ""base"": { ""parent"": ""cobblenav:item/hand/pokenav_item_pink"" }, ""perspectives"": { ""fixed"": { ""parent"": ""minecraft:item/generated"", ""textures"": { ""layer0"": ""cobblenav:item/gui/pokenav_item_pi"
cobblenav_pokenav,cobblemon-extra\resourcepacks\iB%20-%203D%20Cobblenav-release-4.zip,assets/cobblenav/models/item/pokenav_item_purple.json,False,False,"{ ""parent"": ""item/handheld"", ""loader"": ""neoforge:separate_transforms"", ""base"": { ""parent"": ""cobblenav:item/hand/pokenav_item_purple"" }, ""perspectives"": { ""fixed"": { ""parent"": ""minecraft:item/generated"", ""textures"": { ""layer0"": ""cobblenav:item/gui/pokenav_item_"
cobblenav_pokenav,cobblemon-extra\resourcepacks\iB%20-%203D%20Cobblenav-release-4.zip,assets/cobblenav/models/item/pokenav_item_red.json,False,False,"{ ""parent"": ""item/handheld"", ""loader"": ""neoforge:separate_transforms"", ""base"": { ""parent"": ""cobblenav:item/hand/pokenav_item_red"" }, ""perspectives"": { ""fixed"": { ""parent"": ""minecraft:item/generated"", ""textures"": { ""layer0"": ""cobblenav:item/gui/pokenav_item_red"
cobblenav_pokenav,cobblemon-extra\resourcepacks\iB%20-%203D%20Cobblenav-release-4.zip,assets/cobblenav/models/item/pokenav_item_wanderer.json,False,False,"{ ""parent"": ""item/handheld"", ""loader"": ""neoforge:separate_transforms"", ""base"": { ""parent"": ""cobblenav:item/hand/pokenav_item_wanderer"" }, ""perspectives"": { ""fixed"": { ""parent"": ""minecraft:item/generated"", ""textures"": { ""layer0"": ""cobblenav:item/gui/pokenav_ite"
cobblenav_pokenav,cobblemon-extra\resourcepacks\iB%20-%203D%20Cobblenav-release-4.zip,assets/cobblenav/models/item/pokenav_item_white.json,False,False,"{ ""parent"": ""item/handheld"", ""loader"": ""neoforge:separate_transforms"", ""base"": { ""parent"": ""cobblenav:item/hand/pokenav_item_white"" }, ""perspectives"": { ""fixed"": { ""parent"": ""minecraft:item/generated"", ""textures"": { ""layer0"": ""cobblenav:item/gui/pokenav_item_w"
cobblenav_pokenav,cobblemon-extra\resourcepacks\iB%20-%203D%20Cobblenav-release-4.zip,assets/cobblenav/models/item/pokenav_item_yellow.json,False,False,"{ ""parent"": ""item/handheld"", ""loader"": ""neoforge:separate_transforms"", ""base"": { ""parent"": ""cobblenav:item/hand/pokenav_item_yellow"" }, ""perspectives"": { ""fixed"": { ""parent"": ""minecraft:item/generated"", ""textures"": { ""layer0"": ""cobblenav:item/gui/pokenav_item_"
battle_move_descriptions,cobblemon-extra\COBBLEVERSE - Pokemon Adventure [Cobblemon] COBBLEVERSE-1.7.30-CF.jar,assets/minecraft/lang/en_us.json,False,False,"{ ""accessibility.onboarding.accessibility.button"": ""Accessibility Settings..."", ""accessibility.onboarding.screen.narrator"": ""Press enter to enable the narrator"", ""accessibility.onboarding.screen.title"": ""Welcome to Minecraft!\n\nWould you like to enable the Na"
battle_move_descriptions,FactorMoon\mods\cobblemon-battle-extras-neoforge-1.13.45.jar,assets/cobblemon-battle-extras/lang/de_de.json,False,False,"{ ""move.battleinfo.power"": ""⚔ Stärke: %d"", ""move.battleinfo.power.none"": ""⚔ Stärke: —"", ""move.battleinfo.accuracy"": ""◎ Genauigkeit: %d%%"", ""move.battleinfo.accuracy.none"": ""◎ Genauigkeit: —"", ""move.battleinfo.priority"": ""⚡ Priorität: %s"", ""move.battleinfo.spee"
battle_move_descriptions,FactorMoon\mods\cobblemon-battle-extras-neoforge-1.13.45.jar,assets/cobblemon-battle-extras/lang/en_us.json,False,False,"{ ""move.battleinfo.power"": ""⚔ Power: %d"", ""move.battleinfo.power.none"": ""⚔ Power: —"", ""move.battleinfo.accuracy"": ""◎ Accuracy: %d%%"", ""move.battleinfo.accuracy.none"": ""◎ Accuracy: —"", ""move.battleinfo.priority"": ""⚡ Priority: %s"", ""move.battleinfo.speed"": ""⚡ Sp"
battle_move_descriptions,FactorMoon\mods\cobblemon-battle-extras-neoforge-1.13.45.jar,assets/cobblemon-battle-extras/lang/es_es.json,False,False,"{ ""move.battleinfo.power"": ""⚔ Potencia: %d"", ""move.battleinfo.power.none"": ""⚔ Potencia: —"", ""move.battleinfo.accuracy"": ""◎ Precisión: %d%%"", ""move.battleinfo.accuracy.none"": ""◎ Precisión: —"", ""move.battleinfo.priority"": ""⚡ Prioridad: %s"", ""move.battleinfo.spee"
battle_move_descriptions,FactorMoon\mods\cobblemon-battle-extras-neoforge-1.13.45.jar,assets/cobblemon-battle-extras/lang/es_mx.json,False,False,"{ ""move.battleinfo.power"": ""⚔ Potencia: %d"", ""move.battleinfo.power.none"": ""⚔ Potencia: —"", ""move.battleinfo.accuracy"": ""◎ Precisión: %d%%"", ""move.battleinfo.accuracy.none"": ""◎ Precisión: —"", ""move.battleinfo.priority"": ""⚡ Prioridad: %s"", ""move.battleinfo.spee"
battle_move_descriptions,FactorMoon\mods\cobblemon-battle-extras-neoforge-1.13.45.jar,assets/cobblemon-battle-extras/lang/fr_fr.json,False,False,"{ ""move.battleinfo.power"": ""⚔ Puissance : %d"", ""move.battleinfo.power.none"": ""⚔ Puissance : —"", ""move.battleinfo.accuracy"": ""◎ Précision : %d%%"", ""move.battleinfo.accuracy.none"": ""◎ Précision : —"", ""move.battleinfo.priority"": ""⚡ Priorité : %s"", ""move.battleinf"
battle_move_descriptions,FactorMoon\mods\cobblemon-battle-extras-neoforge-1.13.45.jar,assets/cobblemon-battle-extras/lang/it_it.json,False,False,"{ ""move.battleinfo.power"": ""⚔ Potenza: %d"", ""move.battleinfo.power.none"": ""⚔ Potenza: —"", ""move.battleinfo.accuracy"": ""◎ Precisione: %d%%"", ""move.battleinfo.accuracy.none"": ""◎ Precisione: —"", ""move.battleinfo.priority"": ""⚡ Priorità: %s"", ""move.battleinfo.speed"
battle_move_descriptions,FactorMoon\mods\cobblemon-battle-extras-neoforge-1.13.45.jar,assets/cobblemon-battle-extras/lang/ja_jp.json,False,False,"{ ""move.battleinfo.power"": ""⚔ 威力: %d"", ""move.battleinfo.power.none"": ""⚔ 威力: —"", ""move.battleinfo.accuracy"": ""◎ 命中: %d%%"", ""move.battleinfo.accuracy.none"": ""◎ 命中: —"", ""move.battleinfo.priority"": ""⚡ 優先度: %s"", ""move.battleinfo.speed"": ""⚡ 素早さ: %s"", ""move.battleinf"
battle_move_descriptions,FactorMoon\mods\cobblemon-battle-extras-neoforge-1.13.45.jar,assets/cobblemon-battle-extras/lang/ko_kr.json,False,False,"{ ""move.battleinfo.power"": ""⚔ 위력: %d"", ""move.battleinfo.power.none"": ""⚔ 위력: —"", ""move.battleinfo.accuracy"": ""◎ 명중률: %d%%"", ""move.battleinfo.accuracy.none"": ""◎ 명중률: —"", ""move.battleinfo.priority"": ""⚡ 우선도: %s"", ""move.battleinfo.speed"": ""⚡ 스피드: %s"", ""move.battlei"
battle_move_descriptions,FactorMoon\mods\cobblemon-battle-extras-neoforge-1.13.45.jar,assets/cobblemon-battle-extras/lang/nl_nl.json,False,False,"{ ""move.battleinfo.power"": ""⚔ Kracht: %d"", ""move.battleinfo.power.none"": ""⚔ Kracht: —"", ""move.battleinfo.accuracy"": ""◎ Nauwkeurigheid: %d%%"", ""move.battleinfo.accuracy.none"": ""◎ Nauwkeurigheid: —"", ""move.battleinfo.priority"": ""⚡ Prioriteit: %s"", ""move.battlein"
battle_move_descriptions,FactorMoon\mods\cobblemon-battle-extras-neoforge-1.13.45.jar,assets/cobblemon-battle-extras/lang/pl_pl.json,False,False,"{ ""move.battleinfo.power"": ""⚔ Moc: %d"", ""move.battleinfo.power.none"": ""⚔ Moc: —"", ""move.battleinfo.accuracy"": ""◎ Celność: %d%%"", ""move.battleinfo.accuracy.none"": ""◎ Celność: —"", ""move.battleinfo.priority"": ""⚡ Priorytet: %s"", ""move.battleinfo.speed"": ""⚡ Szybkoś"
battle_move_descriptions,FactorMoon\mods\cobblemon-battle-extras-neoforge-1.13.45.jar,assets/cobblemon-battle-extras/lang/pt_br.json,False,False,"{ ""move.battleinfo.power"": ""⚔ Poder: %d"", ""move.battleinfo.power.none"": ""⚔ Poder: —"", ""move.battleinfo.accuracy"": ""◎ Precisão: %d%%"", ""move.battleinfo.accuracy.none"": ""◎ Precisão: —"", ""move.battleinfo.priority"": ""⚡ Prioridade: %s"", ""move.battleinfo.speed"": ""⚡ "
battle_move_descriptions,FactorMoon\mods\cobblemon-battle-extras-neoforge-1.13.45.jar,assets/cobblemon-battle-extras/lang/ru_ru.json,True,True,"{ ""move.battleinfo.power"": ""⚔ Мощность: %d"", ""move.battleinfo.power.none"": ""⚔ Мощность: —"", ""move.battleinfo.accuracy"": ""◎ Точность: %d%%"", ""move.battleinfo.accuracy.none"": ""◎ Точность: —"", ""move.battleinfo.priority"": ""⚡ Приоритет: %s"", ""move.battleinfo.speed"""
battle_move_descriptions,FactorMoon\mods\cobblemon-battle-extras-neoforge-1.13.45.jar,assets/cobblemon-battle-extras/lang/tl_ph.json,False,False,"{ ""move.battleinfo.power"": ""⚔ Lakas: %d"", ""move.battleinfo.power.none"": ""⚔ Lakas: —"", ""move.battleinfo.accuracy"": ""◎ Katumpakan: %d%%"", ""move.battleinfo.accuracy.none"": ""◎ Katumpakan: —"", ""move.battleinfo.priority"": ""⚡ Prayoridad: %s"", ""move.battleinfo.speed"":"
battle_move_descriptions,FactorMoon\mods\cobblemon-battle-extras-neoforge-1.13.45.jar,assets/cobblemon-battle-extras/lang/tr_tr.json,False,False,"{ ""move.battleinfo.power"": ""⚔ Güç: %d"", ""move.battleinfo.power.none"": ""⚔ Güç: —"", ""move.battleinfo.accuracy"": ""◎ İsabet: %d%%"", ""move.battleinfo.accuracy.none"": ""◎ İsabet: —"", ""move.battleinfo.priority"": ""⚡ Öncelik: %s"", ""move.battleinfo.speed"": ""⚡ Hız: %s"", """
battle_move_descriptions,FactorMoon\mods\cobblemon-battle-extras-neoforge-1.13.45.jar,assets/cobblemon-battle-extras/lang/uk_ua.json,True,False,"{ ""move.battleinfo.power"": ""⚔ Потужність: %d"", ""move.battleinfo.power.none"": ""⚔ Потужність: —"", ""move.battleinfo.accuracy"": ""◎ Точність: %d%%"", ""move.battleinfo.accuracy.none"": ""◎ Точність: —"", ""move.battleinfo.priority"": ""⚡ Пріоритет: %s"", ""move.battleinfo.sp"
battle_move_descriptions,FactorMoon\mods\cobblemon-battle-extras-neoforge-1.13.45.jar,assets/cobblemon-battle-extras/lang/vi_vn.json,False,False,"{ ""move.battleinfo.power"": ""⚔ Sức mạnh: %d"", ""move.battleinfo.power.none"": ""⚔ Sức mạnh: —"", ""move.battleinfo.accuracy"": ""◎ Độ chính xác: %d%%"", ""move.battleinfo.accuracy.none"": ""◎ Độ chính xác: —"", ""move.battleinfo.priority"": ""⚡ Ưu tiên: %s"", ""move.battleinfo."
battle_move_descriptions,FactorMoon\mods\cobblemon-battle-extras-neoforge-1.13.45.jar,assets/cobblemon-battle-extras/lang/zh_cn.json,False,False,"{ ""move.battleinfo.power"": ""⚔ 威力: %d"", ""move.battleinfo.power.none"": ""⚔ 威力: —"", ""move.battleinfo.accuracy"": ""◎ 命中率: %d%%"", ""move.battleinfo.accuracy.none"": ""◎ 命中率: —"", ""move.battleinfo.priority"": ""⚡ 优先级: %s"", ""move.battleinfo.speed"": ""⚡ 速度: %s"", ""move.battlein"
battle_move_descriptions,FactorMoon\mods\cobblemon-battle-extras-neoforge-1.13.45.jar,assets/cobblemon-battle-extras/lang/zh_hk.json,False,False,"{ ""move.battleinfo.power"": ""⚔ 威力: %d"", ""move.battleinfo.power.none"": ""⚔ 威力: —"", ""move.battleinfo.accuracy"": ""◎ 命中率: %d%%"", ""move.battleinfo.accuracy.none"": ""◎ 命中率: —"", ""move.battleinfo.priority"": ""⚡ 優先度: %s"", ""move.battleinfo.speed"": ""⚡ 速度: %s"", ""move.battlein"
battle_move_descriptions,FactorMoon\mods\cobblemon-battle-extras-neoforge-1.13.45.jar,assets/cobblemon-battle-extras/lang/zh_tw.json,False,False,"{ ""move.battleinfo.power"": ""⚔ 威力: %d"", ""move.battleinfo.power.none"": ""⚔ 威力: —"", ""move.battleinfo.accuracy"": ""◎ 命中率: %d%%"", ""move.battleinfo.accuracy.none"": ""◎ 命中率: —"", ""move.battleinfo.priority"": ""⚡ 優先度: %s"", ""move.battleinfo.speed"": ""⚡ 速度: %s"", ""move.battlein"
cobblenav_pokenav,FactorMoon\mods\Cobblemon-neoforge-1.7.3+1.21.1.jar,assets/cobblemon/lang/cs_cz.json,False,False,"{""item.cobblemon.poke_ball"":""Poké Ball"",""item.cobblemon.slate_ball"":""Slate Ball"",""item.cobblemon.azure_ball"":""Azure Ball"",""item.cobblemon.verdant_ball"":""Verdant Ball"",""item.cobblemon.roseate_ball"":""Roseate Ball"",""item.cobblemon.citrine_ball"":""Citrine Ball"",""it"
cobblenav_pokenav,FactorMoon\mods\Cobblemon-neoforge-1.7.3+1.21.1.jar,assets/cobblemon/lang/de_de.json,False,False,"{""item.cobblemon.poke_ball"":""Pokéball"",""item.cobblemon.slate_ball"":""Schieferball"",""item.cobblemon.azure_ball"":""Azurball"",""item.cobblemon.verdant_ball"":""Grünball"",""item.cobblemon.roseate_ball"":""Rosenball"",""item.cobblemon.citrine_ball"":""Zitrinball"",""item.cobblem"
cobblenav_pokenav,FactorMoon\mods\Cobblemon-neoforge-1.7.3+1.21.1.jar,assets/cobblemon/lang/el_cy.json,False,False,"{""item.cobblemon.poke_ball"":""Πόκε-Μπολ"",""item.cobblemon.slate_ball"":""Σλαίτ-Μπολ"",""item.cobblemon.azure_ball"":""Αζουρ-Μπολ"",""item.cobblemon.verdant_ball"":""Βέρνταντ-Μπολ"",""item.cobblemon.roseate_ball"":""Ροζεάτε-Μπολ"",""item.cobblemon.citrine_ball"":""Κιτρίν-Μπολ"",""it"
cobblenav_pokenav,FactorMoon\mods\Cobblemon-neoforge-1.7.3+1.21.1.jar,assets/cobblemon/lang/en_pt.json,False,False,"{""item.cobblemon.poke_ball"":""Monster ball"",""item.cobblemon.slate_ball"":""Cannonball"",""item.cobblemon.azure_ball"":""Ball o' water's hue"",""item.cobblemon.verdant_ball"":""Ball o' moss"",""item.cobblemon.roseate_ball"":""Flowered ball"",""item.cobblemon.citrine_ball"":""Scur"
cobblenav_pokenav,FactorMoon\mods\Cobblemon-neoforge-1.7.3+1.21.1.jar,assets/cobblemon/lang/en_us.json,False,False,"{""item.cobblemon.poke_ball"":""Poké Ball"",""item.cobblemon.slate_ball"":""Slate Ball"",""item.cobblemon.azure_ball"":""Azure Ball"",""item.cobblemon.verdant_ball"":""Verdant Ball"",""item.cobblemon.roseate_ball"":""Roseate Ball"",""item.cobblemon.citrine_ball"":""Citrine Ball"",""it"
cobblenav_pokenav,FactorMoon\mods\Cobblemon-neoforge-1.7.3+1.21.1.jar,assets/cobblemon/lang/eo_eo.json,False,False,"{""item.cobblemon.poke_ball"":""Pokeglobo"",""item.cobblemon.slate_ball"":""Ardezogriza globo"",""item.cobblemon.azure_ball"":""Lazura globo"",""item.cobblemon.verdant_ball"":""Herbkolora globo"",""item.cobblemon.roseate_ball"":""Roza globo"",""item.cobblemon.citrine_ball"":""Citron"
cobblenav_pokenav,FactorMoon\mods\Cobblemon-neoforge-1.7.3+1.21.1.jar,assets/cobblemon/lang/es_es.json,False,False,"{""item.cobblemon.poke_ball"":""Poké Ball"",""item.cobblemon.slate_ball"":""Pizarra Ball"",""item.cobblemon.azure_ball"":""Azur Ball"",""item.cobblemon.verdant_ball"":""Verdor Ball"",""item.cobblemon.roseate_ball"":""Rosada Ball"",""item.cobblemon.citrine_ball"":""Citrino Ball"",""ite"
cobblenav_pokenav,FactorMoon\mods\Cobblemon-neoforge-1.7.3+1.21.1.jar,assets/cobblemon/lang/es_mx.json,False,False,"{""item.cobblemon.poke_ball"":""Poké Ball"",""item.cobblemon.slate_ball"":""Pizarra Ball"",""item.cobblemon.azure_ball"":""Azur Ball"",""item.cobblemon.verdant_ball"":""Verdor Ball"",""item.cobblemon.roseate_ball"":""Rosa Ball"",""item.cobblemon.citrine_ball"":""Citrino Ball"",""item."
cobblenav_pokenav,FactorMoon\mods\Cobblemon-neoforge-1.7.3+1.21.1.jar,assets/cobblemon/lang/fr_ca.json,False,False,"{""item.cobblemon.poke_ball"":""Poké Ball"",""item.cobblemon.slate_ball"":""Ardoise Ball"",""item.cobblemon.azure_ball"":""Azur Ball"",""item.cobblemon.verdant_ball"":""Verdoyante Ball"",""item.cobblemon.roseate_ball"":""Rose Ball"",""item.cobblemon.citrine_ball"":""Citrine Ball"",""i"
cobblenav_pokenav,FactorMoon\mods\Cobblemon-neoforge-1.7.3+1.21.1.jar,assets/cobblemon/lang/fr_fr.json,False,False,"{""item.cobblemon.poke_ball"":""Poké Ball"",""item.cobblemon.slate_ball"":""Ardoise Ball"",""item.cobblemon.azure_ball"":""Azur Ball"",""item.cobblemon.verdant_ball"":""Verdoyante Ball"",""item.cobblemon.roseate_ball"":""Rose Ball"",""item.cobblemon.citrine_ball"":""Citrine Ball"",""i"
cobblenav_pokenav,FactorMoon\mods\Cobblemon-neoforge-1.7.3+1.21.1.jar,assets/cobblemon/lang/hu_hu.json,False,False,"{""item.cobblemon.poke_ball"":""Poké Labda"",""item.cobblemon.slate_ball"":""Pala Labda"",""item.cobblemon.azure_ball"":""Azúr Labda"",""item.cobblemon.verdant_ball"":""Zöldellő labda"",""item.cobblemon.roseate_ball"":""Rózsaszínű Labda"",""item.cobblemon.citrine_ball"":""Citrán Lab"
cobblenav_pokenav,FactorMoon\mods\Cobblemon-neoforge-1.7.3+1.21.1.jar,assets/cobblemon/lang/it_it.json,False,False,"{""item.cobblemon.poke_ball"":""Poké Ball"",""item.cobblemon.slate_ball"":""Slate Ball"",""item.cobblemon.azure_ball"":""Azure Ball"",""item.cobblemon.verdant_ball"":""Verdant Ball"",""item.cobblemon.roseate_ball"":""Roseate Ball"",""item.cobblemon.citrine_ball"":""Citrine Ball"",""it"
cobblenav_pokenav,FactorMoon\mods\Cobblemon-neoforge-1.7.3+1.21.1.jar,assets/cobblemon/lang/ja_jp.json,False,False,"{""item.cobblemon.poke_ball"":""モンスターボール"",""item.cobblemon.slate_ball"":""ブラックボール"",""item.cobblemon.azure_ball"":""ブルーボール"",""item.cobblemon.verdant_ball"":""グリーンボール"",""item.cobblemon.roseate_ball"":""ピンクボール"",""item.cobblemon.citrine_ball"":""イエローボール"",""item.cobblemon.great_ball"""
cobblenav_pokenav,FactorMoon\mods\Cobblemon-neoforge-1.7.3+1.21.1.jar,assets/cobblemon/lang/ko_kr.json,False,False,"{""item.cobblemon.poke_ball"":""몬스터볼"",""item.cobblemon.slate_ball"":""블랙볼"",""item.cobblemon.azure_ball"":""블루볼"",""item.cobblemon.verdant_ball"":""그린볼"",""item.cobblemon.roseate_ball"":""핑크볼"",""item.cobblemon.citrine_ball"":""옐로볼"",""item.cobblemon.great_ball"":""슈퍼볼"",""item.cobblemon"
cobblenav_pokenav,FactorMoon\mods\Cobblemon-neoforge-1.7.3+1.21.1.jar,assets/cobblemon/lang/nl_nl.json,False,False,"{""item.cobblemon.poke_ball"":""Pokéballen"",""item.cobblemon.slate_ball"":""Leisteen bal"",""item.cobblemon.azure_ball"":""Azuur bal"",""item.cobblemon.verdant_ball"":""Groene bal"",""item.cobblemon.roseate_ball"":""Rooskleurig bal"",""item.cobblemon.citrine_ball"":""Citriene bal"","
cobblenav_pokenav,FactorMoon\mods\Cobblemon-neoforge-1.7.3+1.21.1.jar,assets/cobblemon/lang/pl_pl.json,False,False,"{""item.cobblemon.poke_ball"":""Poké Ball"",""item.cobblemon.slate_ball"":""Slate Ball"",""item.cobblemon.azure_ball"":""Azure Ball"",""item.cobblemon.verdant_ball"":""Verdant Ball"",""item.cobblemon.roseate_ball"":""Roseate Ball"",""item.cobblemon.citrine_ball"":""Citrine Ball"",""it"
cobblenav_pokenav,FactorMoon\mods\Cobblemon-neoforge-1.7.3+1.21.1.jar,assets/cobblemon/lang/pt_br.json,False,False,"{""item.cobblemon.poke_ball"":""Pokébola"",""item.cobblemon.slate_ball"":""Bola Ardósia"",""item.cobblemon.azure_ball"":""Bola Cerúlea"",""item.cobblemon.verdant_ball"":""Bola Verdejante"",""item.cobblemon.roseate_ball"":""Bola Rosada"",""item.cobblemon.citrine_ball"":""Bola Citrina"
cobblenav_pokenav,FactorMoon\mods\Cobblemon-neoforge-1.7.3+1.21.1.jar,assets/cobblemon/lang/pt_pt.json,False,False,"{""item.cobblemon.poke_ball"":""Pokébola"",""item.cobblemon.slate_ball"":""Bola de Ardósia"",""item.cobblemon.azure_ball"":""Bola Cerúlea"",""item.cobblemon.verdant_ball"":""Bola Verdejante"",""item.cobblemon.roseate_ball"":""Bola Rosada"",""item.cobblemon.citrine_ball"":""Bola Citr"
cobblenav_pokenav,FactorMoon\mods\Cobblemon-neoforge-1.7.3+1.21.1.jar,assets/cobblemon/lang/ru_ru.json,True,True,"{""item.cobblemon.poke_ball"":""Покебол"",""item.cobblemon.slate_ball"":""Слейтбол"",""item.cobblemon.azure_ball"":""Азурбол"",""item.cobblemon.verdant_ball"":""Вердантбол"",""item.cobblemon.roseate_ball"":""Розеатбол"",""item.cobblemon.citrine_ball"":""Цитринбол"",""item.cobblemon.gr"
cobblenav_pokenav,FactorMoon\mods\Cobblemon-neoforge-1.7.3+1.21.1.jar,assets/cobblemon/lang/sv_se.json,False,False,"{""item.cobblemon.poke_ball"":""Poké Boll"",""item.cobblemon.slate_ball"":""Slate Ball"",""item.cobblemon.azure_ball"":""Azure Ball"",""item.cobblemon.verdant_ball"":""Verdant Ball"",""item.cobblemon.roseate_ball"":""Roseate Ball"",""item.cobblemon.citrine_ball"":""Citrine Ball"",""it"
cobblenav_pokenav,FactorMoon\mods\Cobblemon-neoforge-1.7.3+1.21.1.jar,assets/cobblemon/lang/th_th.json,False,False,"{""item.cobblemon.poke_ball"":""มอนสเตอร์บอล"",""item.cobblemon.slate_ball"":""สเลทบอล"",""item.cobblemon.azure_ball"":""อาซัวร์บอล"",""item.cobblemon.verdant_ball"":""เวอเดินท์บอล"",""item.cobblemon.roseate_ball"":""โรซีเอทบอล"",""item.cobblemon.citrine_ball"":""ซิทรินบอล"",""item.co"
cobblenav_pokenav,FactorMoon\mods\Cobblemon-neoforge-1.7.3+1.21.1.jar,assets/cobblemon/lang/tr_tr.json,False,False,"{""item.cobblemon.poke_ball"":""Poké Topu"",""item.cobblemon.slate_ball"":""Slate Topu"",""item.cobblemon.azure_ball"":""Azure Top"",""item.cobblemon.verdant_ball"":""Verdant Top"",""item.cobblemon.roseate_ball"":""Gül Topu"",""item.cobblemon.citrine_ball"":""Sitrin Top"",""item.cobbl"
cobblenav_pokenav,FactorMoon\mods\Cobblemon-neoforge-1.7.3+1.21.1.jar,assets/cobblemon/lang/uk_ua.json,True,False,"{""item.cobblemon.poke_ball"":""Покебол"",""item.cobblemon.slate_ball"":""Слейтбол"",""item.cobblemon.azure_ball"":""Азурбол"",""item.cobblemon.verdant_ball"":""Вердантбол"",""item.cobblemon.roseate_ball"":""Розетбол"",""item.cobblemon.citrine_ball"":""Цитринбол"",""item.cobblemon.gre"
cobblenav_pokenav,FactorMoon\mods\Cobblemon-neoforge-1.7.3+1.21.1.jar,assets/cobblemon/lang/vi_vn.json,False,False,"{""cobblemon.species.mareep.name"":""Mareep"",""block.cobblemon.smooth_tumblestone_stairs"":""Cầu thang Đá lăn Mịn"",""cobblemon.ability.stickyhold.desc"":""Các vật phẩm được giữ bởi Pokémon bị dính chặt và không thể bị loại bỏ bởi các Pokémon khác."",""key.cobblemon.summa"
cobblenav_pokenav,FactorMoon\mods\Cobblemon-neoforge-1.7.3+1.21.1.jar,assets/cobblemon/lang/zh_cn.json,False,False,"{""item.cobblemon.poke_ball"":""精灵球"",""item.cobblemon.slate_ball"":""精灵球（黑）"",""item.cobblemon.azure_ball"":""精灵球（蓝）"",""item.cobblemon.verdant_ball"":""精灵球（绿）"",""item.cobblemon.roseate_ball"":""精灵球（粉）"",""item.cobblemon.citrine_ball"":""精灵球（黄）"",""item.cobblemon.great_ball"":""超级球"","""
cobblenav_pokenav,FactorMoon\mods\Cobblemon-neoforge-1.7.3+1.21.1.jar,assets/cobblemon/lang/zh_hk.json,False,False,"{""itemGroup.cobblemon.pokeball"":""所有精靈球"",""item.cobblemon.poke_ball"":""精靈球"",""item.cobblemon.slate_ball"":""深黑球"",""item.cobblemon.azure_ball"":""天藍球"",""item.cobblemon.verdant_ball"":""蔥鬱球"",""item.cobblemon.roseate_ball"":""瑰色球"",""item.cobblemon.citrine_ball"":""茶晶球"",""item.cobbl"
cobblenav_pokenav,FactorMoon\mods\Cobblemon-neoforge-1.7.3+1.21.1.jar,assets/cobblemon/lang/zh_tw.json,False,False,"{""item.cobblemon.poke_ball"":""精靈球"",""item.cobblemon.slate_ball"":""精靈球（黑）"",""item.cobblemon.azure_ball"":""精靈球（藍）"",""item.cobblemon.verdant_ball"":""精靈球（綠）"",""item.cobblemon.roseate_ball"":""精靈球（粉）"",""item.cobblemon.citrine_ball"":""精靈球（黃）"",""item.cobblemon.great_ball"":""超級球"","""
cobblenav_pokenav,FactorMoon\mods\cobblenav-neoforge-2.3.3.jar,assets/cobblenav/lang/en_us.json,False,False,"{ ""key.cobblenav.open_pokenav"": ""Open Pokenav"", ""key.cobblenav.open_location"": ""Open Location Screen"", ""category.cobblenav"": ""Cobblenav"", ""itemGroup.cobblenav.pokenav_group"": ""Cobblenav"", ""tag.item.cobblenav.pokenav"": ""PokéNav"", ""tag.item.cobblenav.dyed_pokena"
cobblenav_pokenav,FactorMoon\mods\cobblenav-neoforge-2.3.3.jar,assets/cobblenav/lang/es_es.json,False,False,"{ ""key.cobblenav.open_pokenav"": ""Abrir Pokenav"", ""key.cobblenav.open_location"": ""Abrir Pantalla de Localización"", ""category.cobblenav"": ""Cobblenav"", ""gamerule.titleCommandsPermissionLevel"": ""Nivel de permiso del comando de título"", ""itemGroup.cobblenav.pokenav"
cobblenav_pokenav,FactorMoon\mods\cobblenav-neoforge-2.3.3.jar,assets/cobblenav/lang/es_mx.json,False,False,"{ ""key.cobblenav.open_pokenav"": ""Abrir Pokenav"", ""key.cobblenav.open_location"": ""Abrir Pantalla de Localización"", ""category.cobblenav"": ""Cobblenav"", ""gamerule.titleCommandsPermissionLevel"": ""Nivel de permiso del comando de título"", ""itemGroup.cobblenav.pokenav"
cobblenav_pokenav,FactorMoon\mods\cobblenav-neoforge-2.3.3.jar,assets/cobblenav/lang/ko_kr.json,False,False,"{ ""gamerule.titleCommandsPermissionLevel"": ""타이틀 명령어 사용 권한 레벨"", ""itemGroup.cobblenav.pokenav_group"": ""코블내브"", ""item.cobblenav.pokenav_item"": ""포켓내비"", ""gui.cobblenav.pokenav_item.title"": ""포켓몬 네비게이터"", ""gui.cobblenav.pokenav_item.close_button"": ""끄기"", ""gui.cobblenav."
cobblenav_pokenav,FactorMoon\mods\cobblenav-neoforge-2.3.3.jar,assets/cobblenav/lang/ru_ru.json,True,True,"{ ""key.cobblenav.open_pokenav"": ""Открыть PokéNav"", ""key.cobblenav.open_location"": ""Открыть экран локации"", ""category.cobblenav"": ""Cobblenav"", ""itemGroup.cobblenav.pokenav_group"": ""Cobblenav"", ""tag.item.cobblenav.pokenav"": ""PokéNav"", ""tag.item.cobblenav.dyed_po"
cobblenav_pokenav,FactorMoon\mods\cobblenav-neoforge-2.3.3.jar,assets/cobblenav/lang/zh_cn.json,False,False,"{ ""key.cobblenav.open_pokenav"": ""打开Pokenav"", ""key.cobblenav.open_location"": ""打开位置屏幕"", ""category.cobblenav"": ""Cobblenav"", ""itemGroup.cobblenav.pokenav_group"": ""Cobblenav"", ""tag.item.cobblenav.pokenav"": ""宝可导航器"", ""tag.item.cobblenav.dyed_pokenav"": ""染色宝可导航器"", ""ite"
cobblenav_pokenav,FactorMoon\mods\cobblenav-neoforge-2.3.3.jar,assets/cobblenav/models/item/custom/legacy_pokenav_item.json,False,False,"{ ""parent"": ""item/generated"", ""textures"": { ""layer0"": ""cobblenav:item/custom/legacy_pokenav_item"" } }"
cobblenav_pokenav,FactorMoon\mods\cobblenav-neoforge-2.3.3.jar,assets/cobblenav/models/item/flicker/pokefinder_item_black.json,False,False,"{ ""parent"": ""cobblenav:item/cobblenav_template"", ""textures"": { ""layer0"": ""cobblenav:item/pokefinder_item_black"", ""layer1"": ""cobblenav:item/flicker/pokefinder_item_flicker"" } }"
cobblenav_pokenav,FactorMoon\mods\cobblenav-neoforge-2.3.3.jar,assets/cobblenav/models/item/flicker/pokefinder_item_blue.json,False,False,"{ ""parent"": ""cobblenav:item/cobblenav_template"", ""textures"": { ""layer0"": ""cobblenav:item/pokefinder_item_blue"", ""layer1"": ""cobblenav:item/flicker/pokefinder_item_flicker"" } }"
cobblenav_pokenav,FactorMoon\mods\cobblenav-neoforge-2.3.3.jar,assets/cobblenav/models/item/flicker/pokefinder_item_green.json,False,False,"{ ""parent"": ""cobblenav:item/cobblenav_template"", ""textures"": { ""layer0"": ""cobblenav:item/pokefinder_item_green"", ""layer1"": ""cobblenav:item/flicker/pokefinder_item_flicker"" } }"
cobblenav_pokenav,FactorMoon\mods\cobblenav-neoforge-2.3.3.jar,assets/cobblenav/models/item/flicker/pokefinder_item_pink.json,False,False,"{ ""parent"": ""cobblenav:item/cobblenav_template"", ""textures"": { ""layer0"": ""cobblenav:item/pokefinder_item_pink"", ""layer1"": ""cobblenav:item/flicker/pokefinder_item_flicker"" } }"
cobblenav_pokenav,FactorMoon\mods\cobblenav-neoforge-2.3.3.jar,assets/cobblenav/models/item/flicker/pokefinder_item_red.json,False,False,"{ ""parent"": ""cobblenav:item/cobblenav_template"", ""textures"": { ""layer0"": ""cobblenav:item/pokefinder_item_red"", ""layer1"": ""cobblenav:item/flicker/pokefinder_item_flicker"" } }"
cobblenav_pokenav,FactorMoon\mods\cobblenav-neoforge-2.3.3.jar,assets/cobblenav/models/item/flicker/pokefinder_item_white.json,False,False,"{ ""parent"": ""cobblenav:item/cobblenav_template"", ""textures"": { ""layer0"": ""cobblenav:item/pokefinder_item_white"", ""layer1"": ""cobblenav:item/flicker/pokefinder_item_flicker"" } }"
cobblenav_pokenav,FactorMoon\mods\cobblenav-neoforge-2.3.3.jar,assets/cobblenav/models/item/flicker/pokefinder_item_yellow.json,False,False,"{ ""parent"": ""cobblenav:item/cobblenav_template"", ""textures"": { ""layer0"": ""cobblenav:item/pokefinder_item_yellow"", ""layer1"": ""cobblenav:item/flicker/pokefinder_item_flicker"" } }"
cobblenav_pokenav,FactorMoon\mods\cobblenav-neoforge-2.3.3.jar,assets/cobblenav/models/item/flicker/pokenav_item_base.json,False,False,"{ ""parent"": ""cobblenav:item/cobblenav_template"", ""textures"": { ""layer0"": ""cobblenav:item/pokenav_item_base"", ""layer1"": ""cobblenav:item/flicker/pokenav_item"" } }"
cobblenav_pokenav,FactorMoon\mods\cobblenav-neoforge-2.3.3.jar,assets/cobblenav/models/item/flicker/pokenav_item_black.json,False,False,"{ ""parent"": ""cobblenav:item/cobblenav_template"", ""textures"": { ""layer0"": ""cobblenav:item/pokenav_item_black"", ""layer1"": ""cobblenav:item/flicker/pokenav_item"" } }"
cobblenav_pokenav,FactorMoon\mods\cobblenav-neoforge-2.3.3.jar,assets/cobblenav/models/item/flicker/pokenav_item_blue.json,False,False,"{ ""parent"": ""cobblenav:item/cobblenav_template"", ""textures"": { ""layer0"": ""cobblenav:item/pokenav_item_blue"", ""layer1"": ""cobblenav:item/flicker/pokenav_item"" } }"
cobblenav_pokenav,FactorMoon\mods\cobblenav-neoforge-2.3.3.jar,assets/cobblenav/models/item/flicker/pokenav_item_brown.json,False,False,"{ ""parent"": ""cobblenav:item/cobblenav_template"", ""textures"": { ""layer0"": ""cobblenav:item/pokenav_item_brown"", ""layer1"": ""cobblenav:item/flicker/pokenav_item"" } }"
cobblenav_pokenav,FactorMoon\mods\cobblenav-neoforge-2.3.3.jar,assets/cobblenav/models/item/flicker/pokenav_item_custom.json,False,False,"{ ""parent"": ""item/generated"", ""overrides"": [ {""predicate"": {""custom_model_data"":0}, ""model"": ""cobblenav:item/custom/legacy_pokenav_item""} ] }"
cobblenav_pokenav,FactorMoon\mods\cobblenav-neoforge-2.3.3.jar,assets/cobblenav/models/item/flicker/pokenav_item_cyan.json,False,False,"{ ""parent"": ""cobblenav:item/cobblenav_template"", ""textures"": { ""layer0"": ""cobblenav:item/pokenav_item_cyan"", ""layer1"": ""cobblenav:item/flicker/pokenav_item"" } }"
cobblenav_pokenav,FactorMoon\mods\cobblenav-neoforge-2.3.3.jar,assets/cobblenav/models/item/flicker/pokenav_item_gholdengo.json,False,False,"{ ""parent"": ""cobblenav:item/cobblenav_template"", ""textures"": { ""layer0"": ""cobblenav:item/pokenav_item_gholdengo"", ""layer1"": ""cobblenav:item/flicker/pokenav_item"" } }"
cobblenav_pokenav,FactorMoon\mods\cobblenav-neoforge-2.3.3.jar,assets/cobblenav/models/item/flicker/pokenav_item_gray.json,False,False,"{ ""parent"": ""cobblenav:item/cobblenav_template"", ""textures"": { ""layer0"": ""cobblenav:item/pokenav_item_gray"", ""layer1"": ""cobblenav:item/flicker/pokenav_item"" } }"
cobblenav_pokenav,FactorMoon\mods\cobblenav-neoforge-2.3.3.jar,assets/cobblenav/models/item/flicker/pokenav_item_green.json,False,False,"{ ""parent"": ""cobblenav:item/cobblenav_template"", ""textures"": { ""layer0"": ""cobblenav:item/pokenav_item_green"", ""layer1"": ""cobblenav:item/flicker/pokenav_item"" } }"
cobblenav_pokenav,FactorMoon\mods\cobblenav-neoforge-2.3.3.jar,assets/cobblenav/models/item/flicker/pokenav_item_invisible_gholdengo.json,False,False,"{ ""parent"": ""cobblenav:item/cobblenav_template"", ""textures"": { ""layer0"": ""cobblenav:item/pokenav_item_invisible_gholdengo"" } }"
cobblenav_pokenav,FactorMoon\mods\cobblenav-neoforge-2.3.3.jar,assets/cobblenav/models/item/flicker/pokenav_item_light_blue.json,False,False,"{ ""parent"": ""cobblenav:item/cobblenav_template"", ""textures"": { ""layer0"": ""cobblenav:item/pokenav_item_light_blue"", ""layer1"": ""cobblenav:item/flicker/pokenav_item"" } }"
cobblenav_pokenav,FactorMoon\mods\cobblenav-neoforge-2.3.3.jar,assets/cobblenav/models/item/flicker/pokenav_item_light_gray.json,False,False,"{ ""parent"": ""cobblenav:item/cobblenav_template"", ""textures"": { ""layer0"": ""cobblenav:item/pokenav_item_light_gray"", ""layer1"": ""cobblenav:item/flicker/pokenav_item"" } }"
cobblenav_pokenav,FactorMoon\mods\cobblenav-neoforge-2.3.3.jar,assets/cobblenav/models/item/flicker/pokenav_item_lime.json,False,False,"{ ""parent"": ""cobblenav:item/cobblenav_template"", ""textures"": { ""layer0"": ""cobblenav:item/pokenav_item_lime"", ""layer1"": ""cobblenav:item/flicker/pokenav_item"" } }"
cobblenav_pokenav,FactorMoon\mods\cobblenav-neoforge-2.3.3.jar,assets/cobblenav/models/item/flicker/pokenav_item_magenta.json,False,False,"{ ""parent"": ""cobblenav:item/cobblenav_template"", ""textures"": { ""layer0"": ""cobblenav:item/pokenav_item_magenta"", ""layer1"": ""cobblenav:item/flicker/pokenav_item"" } }"
cobblenav_pokenav,FactorMoon\mods\cobblenav-neoforge-2.3.3.jar,assets/cobblenav/models/item/flicker/pokenav_item_netherite.json,False,False,"{ ""parent"": ""cobblenav:item/cobblenav_template"", ""textures"": { ""layer0"": ""cobblenav:item/pokenav_item_netherite"", ""layer1"": ""cobblenav:item/flicker/pokenav_item"" } }"
cobblenav_pokenav,FactorMoon\mods\cobblenav-neoforge-2.3.3.jar,assets/cobblenav/models/item/flicker/pokenav_item_old.json,False,False,"{ ""parent"": ""cobblenav:item/cobblenav_template"", ""textures"": { ""layer0"": ""cobblenav:item/pokenav_item_old"" } }"
cobblenav_pokenav,FactorMoon\mods\cobblenav-neoforge-2.3.3.jar,assets/cobblenav/models/item/flicker/pokenav_item_orange.json,False,False,"{ ""parent"": ""cobblenav:item/cobblenav_template"", ""textures"": { ""layer0"": ""cobblenav:item/pokenav_item_orange"", ""layer1"": ""cobblenav:item/flicker/pokenav_item"" } }"
cobblenav_pokenav,FactorMoon\mods\cobblenav-neoforge-2.3.3.jar,assets/cobblenav/models/item/flicker/pokenav_item_pink.json,False,False,"{ ""parent"": ""cobblenav:item/cobblenav_template"", ""textures"": { ""layer0"": ""cobblenav:item/pokenav_item_pink"", ""layer1"": ""cobblenav:item/flicker/pokenav_item"" } }"
cobblenav_pokenav,FactorMoon\mods\cobblenav-neoforge-2.3.3.jar,assets/cobblenav/models/item/flicker/pokenav_item_purple.json,False,False,"{ ""parent"": ""cobblenav:item/cobblenav_template"", ""textures"": { ""layer0"": ""cobblenav:item/pokenav_item_purple"", ""layer1"": ""cobblenav:item/flicker/pokenav_item"" } }"
cobblenav_pokenav,FactorMoon\mods\cobblenav-neoforge-2.3.3.jar,assets/cobblenav/models/item/flicker/pokenav_item_red.json,False,False,"{ ""parent"": ""cobblenav:item/cobblenav_template"", ""textures"": { ""layer0"": ""cobblenav:item/pokenav_item_red"", ""layer1"": ""cobblenav:item/flicker/pokenav_item"" } }"
cobblenav_pokenav,FactorMoon\mods\cobblenav-neoforge-2.3.3.jar,assets/cobblenav/models/item/flicker/pokenav_item_wanderer.json,False,False,"{ ""parent"": ""cobblenav:item/cobblenav_template"", ""textures"": { ""layer0"": ""cobblenav:item/pokenav_item_wanderer"", ""layer1"": ""cobblenav:item/flicker/pokenav_item_wanderer"" } }"
cobblenav_pokenav,FactorMoon\mods\cobblenav-neoforge-2.3.3.jar,assets/cobblenav/models/item/flicker/pokenav_item_white.json,False,False,"{ ""parent"": ""cobblenav:item/cobblenav_template"", ""textures"": { ""layer0"": ""cobblenav:item/pokenav_item_white"", ""layer1"": ""cobblenav:item/flicker/pokenav_item"" } }"
cobblenav_pokenav,FactorMoon\mods\cobblenav-neoforge-2.3.3.jar,assets/cobblenav/models/item/flicker/pokenav_item_yellow.json,False,False,"{ ""parent"": ""cobblenav:item/cobblenav_template"", ""textures"": { ""layer0"": ""cobblenav:item/pokenav_item_yellow"", ""layer1"": ""cobblenav:item/flicker/pokenav_item"" } }"
cobblenav_pokenav,FactorMoon\mods\cobblenav-neoforge-2.3.3.jar,assets/cobblenav/models/item/model/flicker/pokefinder_item_black.json,False,False,"{ ""parent"": ""cobblenav:item/cobblenav_template"", ""textures"": { ""layer0"": ""cobblenav:item/pokefinder_item_black"", ""layer1"": ""cobblenav:item/flicker/pokefinder_item_flicker"" } }"
cobblenav_pokenav,FactorMoon\mods\cobblenav-neoforge-2.3.3.jar,assets/cobblenav/models/item/model/flicker/pokefinder_item_blue.json,False,False,"{ ""parent"": ""cobblenav:item/cobblenav_template"", ""textures"": { ""layer0"": ""cobblenav:item/pokefinder_item_blue"", ""layer1"": ""cobblenav:item/flicker/pokefinder_item_flicker"" } }"
cobblenav_pokenav,FactorMoon\mods\cobblenav-neoforge-2.3.3.jar,assets/cobblenav/models/item/model/flicker/pokefinder_item_green.json,False,False,"{ ""parent"": ""cobblenav:item/cobblenav_template"", ""textures"": { ""layer0"": ""cobblenav:item/pokefinder_item_green"", ""layer1"": ""cobblenav:item/flicker/pokefinder_item_flicker"" } }"
cobblenav_pokenav,FactorMoon\mods\cobblenav-neoforge-2.3.3.jar,assets/cobblenav/models/item/model/flicker/pokefinder_item_pink.json,False,False,"{ ""parent"": ""cobblenav:item/cobblenav_template"", ""textures"": { ""layer0"": ""cobblenav:item/pokefinder_item_pink"", ""layer1"": ""cobblenav:item/flicker/pokefinder_item_flicker"" } }"
cobblenav_pokenav,FactorMoon\mods\cobblenav-neoforge-2.3.3.jar,assets/cobblenav/models/item/model/flicker/pokefinder_item_red.json,False,False,"{ ""parent"": ""cobblenav:item/cobblenav_template"", ""textures"": { ""layer0"": ""cobblenav:item/pokefinder_item_red"", ""layer1"": ""cobblenav:item/flicker/pokefinder_item_flicker"" } }"
cobblenav_pokenav,FactorMoon\mods\cobblenav-neoforge-2.3.3.jar,assets/cobblenav/models/item/model/flicker/pokefinder_item_white.json,False,False,"{ ""parent"": ""cobblenav:item/cobblenav_template"", ""textures"": { ""layer0"": ""cobblenav:item/pokefinder_item_white"", ""layer1"": ""cobblenav:item/flicker/pokefinder_item_flicker"" } }"
cobblenav_pokenav,FactorMoon\mods\cobblenav-neoforge-2.3.3.jar,assets/cobblenav/models/item/model/flicker/pokefinder_item_yellow.json,False,False,"{ ""parent"": ""cobblenav:item/cobblenav_template"", ""textures"": { ""layer0"": ""cobblenav:item/pokefinder_item_yellow"", ""layer1"": ""cobblenav:item/flicker/pokefinder_item_flicker"" } }"
cobblenav_pokenav,FactorMoon\mods\cobblenav-neoforge-2.3.3.jar,assets/cobblenav/models/item/model/flicker/pokenav_item_base.json,False,False,"{ ""parent"": ""cobblenav:item/cobblenav_template"", ""textures"": { ""layer0"": ""cobblenav:item/pokenav_item_base"", ""layer1"": ""cobblenav:item/flicker/pokenav_item"" } }"
cobblenav_pokenav,FactorMoon\mods\cobblenav-neoforge-2.3.3.jar,assets/cobblenav/models/item/model/flicker/pokenav_item_black.json,False,False,"{ ""parent"": ""cobblenav:item/cobblenav_template"", ""textures"": { ""layer0"": ""cobblenav:item/pokenav_item_black"", ""layer1"": ""cobblenav:item/flicker/pokenav_item"" } }"
cobblenav_pokenav,FactorMoon\mods\cobblenav-neoforge-2.3.3.jar,assets/cobblenav/models/item/model/flicker/pokenav_item_blue.json,False,False,"{ ""parent"": ""cobblenav:item/cobblenav_template"", ""textures"": { ""layer0"": ""cobblenav:item/pokenav_item_blue"", ""layer1"": ""cobblenav:item/flicker/pokenav_item"" } }"
cobblenav_pokenav,FactorMoon\mods\cobblenav-neoforge-2.3.3.jar,assets/cobblenav/models/item/model/flicker/pokenav_item_brown.json,False,False,"{ ""parent"": ""cobblenav:item/cobblenav_template"", ""textures"": { ""layer0"": ""cobblenav:item/pokenav_item_brown"", ""layer1"": ""cobblenav:item/flicker/pokenav_item"" } }"
cobblenav_pokenav,FactorMoon\mods\cobblenav-neoforge-2.3.3.jar,assets/cobblenav/models/item/model/flicker/pokenav_item_custom.json,False,False,"{ ""parent"": ""item/generated"", ""overrides"": [ {""predicate"": {""custom_model_data"":0}, ""model"": ""cobblenav:item/custom/legacy_pokenav_item""} ] }"
cobblenav_pokenav,FactorMoon\mods\cobblenav-neoforge-2.3.3.jar,assets/cobblenav/models/item/model/flicker/pokenav_item_cyan.json,False,False,"{ ""parent"": ""cobblenav:item/cobblenav_template"", ""textures"": { ""layer0"": ""cobblenav:item/pokenav_item_cyan"", ""layer1"": ""cobblenav:item/flicker/pokenav_item"" } }"
cobblenav_pokenav,FactorMoon\mods\cobblenav-neoforge-2.3.3.jar,assets/cobblenav/models/item/model/flicker/pokenav_item_gholdengo.json,False,False,"{ ""parent"": ""cobblenav:item/cobblenav_template"", ""textures"": { ""layer0"": ""cobblenav:item/pokenav_item_gholdengo"", ""layer1"": ""cobblenav:item/flicker/pokenav_item"" } }"
cobblenav_pokenav,FactorMoon\mods\cobblenav-neoforge-2.3.3.jar,assets/cobblenav/models/item/model/flicker/pokenav_item_gray.json,False,False,"{ ""parent"": ""cobblenav:item/cobblenav_template"", ""textures"": { ""layer0"": ""cobblenav:item/pokenav_item_gray"", ""layer1"": ""cobblenav:item/flicker/pokenav_item"" } }"
cobblenav_pokenav,FactorMoon\mods\cobblenav-neoforge-2.3.3.jar,assets/cobblenav/models/item/model/flicker/pokenav_item_green.json,False,False,"{ ""parent"": ""cobblenav:item/cobblenav_template"", ""textures"": { ""layer0"": ""cobblenav:item/pokenav_item_green"", ""layer1"": ""cobblenav:item/flicker/pokenav_item"" } }"
cobblenav_pokenav,FactorMoon\mods\cobblenav-neoforge-2.3.3.jar,assets/cobblenav/models/item/model/flicker/pokenav_item_invisible_gholdengo.json,False,False,"{ ""parent"": ""cobblenav:item/cobblenav_template"", ""textures"": { ""layer0"": ""cobblenav:item/pokenav_item_invisible_gholdengo"" } }"
cobblenav_pokenav,FactorMoon\mods\cobblenav-neoforge-2.3.3.jar,assets/cobblenav/models/item/model/flicker/pokenav_item_light_blue.json,False,False,"{ ""parent"": ""cobblenav:item/cobblenav_template"", ""textures"": { ""layer0"": ""cobblenav:item/pokenav_item_light_blue"", ""layer1"": ""cobblenav:item/flicker/pokenav_item"" } }"
cobblenav_pokenav,FactorMoon\mods\cobblenav-neoforge-2.3.3.jar,assets/cobblenav/models/item/model/flicker/pokenav_item_light_gray.json,False,False,"{ ""parent"": ""cobblenav:item/cobblenav_template"", ""textures"": { ""layer0"": ""cobblenav:item/pokenav_item_light_gray"", ""layer1"": ""cobblenav:item/flicker/pokenav_item"" } }"
cobblenav_pokenav,FactorMoon\mods\cobblenav-neoforge-2.3.3.jar,assets/cobblenav/models/item/model/flicker/pokenav_item_lime.json,False,False,"{ ""parent"": ""cobblenav:item/cobblenav_template"", ""textures"": { ""layer0"": ""cobblenav:item/pokenav_item_lime"", ""layer1"": ""cobblenav:item/flicker/pokenav_item"" } }"
cobblenav_pokenav,FactorMoon\mods\cobblenav-neoforge-2.3.3.jar,assets/cobblenav/models/item/model/flicker/pokenav_item_magenta.json,False,False,"{ ""parent"": ""cobblenav:item/cobblenav_template"", ""textures"": { ""layer0"": ""cobblenav:item/pokenav_item_magenta"", ""layer1"": ""cobblenav:item/flicker/pokenav_item"" } }"
cobblenav_pokenav,FactorMoon\mods\cobblenav-neoforge-2.3.3.jar,assets/cobblenav/models/item/model/flicker/pokenav_item_netherite.json,False,False,"{ ""parent"": ""cobblenav:item/cobblenav_template"", ""textures"": { ""layer0"": ""cobblenav:item/pokenav_item_netherite"", ""layer1"": ""cobblenav:item/flicker/pokenav_item"" } }"
cobblenav_pokenav,FactorMoon\mods\cobblenav-neoforge-2.3.3.jar,assets/cobblenav/models/item/model/flicker/pokenav_item_old.json,False,False,"{ ""parent"": ""cobblenav:item/cobblenav_template"", ""textures"": { ""layer0"": ""cobblenav:item/pokenav_item_old"" } }"
cobblenav_pokenav,FactorMoon\mods\cobblenav-neoforge-2.3.3.jar,assets/cobblenav/models/item/model/flicker/pokenav_item_orange.json,False,False,"{ ""parent"": ""cobblenav:item/cobblenav_template"", ""textures"": { ""layer0"": ""cobblenav:item/pokenav_item_orange"", ""layer1"": ""cobblenav:item/flicker/pokenav_item"" } }"
cobblenav_pokenav,FactorMoon\mods\cobblenav-neoforge-2.3.3.jar,assets/cobblenav/models/item/model/flicker/pokenav_item_pink.json,False,False,"{ ""parent"": ""cobblenav:item/cobblenav_template"", ""textures"": { ""layer0"": ""cobblenav:item/pokenav_item_pink"", ""layer1"": ""cobblenav:item/flicker/pokenav_item"" } }"
cobblenav_pokenav,FactorMoon\mods\cobblenav-neoforge-2.3.3.jar,assets/cobblenav/models/item/model/flicker/pokenav_item_purple.json,False,False,"{ ""parent"": ""cobblenav:item/cobblenav_template"", ""textures"": { ""layer0"": ""cobblenav:item/pokenav_item_purple"", ""layer1"": ""cobblenav:item/flicker/pokenav_item"" } }"
cobblenav_pokenav,FactorMoon\mods\cobblenav-neoforge-2.3.3.jar,assets/cobblenav/models/item/model/flicker/pokenav_item_red.json,False,False,"{ ""parent"": ""cobblenav:item/cobblenav_template"", ""textures"": { ""layer0"": ""cobblenav:item/pokenav_item_red"", ""layer1"": ""cobblenav:item/flicker/pokenav_item"" } }"
cobblenav_pokenav,FactorMoon\mods\cobblenav-neoforge-2.3.3.jar,assets/cobblenav/models/item/model/flicker/pokenav_item_wanderer.json,False,False,"{ ""parent"": ""cobblenav:item/cobblenav_template"", ""textures"": { ""layer0"": ""cobblenav:item/pokenav_item_wanderer"", ""layer1"": ""cobblenav:item/flicker/pokenav_item_wanderer"" } }"
cobblenav_pokenav,FactorMoon\mods\cobblenav-neoforge-2.3.3.jar,assets/cobblenav/models/item/model/flicker/pokenav_item_white.json,False,False,"{ ""parent"": ""cobblenav:item/cobblenav_template"", ""textures"": { ""layer0"": ""cobblenav:item/pokenav_item_white"", ""layer1"": ""cobblenav:item/flicker/pokenav_item"" } }"
cobblenav_pokenav,FactorMoon\mods\cobblenav-neoforge-2.3.3.jar,assets/cobblenav/models/item/model/flicker/pokenav_item_yellow.json,False,False,"{ ""parent"": ""cobblenav:item/cobblenav_template"", ""textures"": { ""layer0"": ""cobblenav:item/pokenav_item_yellow"", ""layer1"": ""cobblenav:item/flicker/pokenav_item"" } }"
cobblenav_pokenav,FactorMoon\mods\cobblenav-neoforge-2.3.3.jar,assets/cobblenav/models/item/model/open/pokefinder_item_black.json,False,False,"{ ""parent"": ""cobblenav:item/cobblenav_template"", ""textures"": { ""layer0"": ""cobblenav:item/pokefinder_item_black"" } }"
cobblenav_pokenav,FactorMoon\mods\cobblenav-neoforge-2.3.3.jar,assets/cobblenav/models/item/model/open/pokefinder_item_blue.json,False,False,"{ ""parent"": ""cobblenav:item/cobblenav_template"", ""textures"": { ""layer0"": ""cobblenav:item/pokefinder_item_blue"" } }"
cobblenav_pokenav,FactorMoon\mods\cobblenav-neoforge-2.3.3.jar,assets/cobblenav/models/item/model/open/pokefinder_item_green.json,False,False,"{ ""parent"": ""cobblenav:item/cobblenav_template"", ""textures"": { ""layer0"": ""cobblenav:item/pokefinder_item_green"" } }"
cobblenav_pokenav,FactorMoon\mods\cobblenav-neoforge-2.3.3.jar,assets/cobblenav/models/item/model/open/pokefinder_item_pink.json,False,False,"{ ""parent"": ""cobblenav:item/cobblenav_template"", ""textures"": { ""layer0"": ""cobblenav:item/pokefinder_item_pink"" } }"
cobblenav_pokenav,FactorMoon\mods\cobblenav-neoforge-2.3.3.jar,assets/cobblenav/models/item/model/open/pokefinder_item_red.json,False,False,"{ ""parent"": ""cobblenav:item/cobblenav_template"", ""textures"": { ""layer0"": ""cobblenav:item/pokefinder_item_red"" } }"
cobblenav_pokenav,FactorMoon\mods\cobblenav-neoforge-2.3.3.jar,assets/cobblenav/models/item/model/open/pokefinder_item_white.json,False,False,"{ ""parent"": ""cobblenav:item/cobblenav_template"", ""textures"": { ""layer0"": ""cobblenav:item/pokefinder_item_white"" } }"
cobblenav_pokenav,FactorMoon\mods\cobblenav-neoforge-2.3.3.jar,assets/cobblenav/models/item/model/open/pokefinder_item_yellow.json,False,False,"{ ""parent"": ""cobblenav:item/cobblenav_template"", ""textures"": { ""layer0"": ""cobblenav:item/pokefinder_item_yellow"" } }"
cobblenav_pokenav,FactorMoon\mods\cobblenav-neoforge-2.3.3.jar,assets/cobblenav/models/item/model/open/pokenav_item_base.json,False,False,"{ ""parent"": ""cobblenav:item/cobblenav_template"", ""textures"": { ""layer0"": ""cobblenav:item/pokenav_item_base"" } }"
cobblenav_pokenav,FactorMoon\mods\cobblenav-neoforge-2.3.3.jar,assets/cobblenav/models/item/model/open/pokenav_item_black.json,False,False,"{ ""parent"": ""cobblenav:item/cobblenav_template"", ""textures"": { ""layer0"": ""cobblenav:item/pokenav_item_black"" } }"
cobblenav_pokenav,FactorMoon\mods\cobblenav-neoforge-2.3.3.jar,assets/cobblenav/models/item/model/open/pokenav_item_blue.json,False,False,"{ ""parent"": ""cobblenav:item/cobblenav_template"", ""textures"": { ""layer0"": ""cobblenav:item/pokenav_item_blue"" } }"
cobblenav_pokenav,FactorMoon\mods\cobblenav-neoforge-2.3.3.jar,assets/cobblenav/models/item/model/open/pokenav_item_brown.json,False,False,"{ ""parent"": ""cobblenav:item/cobblenav_template"", ""textures"": { ""layer0"": ""cobblenav:item/pokenav_item_brown"" } }"
cobblenav_pokenav,FactorMoon\mods\cobblenav-neoforge-2.3.3.jar,assets/cobblenav/models/item/model/open/pokenav_item_custom.json,False,False,"{ ""parent"": ""item/generated"", ""overrides"": [ {""predicate"": {""custom_model_data"":0}, ""model"": ""cobblenav:item/custom/legacy_pokenav_item""} ] }"
cobblenav_pokenav,FactorMoon\mods\cobblenav-neoforge-2.3.3.jar,assets/cobblenav/models/item/model/open/pokenav_item_cyan.json,False,False,"{ ""parent"": ""cobblenav:item/cobblenav_template"", ""textures"": { ""layer0"": ""cobblenav:item/pokenav_item_cyan"" } }"
cobblenav_pokenav,FactorMoon\mods\cobblenav-neoforge-2.3.3.jar,assets/cobblenav/models/item/model/open/pokenav_item_gholdengo.json,False,False,"{ ""parent"": ""cobblenav:item/cobblenav_template"", ""textures"": { ""layer0"": ""cobblenav:item/pokenav_item_gholdengo"" } }"
cobblenav_pokenav,FactorMoon\mods\cobblenav-neoforge-2.3.3.jar,assets/cobblenav/models/item/model/open/pokenav_item_gray.json,False,False,"{ ""parent"": ""cobblenav:item/cobblenav_template"", ""textures"": { ""layer0"": ""cobblenav:item/pokenav_item_gray"" } }"
cobblenav_pokenav,FactorMoon\mods\cobblenav-neoforge-2.3.3.jar,assets/cobblenav/models/item/model/open/pokenav_item_green.json,False,False,"{ ""parent"": ""cobblenav:item/cobblenav_template"", ""textures"": { ""layer0"": ""cobblenav:item/pokenav_item_green"" } }"
cobblenav_pokenav,FactorMoon\mods\cobblenav-neoforge-2.3.3.jar,assets/cobblenav/models/item/model/open/pokenav_item_invisible_gholdengo.json,False,False,"{ ""parent"": ""cobblenav:item/cobblenav_template"", ""textures"": { ""layer0"": ""cobblenav:item/pokenav_item_invisible_gholdengo"" } }"
cobblenav_pokenav,FactorMoon\mods\cobblenav-neoforge-2.3.3.jar,assets/cobblenav/models/item/model/open/pokenav_item_light_blue.json,False,False,"{ ""parent"": ""cobblenav:item/cobblenav_template"", ""textures"": { ""layer0"": ""cobblenav:item/pokenav_item_light_blue"" } }"
cobblenav_pokenav,FactorMoon\mods\cobblenav-neoforge-2.3.3.jar,assets/cobblenav/models/item/model/open/pokenav_item_light_gray.json,False,False,"{ ""parent"": ""cobblenav:item/cobblenav_template"", ""textures"": { ""layer0"": ""cobblenav:item/pokenav_item_light_gray"" } }"
cobblenav_pokenav,FactorMoon\mods\cobblenav-neoforge-2.3.3.jar,assets/cobblenav/models/item/model/open/pokenav_item_lime.json,False,False,"{ ""parent"": ""cobblenav:item/cobblenav_template"", ""textures"": { ""layer0"": ""cobblenav:item/pokenav_item_lime"" } }"
cobblenav_pokenav,FactorMoon\mods\cobblenav-neoforge-2.3.3.jar,assets/cobblenav/models/item/model/open/pokenav_item_magenta.json,False,False,"{ ""parent"": ""cobblenav:item/cobblenav_template"", ""textures"": { ""layer0"": ""cobblenav:item/pokenav_item_magenta"" } }"
cobblenav_pokenav,FactorMoon\mods\cobblenav-neoforge-2.3.3.jar,assets/cobblenav/models/item/model/open/pokenav_item_netherite.json,False,False,"{ ""parent"": ""cobblenav:item/cobblenav_template"", ""textures"": { ""layer0"": ""cobblenav:item/pokenav_item_netherite"" } }"
cobblenav_pokenav,FactorMoon\mods\cobblenav-neoforge-2.3.3.jar,assets/cobblenav/models/item/model/open/pokenav_item_old.json,False,False,"{ ""parent"": ""cobblenav:item/cobblenav_template"", ""textures"": { ""layer0"": ""cobblenav:item/pokenav_item_old"" } }"
cobblenav_pokenav,FactorMoon\mods\cobblenav-neoforge-2.3.3.jar,assets/cobblenav/models/item/model/open/pokenav_item_orange.json,False,False,"{ ""parent"": ""cobblenav:item/cobblenav_template"", ""textures"": { ""layer0"": ""cobblenav:item/pokenav_item_orange"" } }"
cobblenav_pokenav,FactorMoon\mods\cobblenav-neoforge-2.3.3.jar,assets/cobblenav/models/item/model/open/pokenav_item_pink.json,False,False,"{ ""parent"": ""cobblenav:item/cobblenav_template"", ""textures"": { ""layer0"": ""cobblenav:item/pokenav_item_pink"" } }"
cobblenav_pokenav,FactorMoon\mods\cobblenav-neoforge-2.3.3.jar,assets/cobblenav/models/item/model/open/pokenav_item_purple.json,False,False,"{ ""parent"": ""cobblenav:item/cobblenav_template"", ""textures"": { ""layer0"": ""cobblenav:item/pokenav_item_purple"" } }"
cobblenav_pokenav,FactorMoon\mods\cobblenav-neoforge-2.3.3.jar,assets/cobblenav/models/item/model/open/pokenav_item_red.json,False,False,"{ ""parent"": ""cobblenav:item/cobblenav_template"", ""textures"": { ""layer0"": ""cobblenav:item/pokenav_item_red"" } }"
cobblenav_pokenav,FactorMoon\mods\cobblenav-neoforge-2.3.3.jar,assets/cobblenav/models/item/model/open/pokenav_item_wanderer.json,False,False,"{ ""parent"": ""cobblenav:item/cobblenav_template"", ""textures"": { ""layer0"": ""cobblenav:item/pokenav_item_wanderer"" } }"
cobblenav_pokenav,FactorMoon\mods\cobblenav-neoforge-2.3.3.jar,assets/cobblenav/models/item/model/open/pokenav_item_white.json,False,False,"{ ""parent"": ""cobblenav:item/cobblenav_template"", ""textures"": { ""layer0"": ""cobblenav:item/pokenav_item_white"" } }"
cobblenav_pokenav,FactorMoon\mods\cobblenav-neoforge-2.3.3.jar,assets/cobblenav/models/item/model/open/pokenav_item_yellow.json,False,False,"{ ""parent"": ""cobblenav:item/cobblenav_template"", ""textures"": { ""layer0"": ""cobblenav:item/pokenav_item_yellow"" } }"
cobblenav_pokenav,FactorMoon\mods\cobblenav-neoforge-2.3.3.jar,assets/cobblenav/models/item/model/pokefinder_item_black.json,False,False,"{ ""parent"": ""cobblenav:item/cobblenav_template"", ""textures"": { ""layer0"": ""cobblenav:item/pokefinder_item_black"" } }"
cobblenav_pokenav,FactorMoon\mods\cobblenav-neoforge-2.3.3.jar,assets/cobblenav/models/item/model/pokefinder_item_blue.json,False,False,"{ ""parent"": ""cobblenav:item/cobblenav_template"", ""textures"": { ""layer0"": ""cobblenav:item/pokefinder_item_blue"" } }"
cobblenav_pokenav,FactorMoon\mods\cobblenav-neoforge-2.3.3.jar,assets/cobblenav/models/item/model/pokefinder_item_green.json,False,False,"{ ""parent"": ""cobblenav:item/cobblenav_template"", ""textures"": { ""layer0"": ""cobblenav:item/pokefinder_item_green"" } }"
cobblenav_pokenav,FactorMoon\mods\cobblenav-neoforge-2.3.3.jar,assets/cobblenav/models/item/model/pokefinder_item_pink.json,False,False,"{ ""parent"": ""cobblenav:item/cobblenav_template"", ""textures"": { ""layer0"": ""cobblenav:item/pokefinder_item_pink"" } }"
cobblenav_pokenav,FactorMoon\mods\cobblenav-neoforge-2.3.3.jar,assets/cobblenav/models/item/model/pokefinder_item_red.json,False,False,"{ ""parent"": ""cobblenav:item/cobblenav_template"", ""textures"": { ""layer0"": ""cobblenav:item/pokefinder_item_red"" } }"
cobblenav_pokenav,FactorMoon\mods\cobblenav-neoforge-2.3.3.jar,assets/cobblenav/models/item/model/pokefinder_item_white.json,False,False,"{ ""parent"": ""cobblenav:item/cobblenav_template"", ""textures"": { ""layer0"": ""cobblenav:item/pokefinder_item_white"" } }"
cobblenav_pokenav,FactorMoon\mods\cobblenav-neoforge-2.3.3.jar,assets/cobblenav/models/item/model/pokefinder_item_yellow.json,False,False,"{ ""parent"": ""cobblenav:item/cobblenav_template"", ""textures"": { ""layer0"": ""cobblenav:item/pokefinder_item_yellow"" } }"
cobblenav_pokenav,FactorMoon\mods\cobblenav-neoforge-2.3.3.jar,assets/cobblenav/models/item/model/pokenav_item_base.json,False,False,"{ ""parent"": ""cobblenav:item/cobblenav_template"", ""textures"": { ""layer0"": ""cobblenav:item/pokenav_item_base"" } }"
cobblenav_pokenav,FactorMoon\mods\cobblenav-neoforge-2.3.3.jar,assets/cobblenav/models/item/model/pokenav_item_black.json,False,False,"{ ""parent"": ""cobblenav:item/cobblenav_template"", ""textures"": { ""layer0"": ""cobblenav:item/pokenav_item_black"" } }"
cobblenav_pokenav,FactorMoon\mods\cobblenav-neoforge-2.3.3.jar,assets/cobblenav/models/item/model/pokenav_item_blue.json,False,False,"{ ""parent"": ""cobblenav:item/cobblenav_template"", ""textures"": { ""layer0"": ""cobblenav:item/pokenav_item_blue"" } }"
cobblenav_pokenav,FactorMoon\mods\cobblenav-neoforge-2.3.3.jar,assets/cobblenav/models/item/model/pokenav_item_brown.json,False,False,"{ ""parent"": ""cobblenav:item/cobblenav_template"", ""textures"": { ""layer0"": ""cobblenav:item/pokenav_item_brown"" } }"
cobblenav_pokenav,FactorMoon\mods\cobblenav-neoforge-2.3.3.jar,assets/cobblenav/models/item/model/pokenav_item_custom.json,False,False,"{ ""parent"": ""item/generated"", ""overrides"": [ {""predicate"": {""custom_model_data"":0}, ""model"": ""cobblenav:item/custom/legacy_pokenav_item""} ] }"
cobblenav_pokenav,FactorMoon\mods\cobblenav-neoforge-2.3.3.jar,assets/cobblenav/models/item/model/pokenav_item_cyan.json,False,False,"{ ""parent"": ""cobblenav:item/cobblenav_template"", ""textures"": { ""layer0"": ""cobblenav:item/pokenav_item_cyan"" } }"
cobblenav_pokenav,FactorMoon\mods\cobblenav-neoforge-2.3.3.jar,assets/cobblenav/models/item/model/pokenav_item_gholdengo.json,False,False,"{ ""parent"": ""cobblenav:item/cobblenav_template"", ""textures"": { ""layer0"": ""cobblenav:item/pokenav_item_gholdengo"" } }"
cobblenav_pokenav,FactorMoon\mods\cobblenav-neoforge-2.3.3.jar,assets/cobblenav/models/item/model/pokenav_item_gray.json,False,False,"{ ""parent"": ""cobblenav:item/cobblenav_template"", ""textures"": { ""layer0"": ""cobblenav:item/pokenav_item_gray"" } }"
cobblenav_pokenav,FactorMoon\mods\cobblenav-neoforge-2.3.3.jar,assets/cobblenav/models/item/model/pokenav_item_green.json,False,False,"{ ""parent"": ""cobblenav:item/cobblenav_template"", ""textures"": { ""layer0"": ""cobblenav:item/pokenav_item_green"" } }"
cobblenav_pokenav,FactorMoon\mods\cobblenav-neoforge-2.3.3.jar,assets/cobblenav/models/item/model/pokenav_item_invisible_gholdengo.json,False,False,"{ ""parent"": ""cobblenav:item/cobblenav_template"", ""textures"": { ""layer0"": ""cobblenav:item/pokenav_item_invisible_gholdengo"" } }"
cobblenav_pokenav,FactorMoon\mods\cobblenav-neoforge-2.3.3.jar,assets/cobblenav/models/item/model/pokenav_item_light_blue.json,False,False,"{ ""parent"": ""cobblenav:item/cobblenav_template"", ""textures"": { ""layer0"": ""cobblenav:item/pokenav_item_light_blue"" } }"
cobblenav_pokenav,FactorMoon\mods\cobblenav-neoforge-2.3.3.jar,assets/cobblenav/models/item/model/pokenav_item_light_gray.json,False,False,"{ ""parent"": ""cobblenav:item/cobblenav_template"", ""textures"": { ""layer0"": ""cobblenav:item/pokenav_item_light_gray"" } }"
cobblenav_pokenav,FactorMoon\mods\cobblenav-neoforge-2.3.3.jar,assets/cobblenav/models/item/model/pokenav_item_lime.json,False,False,"{ ""parent"": ""cobblenav:item/cobblenav_template"", ""textures"": { ""layer0"": ""cobblenav:item/pokenav_item_lime"" } }"
cobblenav_pokenav,FactorMoon\mods\cobblenav-neoforge-2.3.3.jar,assets/cobblenav/models/item/model/pokenav_item_magenta.json,False,False,"{ ""parent"": ""cobblenav:item/cobblenav_template"", ""textures"": { ""layer0"": ""cobblenav:item/pokenav_item_magenta"" } }"
cobblenav_pokenav,FactorMoon\mods\cobblenav-neoforge-2.3.3.jar,assets/cobblenav/models/item/model/pokenav_item_netherite.json,False,False,"{ ""parent"": ""cobblenav:item/cobblenav_template"", ""textures"": { ""layer0"": ""cobblenav:item/pokenav_item_netherite"" } }"
cobblenav_pokenav,FactorMoon\mods\cobblenav-neoforge-2.3.3.jar,assets/cobblenav/models/item/model/pokenav_item_old.json,False,False,"{ ""parent"": ""cobblenav:item/cobblenav_template"", ""textures"": { ""layer0"": ""cobblenav:item/pokenav_item_old"" } }"
cobblenav_pokenav,FactorMoon\mods\cobblenav-neoforge-2.3.3.jar,assets/cobblenav/models/item/model/pokenav_item_orange.json,False,False,"{ ""parent"": ""cobblenav:item/cobblenav_template"", ""textures"": { ""layer0"": ""cobblenav:item/pokenav_item_orange"" } }"
cobblenav_pokenav,FactorMoon\mods\cobblenav-neoforge-2.3.3.jar,assets/cobblenav/models/item/model/pokenav_item_pink.json,False,False,"{ ""parent"": ""cobblenav:item/cobblenav_template"", ""textures"": { ""layer0"": ""cobblenav:item/pokenav_item_pink"" } }"
cobblenav_pokenav,FactorMoon\mods\cobblenav-neoforge-2.3.3.jar,assets/cobblenav/models/item/model/pokenav_item_purple.json,False,False,"{ ""parent"": ""cobblenav:item/cobblenav_template"", ""textures"": { ""layer0"": ""cobblenav:item/pokenav_item_purple"" } }"
cobblenav_pokenav,FactorMoon\mods\cobblenav-neoforge-2.3.3.jar,assets/cobblenav/models/item/model/pokenav_item_red.json,False,False,"{ ""parent"": ""cobblenav:item/cobblenav_template"", ""textures"": { ""layer0"": ""cobblenav:item/pokenav_item_red"" } }"
cobblenav_pokenav,FactorMoon\mods\cobblenav-neoforge-2.3.3.jar,assets/cobblenav/models/item/model/pokenav_item_wanderer.json,False,False,"{ ""parent"": ""cobblenav:item/cobblenav_template"", ""textures"": { ""layer0"": ""cobblenav:item/pokenav_item_wanderer"" } }"
cobblenav_pokenav,FactorMoon\mods\cobblenav-neoforge-2.3.3.jar,assets/cobblenav/models/item/model/pokenav_item_white.json,False,False,"{ ""parent"": ""cobblenav:item/cobblenav_template"", ""textures"": { ""layer0"": ""cobblenav:item/pokenav_item_white"" } }"
cobblenav_pokenav,FactorMoon\mods\cobblenav-neoforge-2.3.3.jar,assets/cobblenav/models/item/model/pokenav_item_yellow.json,False,False,"{ ""parent"": ""cobblenav:item/cobblenav_template"", ""textures"": { ""layer0"": ""cobblenav:item/pokenav_item_yellow"" } }"
cobblenav_pokenav,FactorMoon\mods\cobblenav-neoforge-2.3.3.jar,assets/cobblenav/models/item/open/pokefinder_item_black.json,False,False,"{ ""parent"": ""cobblenav:item/cobblenav_template"", ""textures"": { ""layer0"": ""cobblenav:item/pokefinder_item_black"" } }"
cobblenav_pokenav,FactorMoon\mods\cobblenav-neoforge-2.3.3.jar,assets/cobblenav/models/item/open/pokefinder_item_blue.json,False,False,"{ ""parent"": ""cobblenav:item/cobblenav_template"", ""textures"": { ""layer0"": ""cobblenav:item/pokefinder_item_blue"" } }"
cobblenav_pokenav,FactorMoon\mods\cobblenav-neoforge-2.3.3.jar,assets/cobblenav/models/item/open/pokefinder_item_green.json,False,False,"{ ""parent"": ""cobblenav:item/cobblenav_template"", ""textures"": { ""layer0"": ""cobblenav:item/pokefinder_item_green"" } }"
cobblenav_pokenav,FactorMoon\mods\cobblenav-neoforge-2.3.3.jar,assets/cobblenav/models/item/open/pokefinder_item_pink.json,False,False,"{ ""parent"": ""cobblenav:item/cobblenav_template"", ""textures"": { ""layer0"": ""cobblenav:item/pokefinder_item_pink"" } }"
cobblenav_pokenav,FactorMoon\mods\cobblenav-neoforge-2.3.3.jar,assets/cobblenav/models/item/open/pokefinder_item_red.json,False,False,"{ ""parent"": ""cobblenav:item/cobblenav_template"", ""textures"": { ""layer0"": ""cobblenav:item/pokefinder_item_red"" } }"
cobblenav_pokenav,FactorMoon\mods\cobblenav-neoforge-2.3.3.jar,assets/cobblenav/models/item/open/pokefinder_item_white.json,False,False,"{ ""parent"": ""cobblenav:item/cobblenav_template"", ""textures"": { ""layer0"": ""cobblenav:item/pokefinder_item_white"" } }"
cobblenav_pokenav,FactorMoon\mods\cobblenav-neoforge-2.3.3.jar,assets/cobblenav/models/item/open/pokefinder_item_yellow.json,False,False,"{ ""parent"": ""cobblenav:item/cobblenav_template"", ""textures"": { ""layer0"": ""cobblenav:item/pokefinder_item_yellow"" } }"
cobblenav_pokenav,FactorMoon\mods\cobblenav-neoforge-2.3.3.jar,assets/cobblenav/models/item/open/pokenav_item_base.json,False,False,"{ ""parent"": ""cobblenav:item/cobblenav_template"", ""textures"": { ""layer0"": ""cobblenav:item/pokenav_item_base"" } }"
cobblenav_pokenav,FactorMoon\mods\cobblenav-neoforge-2.3.3.jar,assets/cobblenav/models/item/open/pokenav_item_black.json,False,False,"{ ""parent"": ""cobblenav:item/cobblenav_template"", ""textures"": { ""layer0"": ""cobblenav:item/pokenav_item_black"" } }"
cobblenav_pokenav,FactorMoon\mods\cobblenav-neoforge-2.3.3.jar,assets/cobblenav/models/item/open/pokenav_item_blue.json,False,False,"{ ""parent"": ""cobblenav:item/cobblenav_template"", ""textures"": { ""layer0"": ""cobblenav:item/pokenav_item_blue"" } }"
cobblenav_pokenav,FactorMoon\mods\cobblenav-neoforge-2.3.3.jar,assets/cobblenav/models/item/open/pokenav_item_brown.json,False,False,"{ ""parent"": ""cobblenav:item/cobblenav_template"", ""textures"": { ""layer0"": ""cobblenav:item/pokenav_item_brown"" } }"
cobblenav_pokenav,FactorMoon\mods\cobblenav-neoforge-2.3.3.jar,assets/cobblenav/models/item/open/pokenav_item_custom.json,False,False,"{ ""parent"": ""item/generated"", ""overrides"": [ {""predicate"": {""custom_model_data"":0}, ""model"": ""cobblenav:item/custom/legacy_pokenav_item""} ] }"
cobblenav_pokenav,FactorMoon\mods\cobblenav-neoforge-2.3.3.jar,assets/cobblenav/models/item/open/pokenav_item_cyan.json,False,False,"{ ""parent"": ""cobblenav:item/cobblenav_template"", ""textures"": { ""layer0"": ""cobblenav:item/pokenav_item_cyan"" } }"
cobblenav_pokenav,FactorMoon\mods\cobblenav-neoforge-2.3.3.jar,assets/cobblenav/models/item/open/pokenav_item_gholdengo.json,False,False,"{ ""parent"": ""cobblenav:item/cobblenav_template"", ""textures"": { ""layer0"": ""cobblenav:item/pokenav_item_gholdengo"" } }"
cobblenav_pokenav,FactorMoon\mods\cobblenav-neoforge-2.3.3.jar,assets/cobblenav/models/item/open/pokenav_item_gray.json,False,False,"{ ""parent"": ""cobblenav:item/cobblenav_template"", ""textures"": { ""layer0"": ""cobblenav:item/pokenav_item_gray"" } }"
cobblenav_pokenav,FactorMoon\mods\cobblenav-neoforge-2.3.3.jar,assets/cobblenav/models/item/open/pokenav_item_green.json,False,False,"{ ""parent"": ""cobblenav:item/cobblenav_template"", ""textures"": { ""layer0"": ""cobblenav:item/pokenav_item_green"" } }"
cobblenav_pokenav,FactorMoon\mods\cobblenav-neoforge-2.3.3.jar,assets/cobblenav/models/item/open/pokenav_item_invisible_gholdengo.json,False,False,"{ ""parent"": ""cobblenav:item/cobblenav_template"", ""textures"": { ""layer0"": ""cobblenav:item/pokenav_item_invisible_gholdengo"" } }"
cobblenav_pokenav,FactorMoon\mods\cobblenav-neoforge-2.3.3.jar,assets/cobblenav/models/item/open/pokenav_item_light_blue.json,False,False,"{ ""parent"": ""cobblenav:item/cobblenav_template"", ""textures"": { ""layer0"": ""cobblenav:item/pokenav_item_light_blue"" } }"
cobblenav_pokenav,FactorMoon\mods\cobblenav-neoforge-2.3.3.jar,assets/cobblenav/models/item/open/pokenav_item_light_gray.json,False,False,"{ ""parent"": ""cobblenav:item/cobblenav_template"", ""textures"": { ""layer0"": ""cobblenav:item/pokenav_item_light_gray"" } }"
cobblenav_pokenav,FactorMoon\mods\cobblenav-neoforge-2.3.3.jar,assets/cobblenav/models/item/open/pokenav_item_lime.json,False,False,"{ ""parent"": ""cobblenav:item/cobblenav_template"", ""textures"": { ""layer0"": ""cobblenav:item/pokenav_item_lime"" } }"
cobblenav_pokenav,FactorMoon\mods\cobblenav-neoforge-2.3.3.jar,assets/cobblenav/models/item/open/pokenav_item_magenta.json,False,False,"{ ""parent"": ""cobblenav:item/cobblenav_template"", ""textures"": { ""layer0"": ""cobblenav:item/pokenav_item_magenta"" } }"
cobblenav_pokenav,FactorMoon\mods\cobblenav-neoforge-2.3.3.jar,assets/cobblenav/models/item/open/pokenav_item_netherite.json,False,False,"{ ""parent"": ""cobblenav:item/cobblenav_template"", ""textures"": { ""layer0"": ""cobblenav:item/pokenav_item_netherite"" } }"
cobblenav_pokenav,FactorMoon\mods\cobblenav-neoforge-2.3.3.jar,assets/cobblenav/models/item/open/pokenav_item_old.json,False,False,"{ ""parent"": ""cobblenav:item/cobblenav_template"", ""textures"": { ""layer0"": ""cobblenav:item/pokenav_item_old"" } }"
cobblenav_pokenav,FactorMoon\mods\cobblenav-neoforge-2.3.3.jar,assets/cobblenav/models/item/open/pokenav_item_orange.json,False,False,"{ ""parent"": ""cobblenav:item/cobblenav_template"", ""textures"": { ""layer0"": ""cobblenav:item/pokenav_item_orange"" } }"
cobblenav_pokenav,FactorMoon\mods\cobblenav-neoforge-2.3.3.jar,assets/cobblenav/models/item/open/pokenav_item_pink.json,False,False,"{ ""parent"": ""cobblenav:item/cobblenav_template"", ""textures"": { ""layer0"": ""cobblenav:item/pokenav_item_pink"" } }"
cobblenav_pokenav,FactorMoon\mods\cobblenav-neoforge-2.3.3.jar,assets/cobblenav/models/item/open/pokenav_item_purple.json,False,False,"{ ""parent"": ""cobblenav:item/cobblenav_template"", ""textures"": { ""layer0"": ""cobblenav:item/pokenav_item_purple"" } }"
cobblenav_pokenav,FactorMoon\mods\cobblenav-neoforge-2.3.3.jar,assets/cobblenav/models/item/open/pokenav_item_red.json,False,False,"{ ""parent"": ""cobblenav:item/cobblenav_template"", ""textures"": { ""layer0"": ""cobblenav:item/pokenav_item_red"" } }"
cobblenav_pokenav,FactorMoon\mods\cobblenav-neoforge-2.3.3.jar,assets/cobblenav/models/item/open/pokenav_item_wanderer.json,False,False,"{ ""parent"": ""cobblenav:item/cobblenav_template"", ""textures"": { ""layer0"": ""cobblenav:item/pokenav_item_wanderer"" } }"
cobblenav_pokenav,FactorMoon\mods\cobblenav-neoforge-2.3.3.jar,assets/cobblenav/models/item/open/pokenav_item_white.json,False,False,"{ ""parent"": ""cobblenav:item/cobblenav_template"", ""textures"": { ""layer0"": ""cobblenav:item/pokenav_item_white"" } }"
cobblenav_pokenav,FactorMoon\mods\cobblenav-neoforge-2.3.3.jar,assets/cobblenav/models/item/open/pokenav_item_yellow.json,False,False,"{ ""parent"": ""cobblenav:item/cobblenav_template"", ""textures"": { ""layer0"": ""cobblenav:item/pokenav_item_yellow"" } }"
cobblenav_pokenav,FactorMoon\mods\cobblenav-neoforge-2.3.3.jar,assets/cobblenav/models/item/pokefinder_item_black.json,False,False,"{ ""parent"": ""cobblenav:item/cobblenav_template"", ""textures"": { ""layer0"": ""cobblenav:item/pokefinder_item_black"" } }"
cobblenav_pokenav,FactorMoon\mods\cobblenav-neoforge-2.3.3.jar,assets/cobblenav/models/item/pokefinder_item_blue.json,False,False,"{ ""parent"": ""cobblenav:item/cobblenav_template"", ""textures"": { ""layer0"": ""cobblenav:item/pokefinder_item_blue"" } }"
cobblenav_pokenav,FactorMoon\mods\cobblenav-neoforge-2.3.3.jar,assets/cobblenav/models/item/pokefinder_item_green.json,False,False,"{ ""parent"": ""cobblenav:item/cobblenav_template"", ""textures"": { ""layer0"": ""cobblenav:item/pokefinder_item_green"" } }"
cobblenav_pokenav,FactorMoon\mods\cobblenav-neoforge-2.3.3.jar,assets/cobblenav/models/item/pokefinder_item_pink.json,False,False,"{ ""parent"": ""cobblenav:item/cobblenav_template"", ""textures"": { ""layer0"": ""cobblenav:item/pokefinder_item_pink"" } }"
cobblenav_pokenav,FactorMoon\mods\cobblenav-neoforge-2.3.3.jar,assets/cobblenav/models/item/pokefinder_item_red.json,False,False,"{ ""parent"": ""cobblenav:item/cobblenav_template"", ""textures"": { ""layer0"": ""cobblenav:item/pokefinder_item_red"" } }"
cobblenav_pokenav,FactorMoon\mods\cobblenav-neoforge-2.3.3.jar,assets/cobblenav/models/item/pokefinder_item_white.json,False,False,"{ ""parent"": ""cobblenav:item/cobblenav_template"", ""textures"": { ""layer0"": ""cobblenav:item/pokefinder_item_white"" } }"
cobblenav_pokenav,FactorMoon\mods\cobblenav-neoforge-2.3.3.jar,assets/cobblenav/models/item/pokefinder_item_yellow.json,False,False,"{ ""parent"": ""cobblenav:item/cobblenav_template"", ""textures"": { ""layer0"": ""cobblenav:item/pokefinder_item_yellow"" } }"
cobblenav_pokenav,FactorMoon\mods\cobblenav-neoforge-2.3.3.jar,assets/cobblenav/models/item/pokenav_item_base.json,False,False,"{ ""parent"": ""cobblenav:item/cobblenav_template"", ""textures"": { ""layer0"": ""cobblenav:item/pokenav_item_base"" } }"
cobblenav_pokenav,FactorMoon\mods\cobblenav-neoforge-2.3.3.jar,assets/cobblenav/models/item/pokenav_item_black.json,False,False,"{ ""parent"": ""cobblenav:item/cobblenav_template"", ""textures"": { ""layer0"": ""cobblenav:item/pokenav_item_black"" } }"
cobblenav_pokenav,FactorMoon\mods\cobblenav-neoforge-2.3.3.jar,assets/cobblenav/models/item/pokenav_item_blue.json,False,False,"{ ""parent"": ""cobblenav:item/cobblenav_template"", ""textures"": { ""layer0"": ""cobblenav:item/pokenav_item_blue"" } }"
cobblenav_pokenav,FactorMoon\mods\cobblenav-neoforge-2.3.3.jar,assets/cobblenav/models/item/pokenav_item_brown.json,False,False,"{ ""parent"": ""cobblenav:item/cobblenav_template"", ""textures"": { ""layer0"": ""cobblenav:item/pokenav_item_brown"" } }"
cobblenav_pokenav,FactorMoon\mods\cobblenav-neoforge-2.3.3.jar,assets/cobblenav/models/item/pokenav_item_custom.json,False,False,"{ ""parent"": ""item/generated"", ""overrides"": [ {""predicate"": {""custom_model_data"":0}, ""model"": ""cobblenav:item/custom/legacy_pokenav_item""} ] }"
cobblenav_pokenav,FactorMoon\mods\cobblenav-neoforge-2.3.3.jar,assets/cobblenav/models/item/pokenav_item_cyan.json,False,False,"{ ""parent"": ""cobblenav:item/cobblenav_template"", ""textures"": { ""layer0"": ""cobblenav:item/pokenav_item_cyan"" } }"
cobblenav_pokenav,FactorMoon\mods\cobblenav-neoforge-2.3.3.jar,assets/cobblenav/models/item/pokenav_item_gholdengo.json,False,False,"{ ""parent"": ""cobblenav:item/cobblenav_template"", ""textures"": { ""layer0"": ""cobblenav:item/pokenav_item_gholdengo"" } }"
cobblenav_pokenav,FactorMoon\mods\cobblenav-neoforge-2.3.3.jar,assets/cobblenav/models/item/pokenav_item_gray.json,False,False,"{ ""parent"": ""cobblenav:item/cobblenav_template"", ""textures"": { ""layer0"": ""cobblenav:item/pokenav_item_gray"" } }"
cobblenav_pokenav,FactorMoon\mods\cobblenav-neoforge-2.3.3.jar,assets/cobblenav/models/item/pokenav_item_green.json,False,False,"{ ""parent"": ""cobblenav:item/cobblenav_template"", ""textures"": { ""layer0"": ""cobblenav:item/pokenav_item_green"" } }"
cobblenav_pokenav,FactorMoon\mods\cobblenav-neoforge-2.3.3.jar,assets/cobblenav/models/item/pokenav_item_invisible_gholdengo.json,False,False,"{ ""parent"": ""cobblenav:item/cobblenav_template"", ""textures"": { ""layer0"": ""cobblenav:item/pokenav_item_invisible_gholdengo"" } }"
cobblenav_pokenav,FactorMoon\mods\cobblenav-neoforge-2.3.3.jar,assets/cobblenav/models/item/pokenav_item_light_blue.json,False,False,"{ ""parent"": ""cobblenav:item/cobblenav_template"", ""textures"": { ""layer0"": ""cobblenav:item/pokenav_item_light_blue"" } }"
cobblenav_pokenav,FactorMoon\mods\cobblenav-neoforge-2.3.3.jar,assets/cobblenav/models/item/pokenav_item_light_gray.json,False,False,"{ ""parent"": ""cobblenav:item/cobblenav_template"", ""textures"": { ""layer0"": ""cobblenav:item/pokenav_item_light_gray"" } }"
cobblenav_pokenav,FactorMoon\mods\cobblenav-neoforge-2.3.3.jar,assets/cobblenav/models/item/pokenav_item_lime.json,False,False,"{ ""parent"": ""cobblenav:item/cobblenav_template"", ""textures"": { ""layer0"": ""cobblenav:item/pokenav_item_lime"" } }"
cobblenav_pokenav,FactorMoon\mods\cobblenav-neoforge-2.3.3.jar,assets/cobblenav/models/item/pokenav_item_magenta.json,False,False,"{ ""parent"": ""cobblenav:item/cobblenav_template"", ""textures"": { ""layer0"": ""cobblenav:item/pokenav_item_magenta"" } }"
cobblenav_pokenav,FactorMoon\mods\cobblenav-neoforge-2.3.3.jar,assets/cobblenav/models/item/pokenav_item_netherite.json,False,False,"{ ""parent"": ""cobblenav:item/cobblenav_template"", ""textures"": { ""layer0"": ""cobblenav:item/pokenav_item_netherite"" } }"
cobblenav_pokenav,FactorMoon\mods\cobblenav-neoforge-2.3.3.jar,assets/cobblenav/models/item/pokenav_item_old.json,False,False,"{ ""parent"": ""cobblenav:item/cobblenav_template"", ""textures"": { ""layer0"": ""cobblenav:item/pokenav_item_old"" } }"
cobblenav_pokenav,FactorMoon\mods\cobblenav-neoforge-2.3.3.jar,assets/cobblenav/models/item/pokenav_item_orange.json,False,False,"{ ""parent"": ""cobblenav:item/cobblenav_template"", ""textures"": { ""layer0"": ""cobblenav:item/pokenav_item_orange"" } }"
cobblenav_pokenav,FactorMoon\mods\cobblenav-neoforge-2.3.3.jar,assets/cobblenav/models/item/pokenav_item_pink.json,False,False,"{ ""parent"": ""cobblenav:item/cobblenav_template"", ""textures"": { ""layer0"": ""cobblenav:item/pokenav_item_pink"" } }"
cobblenav_pokenav,FactorMoon\mods\cobblenav-neoforge-2.3.3.jar,assets/cobblenav/models/item/pokenav_item_purple.json,False,False,"{ ""parent"": ""cobblenav:item/cobblenav_template"", ""textures"": { ""layer0"": ""cobblenav:item/pokenav_item_purple"" } }"
cobblenav_pokenav,FactorMoon\mods\cobblenav-neoforge-2.3.3.jar,assets/cobblenav/models/item/pokenav_item_red.json,False,False,"{ ""parent"": ""cobblenav:item/cobblenav_template"", ""textures"": { ""layer0"": ""cobblenav:item/pokenav_item_red"" } }"
cobblenav_pokenav,FactorMoon\mods\cobblenav-neoforge-2.3.3.jar,assets/cobblenav/models/item/pokenav_item_wanderer.json,False,False,"{ ""parent"": ""cobblenav:item/cobblenav_template"", ""textures"": { ""layer0"": ""cobblenav:item/pokenav_item_wanderer"" } }"
cobblenav_pokenav,FactorMoon\mods\cobblenav-neoforge-2.3.3.jar,assets/cobblenav/models/item/pokenav_item_white.json,False,False,"{ ""parent"": ""cobblenav:item/cobblenav_template"", ""textures"": { ""layer0"": ""cobblenav:item/pokenav_item_white"" } }"
cobblenav_pokenav,FactorMoon\mods\cobblenav-neoforge-2.3.3.jar,assets/cobblenav/models/item/pokenav_item_yellow.json,False,False,"{ ""parent"": ""cobblenav:item/cobblenav_template"", ""textures"": { ""layer0"": ""cobblenav:item/pokenav_item_yellow"" } }"
cobblenav_pokenav,FactorMoon\mods\cobblenav-neoforge-2.3.3.jar,data/cobblenav/loot_table/injection/chests/ancient_city.json,False,False,"{ ""type"": ""minecraft:chest"", ""pools"": [ { ""entries"": [ { ""type"": ""minecraft:item"", ""name"": ""cobblenav:pokenav_item_old"", ""functions"": [ { ""function"": ""minecraft:set_count"", ""count"": 1 } ] } ], ""conditions"": [ { ""condition"": ""minecraft:random_chance"", ""chance"":"
cobblenav_pokenav,FactorMoon\mods\cobblenav-neoforge-2.3.3.jar,data/cobblenav/loot_table/injection/gameplay/fishing/treasure.json,False,False,"{ ""type"": ""minecraft:fishing"", ""pools"": [ { ""bonus_rolls"": 0, ""entries"": [ { ""type"": ""minecraft:item"", ""name"": ""cobblenav:pokenav_item_old"", ""functions"": [ { ""function"": ""minecraft:set_count"", ""count"": 1, ""add"": false } ] } ], ""conditions"": [ { ""condition"": ""m"
cobblenav_pokenav,FactorMoon\mods\cobblenav-neoforge-2.3.3.jar,data/cobblenav/recipe/pokefinder_item_black.json,False,False,"{ ""type"": ""minecraft:crafting_shaped"", ""category"": ""equipment"", ""pattern"": [ "" R "", ""RCR"", ""IEI"" ], ""key"": { ""R"": { ""item"": ""cobblemon:black_apricorn"" }, ""C"": { ""item"": ""minecraft:compass"" }, ""I"": { ""item"": ""minecraft:copper_ingot"" }, ""E"": { ""item"": ""cobblemon"
cobblenav_pokenav,FactorMoon\mods\cobblenav-neoforge-2.3.3.jar,data/cobblenav/recipe/pokefinder_item_blue.json,False,False,"{ ""type"": ""minecraft:crafting_shaped"", ""category"": ""equipment"", ""pattern"": [ "" R "", ""RCR"", ""IEI"" ], ""key"": { ""R"": { ""item"": ""cobblemon:blue_apricorn"" }, ""C"": { ""item"": ""minecraft:compass"" }, ""I"": { ""item"": ""minecraft:copper_ingot"" }, ""E"": { ""item"": ""cobblemon:"
cobblenav_pokenav,FactorMoon\mods\cobblenav-neoforge-2.3.3.jar,data/cobblenav/recipe/pokefinder_item_green.json,False,False,"{ ""type"": ""minecraft:crafting_shaped"", ""category"": ""equipment"", ""pattern"": [ "" R "", ""RCR"", ""IEI"" ], ""key"": { ""R"": { ""item"": ""cobblemon:green_apricorn"" }, ""C"": { ""item"": ""minecraft:compass"" }, ""I"": { ""item"": ""minecraft:copper_ingot"" }, ""E"": { ""item"": ""cobblemon"
cobblenav_pokenav,FactorMoon\mods\cobblenav-neoforge-2.3.3.jar,data/cobblenav/recipe/pokefinder_item_pink.json,False,False,"{ ""type"": ""minecraft:crafting_shaped"", ""category"": ""equipment"", ""pattern"": [ "" R "", ""RCR"", ""IEI"" ], ""key"": { ""R"": { ""item"": ""cobblemon:pink_apricorn"" }, ""C"": { ""item"": ""minecraft:compass"" }, ""I"": { ""item"": ""minecraft:copper_ingot"" }, ""E"": { ""item"": ""cobblemon:"
cobblenav_pokenav,FactorMoon\mods\cobblenav-neoforge-2.3.3.jar,data/cobblenav/recipe/pokefinder_item_red.json,False,False,"{ ""type"": ""minecraft:crafting_shaped"", ""category"": ""equipment"", ""pattern"": [ "" R "", ""RCR"", ""IEI"" ], ""key"": { ""R"": { ""item"": ""cobblemon:red_apricorn"" }, ""C"": { ""item"": ""minecraft:compass"" }, ""I"": { ""item"": ""minecraft:copper_ingot"" }, ""E"": { ""item"": ""cobblemon:e"
cobblenav_pokenav,FactorMoon\mods\cobblenav-neoforge-2.3.3.jar,data/cobblenav/recipe/pokefinder_item_white.json,False,False,"{ ""type"": ""minecraft:crafting_shaped"", ""category"": ""equipment"", ""pattern"": [ "" R "", ""RCR"", ""IEI"" ], ""key"": { ""R"": { ""item"": ""cobblemon:white_apricorn"" }, ""C"": { ""item"": ""minecraft:compass"" }, ""I"": { ""item"": ""minecraft:copper_ingot"" }, ""E"": { ""item"": ""cobblemon"
cobblenav_pokenav,FactorMoon\mods\cobblenav-neoforge-2.3.3.jar,data/cobblenav/recipe/pokefinder_item_yellow.json,False,False,"{ ""type"": ""minecraft:crafting_shaped"", ""category"": ""equipment"", ""pattern"": [ "" R "", ""RCR"", ""IEI"" ], ""key"": { ""R"": { ""item"": ""cobblemon:yellow_apricorn"" }, ""C"": { ""item"": ""minecraft:compass"" }, ""I"": { ""item"": ""minecraft:copper_ingot"" }, ""E"": { ""item"": ""cobblemo"
cobblenav_pokenav,FactorMoon\mods\cobblenav-neoforge-2.3.3.jar,data/cobblenav/recipe/pokenav_from_old.json,False,False,"{ ""type"": ""minecraft:crafting_shaped"", ""category"": ""equipment"", ""pattern"": [ "" D "", ""COC"", "" R "" ], ""key"": { ""O"": { ""item"": ""cobblenav:pokenav_item_old"" }, ""C"": { ""item"": ""minecraft:copper_ingot"" }, ""D"": { ""item"": ""minecraft:diamond"" }, ""R"": { ""item"": ""minecra"
cobblenav_pokenav,FactorMoon\mods\cobblenav-neoforge-2.3.3.jar,data/cobblenav/recipe/pokenav_item.json,False,False,"{ ""type"": ""minecraft:crafting_shaped"", ""category"": ""equipment"", ""pattern"": [ ""CIC"", ""EDU"", ""CRC"" ], ""key"": { ""C"": { ""item"": ""minecraft:copper_ingot"" }, ""D"": { ""item"": ""minecraft:diamond"" }, ""I"": { ""item"": ""minecraft:iron_ingot"" }, ""R"": { ""item"": ""minecraft:red"
cobblenav_pokenav,FactorMoon\mods\cobblenav-neoforge-2.3.3.jar,data/cobblenav/recipe/pokenav_item_black.json,False,False,"{ ""type"": ""minecraft:crafting_shapeless"", ""category"": ""equipment"", ""ingredients"": [ { ""item"": ""minecraft:black_dye"" }, { ""tag"": ""cobblenav:pokenav"" } ], ""result"": { ""id"": ""cobblenav:pokenav_item_black"" } }"
cobblenav_pokenav,FactorMoon\mods\cobblenav-neoforge-2.3.3.jar,data/cobblenav/recipe/pokenav_item_blue.json,False,False,"{ ""type"": ""minecraft:crafting_shapeless"", ""category"": ""equipment"", ""ingredients"": [ { ""item"": ""minecraft:blue_dye"" }, { ""tag"": ""cobblenav:pokenav"" } ], ""result"": { ""id"": ""cobblenav:pokenav_item_blue"" } }"
cobblenav_pokenav,FactorMoon\mods\cobblenav-neoforge-2.3.3.jar,data/cobblenav/recipe/pokenav_item_brown.json,False,False,"{ ""type"": ""minecraft:crafting_shapeless"", ""category"": ""equipment"", ""ingredients"": [ { ""item"": ""minecraft:brown_dye"" }, { ""tag"": ""cobblenav:pokenav"" } ], ""result"": { ""id"": ""cobblenav:pokenav_item_brown"" } }"
cobblenav_pokenav,FactorMoon\mods\cobblenav-neoforge-2.3.3.jar,data/cobblenav/recipe/pokenav_item_cyan.json,False,False,"{ ""type"": ""minecraft:crafting_shapeless"", ""category"": ""equipment"", ""ingredients"": [ { ""item"": ""minecraft:cyan_dye"" }, { ""tag"": ""cobblenav:pokenav"" } ], ""result"": { ""id"": ""cobblenav:pokenav_item_cyan"" } }"
cobblenav_pokenav,FactorMoon\mods\cobblenav-neoforge-2.3.3.jar,data/cobblenav/recipe/pokenav_item_from_dyed.json,False,False,"{ ""type"": ""minecraft:crafting_shapeless"", ""category"": ""equipment"", ""ingredients"": [ { ""tag"": ""cobblenav:dyed_pokenav"" } ], ""result"": { ""id"": ""cobblenav:pokenav_item_base"" } }"
cobblenav_pokenav,FactorMoon\mods\cobblenav-neoforge-2.3.3.jar,data/cobblenav/recipe/pokenav_item_gholdengo.json,False,False,"{ ""type"": ""minecraft:crafting_shaped"", ""category"": ""equipment"", ""pattern"": [ ""CCC"", ""CPC"", ""CGC"" ], ""key"": { ""C"": { ""item"": ""cobblemon:relic_coin"" }, ""P"": { ""tag"": ""cobblenav:pokenav"" }, ""G"": { ""item"": ""cobblemon:ghost_gem"" } }, ""result"": { ""id"": ""cobblenav:po"
cobblenav_pokenav,FactorMoon\mods\cobblenav-neoforge-2.3.3.jar,data/cobblenav/recipe/pokenav_item_gray.json,False,False,"{ ""type"": ""minecraft:crafting_shapeless"", ""category"": ""equipment"", ""ingredients"": [ { ""item"": ""minecraft:gray_dye"" }, { ""tag"": ""cobblenav:pokenav"" } ], ""result"": { ""id"": ""cobblenav:pokenav_item_gray"" } }"
cobblenav_pokenav,FactorMoon\mods\cobblenav-neoforge-2.3.3.jar,data/cobblenav/recipe/pokenav_item_green.json,False,False,"{ ""type"": ""minecraft:crafting_shapeless"", ""category"": ""equipment"", ""ingredients"": [ { ""item"": ""minecraft:green_dye"" }, { ""tag"": ""cobblenav:pokenav"" } ], ""result"": { ""id"": ""cobblenav:pokenav_item_green"" } }"
cobblenav_pokenav,FactorMoon\mods\cobblenav-neoforge-2.3.3.jar,data/cobblenav/recipe/pokenav_item_light_blue.json,False,False,"{ ""type"": ""minecraft:crafting_shapeless"", ""category"": ""equipment"", ""ingredients"": [ { ""item"": ""minecraft:light_blue_dye"" }, { ""tag"": ""cobblenav:pokenav"" } ], ""result"": { ""id"": ""cobblenav:pokenav_item_light_blue"" } }"
cobblenav_pokenav,FactorMoon\mods\cobblenav-neoforge-2.3.3.jar,data/cobblenav/recipe/pokenav_item_light_gray.json,False,False,"{ ""type"": ""minecraft:crafting_shapeless"", ""category"": ""equipment"", ""ingredients"": [ { ""item"": ""minecraft:light_gray_dye"" }, { ""tag"": ""cobblenav:pokenav"" } ], ""result"": { ""id"": ""cobblenav:pokenav_item_light_gray"" } }"
cobblenav_pokenav,FactorMoon\mods\cobblenav-neoforge-2.3.3.jar,data/cobblenav/recipe/pokenav_item_lime.json,False,False,"{ ""type"": ""minecraft:crafting_shapeless"", ""category"": ""equipment"", ""ingredients"": [ { ""item"": ""minecraft:lime_dye"" }, { ""tag"": ""cobblenav:pokenav"" } ], ""result"": { ""id"": ""cobblenav:pokenav_item_lime"" } }"
cobblenav_pokenav,FactorMoon\mods\cobblenav-neoforge-2.3.3.jar,data/cobblenav/recipe/pokenav_item_magenta.json,False,False,"{ ""type"": ""minecraft:crafting_shapeless"", ""category"": ""equipment"", ""ingredients"": [ { ""item"": ""minecraft:magenta_dye"" }, { ""tag"": ""cobblenav:pokenav"" } ], ""result"": { ""id"": ""cobblenav:pokenav_item_magenta"" } }"
cobblenav_pokenav,FactorMoon\mods\cobblenav-neoforge-2.3.3.jar,data/cobblenav/recipe/pokenav_item_mirrored.json,False,False,"{ ""type"": ""minecraft:crafting_shaped"", ""pattern"": [ ""CIC"", ""UDE"", ""CRC"" ], ""key"": { ""C"": { ""item"": ""minecraft:copper_ingot"" }, ""D"": { ""item"": ""minecraft:diamond"" }, ""I"": { ""item"": ""minecraft:iron_ingot"" }, ""R"": { ""item"": ""minecraft:redstone"" }, ""E"": { ""item"": "
cobblenav_pokenav,FactorMoon\mods\cobblenav-neoforge-2.3.3.jar,data/cobblenav/recipe/pokenav_item_orange.json,False,False,"{ ""type"": ""minecraft:crafting_shapeless"", ""category"": ""equipment"", ""ingredients"": [ { ""item"": ""minecraft:orange_dye"" }, { ""tag"": ""cobblenav:pokenav"" } ], ""result"": { ""id"": ""cobblenav:pokenav_item_orange"" } }"
cobblenav_pokenav,FactorMoon\mods\cobblenav-neoforge-2.3.3.jar,data/cobblenav/recipe/pokenav_item_pink.json,False,False,"{ ""type"": ""minecraft:crafting_shapeless"", ""category"": ""equipment"", ""ingredients"": [ { ""item"": ""minecraft:pink_dye"" }, { ""tag"": ""cobblenav:pokenav"" } ], ""result"": { ""id"": ""cobblenav:pokenav_item_pink"" } }"
cobblenav_pokenav,FactorMoon\mods\cobblenav-neoforge-2.3.3.jar,data/cobblenav/recipe/pokenav_item_purple.json,False,False,"{ ""type"": ""minecraft:crafting_shapeless"", ""category"": ""equipment"", ""ingredients"": [ { ""item"": ""minecraft:purple_dye"" }, { ""tag"": ""cobblenav:pokenav"" } ], ""result"": { ""id"": ""cobblenav:pokenav_item_purple"" } }"
cobblenav_pokenav,FactorMoon\mods\cobblenav-neoforge-2.3.3.jar,data/cobblenav/recipe/pokenav_item_red.json,False,False,"{ ""type"": ""minecraft:crafting_shapeless"", ""category"": ""equipment"", ""ingredients"": [ { ""item"": ""minecraft:red_dye"" }, { ""tag"": ""cobblenav:pokenav"" } ], ""result"": { ""id"": ""cobblenav:pokenav_item_red"" } }"
cobblenav_pokenav,FactorMoon\mods\cobblenav-neoforge-2.3.3.jar,data/cobblenav/recipe/pokenav_item_white.json,False,False,"{ ""type"": ""minecraft:crafting_shapeless"", ""category"": ""equipment"", ""ingredients"": [ { ""item"": ""minecraft:white_dye"" }, { ""tag"": ""cobblenav:pokenav"" } ], ""result"": { ""id"": ""cobblenav:pokenav_item_white"" } }"
cobblenav_pokenav,FactorMoon\mods\cobblenav-neoforge-2.3.3.jar,data/cobblenav/recipe/pokenav_item_yellow.json,False,False,"{ ""type"": ""minecraft:crafting_shapeless"", ""category"": ""equipment"", ""ingredients"": [ { ""item"": ""minecraft:yellow_dye"" }, { ""tag"": ""cobblenav:pokenav"" } ], ""result"": { ""id"": ""cobblenav:pokenav_item_yellow"" } }"
cobblenav_pokenav,FactorMoon\mods\cobblenav-neoforge-2.3.3.jar,data/cobblenav/tags/item/dyed_pokenav.json,False,False,"{ ""replace"": false, ""values"": [ ""cobblenav:pokenav_item_black"", ""cobblenav:pokenav_item_blue"", ""cobblenav:pokenav_item_brown"", ""cobblenav:pokenav_item_cyan"", ""cobblenav:pokenav_item_gray"", ""cobblenav:pokenav_item_green"", ""cobblenav:pokenav_item_light_blue"", ""c"
cobblenav_pokenav,FactorMoon\mods\cobblenav-neoforge-2.3.3.jar,data/cobblenav/tags/item/pokefinder.json,False,False,"{ ""replace"": false, ""values"": [ ""cobblenav:pokefinder_item_black"", ""cobblenav:pokefinder_item_blue"", ""cobblenav:pokefinder_item_green"", ""cobblenav:pokefinder_item_pink"", ""cobblenav:pokefinder_item_red"", ""cobblenav:pokefinder_item_white"", ""cobblenav:pokefinder_"
cobblenav_pokenav,FactorMoon\mods\cobblenav-neoforge-2.3.3.jar,data/cobblenav/tags/item/pokenav.json,False,False,"{ ""replace"": false, ""values"": [ ""cobblenav:pokenav_item_base"", ""cobblenav:pokenav_item_black"", ""cobblenav:pokenav_item_blue"", ""cobblenav:pokenav_item_brown"", ""cobblenav:pokenav_item_cyan"", ""cobblenav:pokenav_item_gray"", ""cobblenav:pokenav_item_green"", ""cobblen"
cobblepedia,FactorMoon\mods\Cobblepedia-NeoForge-0.7.1.jar,assets/cobblepedia/lang/en_us.json,False,False,"{ ""book.cobblepedia"": ""Poképedia"", ""book.cobblepedia.landing_text"": ""Cobblemon: The Pokémon mod for everyone that aims to integrate much better into modpacks and Minecraft itself than other Pokémon mods."", ""book.cobblepedia.subtitle"": ""All about Cobblemon"", ""b"
cobblepedia,FactorMoon\mods\Cobblepedia-NeoForge-0.7.1.jar,assets/cobblepedia/lang/es_es.json,False,False,"{ ""book.cobblepedia"": ""Poképedia"", ""book.cobblepedia.landing_text"": ""Cobblemon: El mod de Pokémon para todos que pretende integrarse mucho mejor en los modpacks y en el propio Minecraft que otros mods de Pokémon."", ""book.cobblepedia.subtitle"": ""Todo sobre Cobb"
cobblepedia,FactorMoon\mods\Cobblepedia-NeoForge-0.7.1.jar,assets/cobblepedia/lang/it_it.json,False,False,"{ ""book.cobblepedia"": ""Poképedia"", ""book.cobblepedia.landing_text"": ""Cobblemon: La mod Pokémon per tutti che mira a integrarsi molto meglio nei modpack e in Minecraft stesso rispetto ad altre mod Pokémon."", ""book.cobblepedia.subtitle"": ""Tutto su Cobblemon"", ""b"
cobblepedia,FactorMoon\mods\Cobblepedia-NeoForge-0.7.1.jar,assets/cobblepedia/lang/pt_br.json,False,False,"{ ""book.cobblepedia"": ""Pokepédia"", ""book.cobblepedia.landing_text"": ""Cobblemon: O mod Pokémon para todos e que visa se integrar muito melhor aos modpacks e ao próprio Minecraft do que outros mods Pokémon."", ""book.cobblepedia.subtitle"": ""Tudo sobre Cobblemon"", "
cobblepedia,FactorMoon\mods\Cobblepedia-NeoForge-0.7.1.jar,assets/cobblepedia/lang/zh_cn.json,False,False,"{ ""book.cobblepedia"": ""Poképedia"", ""book.cobblepedia.landing_text"": ""Cobblemon：适用于所有人的宝可梦模组，旨在比其他宝可梦模组更好地集成到整合包和Minecraft本身中。"", ""book.cobblepedia.subtitle"": ""关于神奇宝贝的一切"", ""book.cobblepedia.categories.getting_started"": ""入门"", ""book.cobblepedia.categories.getting_"
cobblepedia,FactorMoon\mods\Cobblepedia-NeoForge-0.7.1.jar,assets/cobblepedia/patchouli_books/cobblepedia/en_us/categories/agriculture.json,False,False,"{ ""name"": ""book.cobblepedia.categories.agriculture"", ""description"": ""book.cobblepedia.categories.agriculture.description"", ""icon"": ""cobblemon:medicinal_leek"", ""sortnum"": 3 }"
cobblepedia,FactorMoon\mods\Cobblepedia-NeoForge-0.7.1.jar,assets/cobblepedia/patchouli_books/cobblepedia/en_us/categories/archaeology.json,False,False,"{ ""name"": ""book.cobblepedia.categories.archaeology.name"", ""description"": ""book.cobblepedia.categories.archaeology.description"", ""icon"": ""cobblemon:helix_fossil"", ""sortnum"": 3 }"
cobblepedia,FactorMoon\mods\Cobblepedia-NeoForge-0.7.1.jar,assets/cobblepedia/patchouli_books/cobblepedia/en_us/categories/cobblemon_addons.json,False,False,"{ ""name"": ""book.cobblepedia.categories.cobblemon_addons"", ""description"": ""book.cobblepedia.categories.cobblemon_addons.description"", ""icon"": ""cobblemon:calcium"", ""sortnum"": 9 }"
cobblepedia,FactorMoon\mods\Cobblepedia-NeoForge-0.7.1.jar,assets/cobblepedia/patchouli_books/cobblepedia/en_us/categories/commands.json,False,False,"{ ""name"": ""book.cobblepedia.categories.commands"", ""description"": ""book.cobblepedia.categories.commands.description"", ""icon"": ""cobblemon:upgrade"", ""sortnum"": 8 }"
cobblepedia,FactorMoon\mods\Cobblepedia-NeoForge-0.7.1.jar,assets/cobblepedia/patchouli_books/cobblepedia/en_us/categories/consumables.json,False,False,"{ ""name"": ""itemGroup.cobblemon.consumables"", ""description"": ""book.cobblepedia.categories.consumables.description"", ""icon"": ""cobblemon:roasted_leek"", ""sortnum"": 4 }"
cobblepedia,FactorMoon\mods\Cobblepedia-NeoForge-0.7.1.jar,assets/cobblepedia/patchouli_books/cobblepedia/en_us/categories/evolution_items.json,False,False,"{ ""name"": ""itemGroup.cobblemon.evolution_item"", ""description"": ""book.cobblepedia.categories.evolution_items.description"", ""icon"": ""cobblemon:black_augurite"", ""sortnum"": 4 }"
cobblepedia,FactorMoon\mods\Cobblepedia-NeoForge-0.7.1.jar,assets/cobblepedia/patchouli_books/cobblepedia/en_us/categories/getting_started.json,False,False,"{ ""name"": ""book.cobblepedia.categories.getting_started"", ""description"": ""book.cobblepedia.categories.getting_started.description"", ""icon"": ""cobblemon:leftovers"", ""sortnum"": 1 }"
cobblepedia,FactorMoon\mods\Cobblepedia-NeoForge-0.7.1.jar,assets/cobblepedia/patchouli_books/cobblepedia/en_us/categories/held_items.json,False,False,"{ ""name"": ""itemGroup.cobblemon.held_item"", ""description"": ""book.cobblepedia.categories.held_items.description"", ""icon"": ""cobblemon:exp_share"", ""sortnum"": 4 }"
cobblepedia,FactorMoon\mods\Cobblepedia-NeoForge-0.7.1.jar,assets/cobblepedia/patchouli_books/cobblepedia/en_us/categories/items.json,False,False,"{ ""name"": ""book.cobblepedia.categories.items"", ""description"": ""book.cobblepedia.categories.items.description"", ""icon"": ""cobblemon:red_apricorn"", ""sortnum"": 5 }"
cobblepedia,FactorMoon\mods\Cobblepedia-NeoForge-0.7.1.jar,assets/cobblepedia/patchouli_books/cobblepedia/en_us/categories/poke_balls.json,False,False,"{ ""name"": ""itemGroup.cobblemon.utility_item"", ""description"": ""book.cobblepedia.categories.poke_balls.description"", ""icon"": ""cobblemon:poke_ball"", ""sortnum"": 2 }"
cobblepedia,FactorMoon\mods\Cobblepedia-NeoForge-0.7.1.jar,assets/cobblepedia/patchouli_books/cobblepedia/en_us/categories/pokemon.json,False,False,"{ ""name"": ""book.cobblepedia.categories.pokemon"", ""description"": ""book.cobblepedia.categories.pokemon.description"", ""icon"": ""cobblemon:pokemon_model[cobblemon:pokemon_item={species:\""cobblemon:pikachu\"", aspects:[]}]"", ""sortnum"": 1 }"
cobblepedia,FactorMoon\mods\Cobblepedia-NeoForge-0.7.1.jar,assets/cobblepedia/patchouli_books/cobblepedia/en_us/categories/structures.json,False,False,"{ ""name"": ""book.cobblepedia.categories.structures.name"", ""description"": ""book.cobblepedia.categories.structures.description"", ""icon"": ""cobblemon:apricorn_door"", ""sortnum"": 7 }"
cobblepedia,FactorMoon\mods\Cobblepedia-NeoForge-0.7.1.jar,assets/cobblepedia/patchouli_books/cobblepedia/en_us/entries/ability_capsule.json,False,False,"{ ""name"": ""item.cobblemon.ability_capsule"", ""category"": ""cobblepedia:items"", ""read_by_default"": true, ""icon"": ""cobblemon:ability_capsule"", ""pages"": [ { ""type"": ""patchouli:spotlight"", ""item"": ""cobblemon:ability_capsule"", ""link_recipe"": true, ""text"": ""book.cobbl"
cobblepedia,FactorMoon\mods\Cobblepedia-NeoForge-0.7.1.jar,assets/cobblepedia/patchouli_books/cobblepedia/en_us/entries/ability_patch.json,False,False,"{ ""name"": ""item.cobblemon.ability_patch"", ""category"": ""cobblepedia:items"", ""read_by_default"": true, ""icon"": ""cobblemon:ability_patch"", ""pages"": [ { ""type"": ""patchouli:spotlight"", ""item"": ""cobblemon:ability_patch"", ""link_recipe"": true, ""text"": ""book.cobblepedia"
cobblepedia,FactorMoon\mods\Cobblepedia-NeoForge-0.7.1.jar,assets/cobblepedia/patchouli_books/cobblepedia/en_us/entries/ability_shield.json,False,False,"{ ""name"": ""item.cobblemon.ability_shield"", ""category"": ""cobblepedia:items"", ""read_by_default"": true, ""icon"": ""cobblemon:ability_shield"", ""pages"": [ { ""type"": ""patchouli:spotlight"", ""item"": ""cobblemon:ability_shield"", ""text"": ""book.cobblepedia.entries.ability_s"
cobblepedia,FactorMoon\mods\Cobblepedia-NeoForge-0.7.1.jar,assets/cobblepedia/patchouli_books/cobblepedia/en_us/entries/absorb_bulb.json,False,False,"{ ""name"": ""item.cobblemon.absorb_bulb"", ""category"": ""cobblepedia:items"", ""read_by_default"": true, ""icon"": ""cobblemon:absorb_bulb"", ""pages"": [ { ""type"": ""patchouli:spotlight"", ""item"": ""cobblemon:absorb_bulb"", ""link_recipe"": true, ""text"": ""book.cobblepedia.entri"
cobblepedia,FactorMoon\mods\Cobblepedia-NeoForge-0.7.1.jar,assets/cobblepedia/patchouli_books/cobblepedia/en_us/entries/adamant_mint.json,False,False,"{ ""name"": ""item.cobblemon.adamant_mint"", ""category"": ""cobblepedia:items"", ""read_by_default"": true, ""icon"": ""cobblemon:adamant_mint"", ""pages"": [ { ""type"": ""patchouli:spotlight"", ""item"": ""cobblemon:adamant_mint"", ""text"": ""book.cobblepedia.entries.adamant_mint.te"
cobblepedia,FactorMoon\mods\Cobblepedia-NeoForge-0.7.1.jar,assets/cobblepedia/patchouli_books/cobblepedia/en_us/entries/aguav_berry.json,False,False,"{ ""name"": ""item.cobblemon.aguav_berry"", ""category"": ""cobblepedia:items"", ""read_by_default"": true, ""icon"": ""cobblemon:aguav_berry"", ""pages"": [ { ""type"": ""cobblepedia:mutated_berry"", ""item"": ""cobblemon:aguav_berry"" }, { ""type"": ""patchouli:text"", ""title"": ""book.c"
cobblepedia,FactorMoon\mods\Cobblepedia-NeoForge-0.7.1.jar,assets/cobblepedia/patchouli_books/cobblepedia/en_us/entries/air_balloon.json,False,False,"{ ""name"": ""item.cobblemon.air_balloon"", ""category"": ""cobblepedia:items"", ""read_by_default"": true, ""icon"": ""cobblemon:air_balloon"", ""pages"": [ { ""type"": ""patchouli:spotlight"", ""item"": ""cobblemon:air_balloon"", ""text"": ""book.cobblepedia.entries.air_balloon.text"" "
cobblepedia,FactorMoon\mods\Cobblepedia-NeoForge-0.7.1.jar,assets/cobblepedia/patchouli_books/cobblepedia/en_us/entries/ancient_azure_ball.json,False,False,"{ ""name"": ""item.cobblemon.ancient_azure_ball"", ""category"": ""cobblepedia:items"", ""read_by_default"": true, ""icon"": ""cobblemon:ancient_azure_ball"", ""pages"": [ { ""type"": ""patchouli:spotlight"", ""item"": ""cobblemon:ancient_azure_ball"", ""text"": ""book.cobblepedia.entri"
cobblepedia,FactorMoon\mods\Cobblepedia-NeoForge-0.7.1.jar,assets/cobblepedia/patchouli_books/cobblepedia/en_us/entries/ancient_azure_rod.json,False,False,"{ ""name"": ""book.cobblepedia.entries.ancient_azure_rod.name"", ""category"": ""cobblepedia:items"", ""read_by_default"": true, ""icon"": ""cobblemon:ancient_azure_rod"", ""pages"": [ { ""type"": ""patchouli:spotlight"", ""item"": ""cobblemon:ancient_azure_rod"", ""text"": ""book.cobbl"
cobblepedia,FactorMoon\mods\Cobblepedia-NeoForge-0.7.1.jar,assets/cobblepedia/patchouli_books/cobblepedia/en_us/entries/ancient_balls.json,False,False,"{ ""name"": ""book.cobblepedia.entries.ancient_balls.name"", ""category"": ""cobblepedia:archaeology"", ""icon"": ""cobblemon:ancient_poke_ball"", ""pages"": [ { ""type"": ""patchouli:spotlight"", ""title"": ""book.cobblepedia.entries.ancient_balls.name"", ""item"": ""tag:cobblemon:an"
cobblepedia,FactorMoon\mods\Cobblepedia-NeoForge-0.7.1.jar,assets/cobblepedia/patchouli_books/cobblepedia/en_us/entries/ancient_citrine_ball.json,False,False,"{ ""name"": ""item.cobblemon.ancient_citrine_ball"", ""category"": ""cobblepedia:items"", ""read_by_default"": true, ""icon"": ""cobblemon:ancient_citrine_ball"", ""pages"": [ { ""type"": ""patchouli:spotlight"", ""item"": ""cobblemon:ancient_citrine_ball"", ""text"": ""book.cobblepedia"
cobblepedia,FactorMoon\mods\Cobblepedia-NeoForge-0.7.1.jar,assets/cobblepedia/patchouli_books/cobblepedia/en_us/entries/ancient_citrine_rod.json,False,False,"{ ""name"": ""book.cobblepedia.entries.ancient_citrine_rod.name"", ""category"": ""cobblepedia:items"", ""read_by_default"": true, ""icon"": ""cobblemon:ancient_citrine_rod"", ""pages"": [ { ""type"": ""patchouli:spotlight"", ""item"": ""cobblemon:ancient_citrine_rod"", ""text"": ""book"
cobblepedia,FactorMoon\mods\Cobblepedia-NeoForge-0.7.1.jar,assets/cobblepedia/patchouli_books/cobblepedia/en_us/entries/ancient_feather_ball.json,False,False,"{ ""name"": ""item.cobblemon.ancient_feather_ball"", ""category"": ""cobblepedia:items"", ""read_by_default"": true, ""icon"": ""cobblemon:ancient_feather_ball"", ""pages"": [ { ""type"": ""patchouli:spotlight"", ""item"": ""cobblemon:ancient_feather_ball"", ""text"": ""book.cobblepedia"
cobblepedia,FactorMoon\mods\Cobblepedia-NeoForge-0.7.1.jar,assets/cobblepedia/patchouli_books/cobblepedia/en_us/entries/ancient_feather_rod.json,False,False,"{ ""name"": ""book.cobblepedia.entries.ancient_feather_rod.name"", ""category"": ""cobblepedia:items"", ""read_by_default"": true, ""icon"": ""cobblemon:ancient_feather_rod"", ""pages"": [ { ""type"": ""patchouli:spotlight"", ""item"": ""cobblemon:ancient_feather_rod"", ""text"": ""book"
cobblepedia,FactorMoon\mods\Cobblepedia-NeoForge-0.7.1.jar,assets/cobblepedia/patchouli_books/cobblepedia/en_us/entries/ancient_gigaton_ball.json,False,False,"{ ""name"": ""item.cobblemon.ancient_gigaton_ball"", ""category"": ""cobblepedia:items"", ""read_by_default"": true, ""icon"": ""cobblemon:ancient_gigaton_ball"", ""pages"": [ { ""type"": ""patchouli:spotlight"", ""item"": ""cobblemon:ancient_gigaton_ball"", ""text"": ""book.cobblepedia"
cobblepedia,FactorMoon\mods\Cobblepedia-NeoForge-0.7.1.jar,assets/cobblepedia/patchouli_books/cobblepedia/en_us/entries/ancient_gigaton_rod.json,False,False,"{ ""name"": ""book.cobblepedia.entries.ancient_gigaton_rod.name"", ""category"": ""cobblepedia:items"", ""read_by_default"": true, ""icon"": ""cobblemon:ancient_gigaton_rod"", ""pages"": [ { ""type"": ""patchouli:spotlight"", ""item"": ""cobblemon:ancient_gigaton_rod"", ""text"": ""book"
cobblepedia,FactorMoon\mods\Cobblepedia-NeoForge-0.7.1.jar,assets/cobblepedia/patchouli_books/cobblepedia/en_us/entries/ancient_great_ball.json,False,False,"{ ""name"": ""item.cobblemon.ancient_great_ball"", ""category"": ""cobblepedia:items"", ""read_by_default"": true, ""icon"": ""cobblemon:ancient_great_ball"", ""pages"": [ { ""type"": ""patchouli:spotlight"", ""item"": ""cobblemon:ancient_great_ball"", ""text"": ""book.cobblepedia.entri"
cobblepedia,FactorMoon\mods\Cobblepedia-NeoForge-0.7.1.jar,assets/cobblepedia/patchouli_books/cobblepedia/en_us/entries/ancient_great_rod.json,False,False,"{ ""name"": ""book.cobblepedia.entries.ancient_great_rod.name"", ""category"": ""cobblepedia:items"", ""read_by_default"": true, ""icon"": ""cobblemon:ancient_great_rod"", ""pages"": [ { ""type"": ""patchouli:spotlight"", ""item"": ""cobblemon:ancient_great_rod"", ""text"": ""book.cobbl"
cobblepedia,FactorMoon\mods\Cobblepedia-NeoForge-0.7.1.jar,assets/cobblepedia/patchouli_books/cobblepedia/en_us/entries/ancient_heavy_ball.json,False,False,"{ ""name"": ""item.cobblemon.ancient_heavy_ball"", ""category"": ""cobblepedia:items"", ""read_by_default"": true, ""icon"": ""cobblemon:ancient_heavy_ball"", ""pages"": [ { ""type"": ""patchouli:spotlight"", ""item"": ""cobblemon:ancient_heavy_ball"", ""text"": ""book.cobblepedia.entri"
cobblepedia,FactorMoon\mods\Cobblepedia-NeoForge-0.7.1.jar,assets/cobblepedia/patchouli_books/cobblepedia/en_us/entries/ancient_heavy_rod.json,False,False,"{ ""name"": ""book.cobblepedia.entries.ancient_heavy_rod.name"", ""category"": ""cobblepedia:items"", ""read_by_default"": true, ""icon"": ""cobblemon:ancient_heavy_rod"", ""pages"": [ { ""type"": ""patchouli:spotlight"", ""item"": ""cobblemon:ancient_heavy_rod"", ""text"": ""book.cobbl"
cobblepedia,FactorMoon\mods\Cobblepedia-NeoForge-0.7.1.jar,assets/cobblepedia/patchouli_books/cobblepedia/en_us/entries/ancient_ivory_ball.json,False,False,"{ ""name"": ""item.cobblemon.ancient_ivory_ball"", ""category"": ""cobblepedia:items"", ""read_by_default"": true, ""icon"": ""cobblemon:ancient_ivory_ball"", ""pages"": [ { ""type"": ""patchouli:spotlight"", ""item"": ""cobblemon:ancient_ivory_ball"", ""text"": ""book.cobblepedia.entri"
cobblepedia,FactorMoon\mods\Cobblepedia-NeoForge-0.7.1.jar,assets/cobblepedia/patchouli_books/cobblepedia/en_us/entries/ancient_ivory_rod.json,False,False,"{ ""name"": ""book.cobblepedia.entries.ancient_ivory_rod.name"", ""category"": ""cobblepedia:items"", ""read_by_default"": true, ""icon"": ""cobblemon:ancient_ivory_rod"", ""pages"": [ { ""type"": ""patchouli:spotlight"", ""item"": ""cobblemon:ancient_ivory_rod"", ""text"": ""book.cobbl"
cobblepedia,FactorMoon\mods\Cobblepedia-NeoForge-0.7.1.jar,assets/cobblepedia/patchouli_books/cobblepedia/en_us/entries/ancient_jet_ball.json,False,False,"{ ""name"": ""item.cobblemon.ancient_jet_ball"", ""category"": ""cobblepedia:items"", ""read_by_default"": true, ""icon"": ""cobblemon:ancient_jet_ball"", ""pages"": [ { ""type"": ""patchouli:spotlight"", ""item"": ""cobblemon:ancient_jet_ball"", ""text"": ""book.cobblepedia.entries.anc"
cobblepedia,FactorMoon\mods\Cobblepedia-NeoForge-0.7.1.jar,assets/cobblepedia/patchouli_books/cobblepedia/en_us/entries/ancient_jet_rod.json,False,False,"{ ""name"": ""book.cobblepedia.entries.ancient_jet_rod.name"", ""category"": ""cobblepedia:items"", ""read_by_default"": true, ""icon"": ""cobblemon:ancient_jet_rod"", ""pages"": [ { ""type"": ""patchouli:spotlight"", ""item"": ""cobblemon:ancient_jet_rod"", ""text"": ""book.cobblepedia"
cobblepedia,FactorMoon\mods\Cobblepedia-NeoForge-0.7.1.jar,assets/cobblepedia/patchouli_books/cobblepedia/en_us/entries/ancient_leaden_ball.json,False,False,"{ ""name"": ""item.cobblemon.ancient_leaden_ball"", ""category"": ""cobblepedia:items"", ""read_by_default"": true, ""icon"": ""cobblemon:ancient_leaden_ball"", ""pages"": [ { ""type"": ""patchouli:spotlight"", ""item"": ""cobblemon:ancient_leaden_ball"", ""text"": ""book.cobblepedia.en"
cobblepedia,FactorMoon\mods\Cobblepedia-NeoForge-0.7.1.jar,assets/cobblepedia/patchouli_books/cobblepedia/en_us/entries/ancient_leaden_rod.json,False,False,"{ ""name"": ""book.cobblepedia.entries.ancient_leaden_rod.name"", ""category"": ""cobblepedia:items"", ""read_by_default"": true, ""icon"": ""cobblemon:ancient_leaden_rod"", ""pages"": [ { ""type"": ""patchouli:spotlight"", ""item"": ""cobblemon:ancient_leaden_rod"", ""text"": ""book.co"
cobblepedia,FactorMoon\mods\Cobblepedia-NeoForge-0.7.1.jar,assets/cobblepedia/patchouli_books/cobblepedia/en_us/entries/ancient_origin_ball.json,False,False,"{ ""name"": ""item.cobblemon.ancient_origin_ball"", ""category"": ""cobblepedia:items"", ""read_by_default"": true, ""icon"": ""cobblemon:ancient_origin_ball"", ""pages"": [ { ""type"": ""patchouli:spotlight"", ""item"": ""cobblemon:ancient_origin_ball"", ""link_recipe"": true, ""text"":"
cobblepedia,FactorMoon\mods\Cobblepedia-NeoForge-0.7.1.jar,assets/cobblepedia/patchouli_books/cobblepedia/en_us/entries/ancient_origin_rod.json,False,False,"{ ""name"": ""book.cobblepedia.entries.ancient_origin_rod.name"", ""category"": ""cobblepedia:items"", ""read_by_default"": true, ""icon"": ""cobblemon:ancient_origin_rod"", ""pages"": [ { ""type"": ""patchouli:spotlight"", ""item"": ""cobblemon:ancient_origin_rod"", ""text"": ""book.co"
cobblepedia,FactorMoon\mods\Cobblepedia-NeoForge-0.7.1.jar,assets/cobblepedia/patchouli_books/cobblepedia/en_us/entries/ancient_poke_ball.json,False,False,"{ ""name"": ""item.cobblemon.ancient_poke_ball"", ""category"": ""cobblepedia:items"", ""read_by_default"": true, ""icon"": ""cobblemon:ancient_poke_ball"", ""pages"": [ { ""type"": ""patchouli:spotlight"", ""item"": ""cobblemon:ancient_poke_ball"", ""text"": ""book.cobblepedia.entries."
cobblepedia,FactorMoon\mods\Cobblepedia-NeoForge-0.7.1.jar,assets/cobblepedia/patchouli_books/cobblepedia/en_us/entries/ancient_poke_rod.json,False,False,"{ ""name"": ""book.cobblepedia.entries.ancient_poke_rod.name"", ""category"": ""cobblepedia:items"", ""read_by_default"": true, ""icon"": ""cobblemon:ancient_poke_rod"", ""pages"": [ { ""type"": ""patchouli:spotlight"", ""item"": ""cobblemon:ancient_poke_rod"", ""text"": ""book.cobblepe"
cobblepedia,FactorMoon\mods\Cobblepedia-NeoForge-0.7.1.jar,assets/cobblepedia/patchouli_books/cobblepedia/en_us/entries/ancient_roseate_ball.json,False,False,"{ ""name"": ""item.cobblemon.ancient_roseate_ball"", ""category"": ""cobblepedia:items"", ""read_by_default"": true, ""icon"": ""cobblemon:ancient_roseate_ball"", ""pages"": [ { ""type"": ""patchouli:spotlight"", ""item"": ""cobblemon:ancient_roseate_ball"", ""text"": ""book.cobblepedia"
cobblepedia,FactorMoon\mods\Cobblepedia-NeoForge-0.7.1.jar,assets/cobblepedia/patchouli_books/cobblepedia/en_us/entries/ancient_roseate_rod.json,False,False,"{ ""name"": ""book.cobblepedia.entries.ancient_roseate_rod.name"", ""category"": ""cobblepedia:items"", ""read_by_default"": true, ""icon"": ""cobblemon:ancient_roseate_rod"", ""pages"": [ { ""type"": ""patchouli:spotlight"", ""item"": ""cobblemon:ancient_roseate_rod"", ""text"": ""book"
cobblepedia,FactorMoon\mods\Cobblepedia-NeoForge-0.7.1.jar,assets/cobblepedia/patchouli_books/cobblepedia/en_us/entries/ancient_slate_ball.json,False,False,"{ ""name"": ""item.cobblemon.ancient_slate_ball"", ""category"": ""cobblepedia:items"", ""read_by_default"": true, ""icon"": ""cobblemon:ancient_slate_ball"", ""pages"": [ { ""type"": ""patchouli:spotlight"", ""item"": ""cobblemon:ancient_slate_ball"", ""text"": ""book.cobblepedia.entri"
cobblepedia,FactorMoon\mods\Cobblepedia-NeoForge-0.7.1.jar,assets/cobblepedia/patchouli_books/cobblepedia/en_us/entries/ancient_slate_rod.json,False,False,"{ ""name"": ""book.cobblepedia.entries.ancient_slate_rod.name"", ""category"": ""cobblepedia:items"", ""read_by_default"": true, ""icon"": ""cobblemon:ancient_slate_rod"", ""pages"": [ { ""type"": ""patchouli:spotlight"", ""item"": ""cobblemon:ancient_slate_rod"", ""text"": ""book.cobbl"
cobblepedia,FactorMoon\mods\Cobblepedia-NeoForge-0.7.1.jar,assets/cobblepedia/patchouli_books/cobblepedia/en_us/entries/ancient_ultra_ball.json,False,False,"{ ""name"": ""item.cobblemon.ancient_ultra_ball"", ""category"": ""cobblepedia:items"", ""read_by_default"": true, ""icon"": ""cobblemon:ancient_ultra_ball"", ""pages"": [ { ""type"": ""patchouli:spotlight"", ""item"": ""cobblemon:ancient_ultra_ball"", ""text"": ""book.cobblepedia.entri"
cobblepedia,FactorMoon\mods\Cobblepedia-NeoForge-0.7.1.jar,assets/cobblepedia/patchouli_books/cobblepedia/en_us/entries/ancient_ultra_rod.json,False,False,"{ ""name"": ""book.cobblepedia.entries.ancient_ultra_rod.name"", ""category"": ""cobblepedia:items"", ""read_by_default"": true, ""icon"": ""cobblemon:ancient_ultra_rod"", ""pages"": [ { ""type"": ""patchouli:spotlight"", ""item"": ""cobblemon:ancient_ultra_rod"", ""text"": ""book.cobbl"
cobblepedia,FactorMoon\mods\Cobblepedia-NeoForge-0.7.1.jar,assets/cobblepedia/patchouli_books/cobblepedia/en_us/entries/ancient_verdant_ball.json,False,False,"{ ""name"": ""item.cobblemon.ancient_verdant_ball"", ""category"": ""cobblepedia:items"", ""read_by_default"": true, ""icon"": ""cobblemon:ancient_verdant_ball"", ""pages"": [ { ""type"": ""patchouli:spotlight"", ""item"": ""cobblemon:ancient_verdant_ball"", ""text"": ""book.cobblepedia"
cobblepedia,FactorMoon\mods\Cobblepedia-NeoForge-0.7.1.jar,assets/cobblepedia/patchouli_books/cobblepedia/en_us/entries/ancient_verdant_rod.json,False,False,"{ ""name"": ""book.cobblepedia.entries.ancient_verdant_rod.name"", ""category"": ""cobblepedia:items"", ""read_by_default"": true, ""icon"": ""cobblemon:ancient_verdant_rod"", ""pages"": [ { ""type"": ""patchouli:spotlight"", ""item"": ""cobblemon:ancient_verdant_rod"", ""text"": ""book"
cobblepedia,FactorMoon\mods\Cobblepedia-NeoForge-0.7.1.jar,assets/cobblepedia/patchouli_books/cobblepedia/en_us/entries/ancient_wing_ball.json,False,False,"{ ""name"": ""item.cobblemon.ancient_wing_ball"", ""category"": ""cobblepedia:items"", ""read_by_default"": true, ""icon"": ""cobblemon:ancient_wing_ball"", ""pages"": [ { ""type"": ""patchouli:spotlight"", ""item"": ""cobblemon:ancient_wing_ball"", ""text"": ""book.cobblepedia.entries."
cobblepedia,FactorMoon\mods\Cobblepedia-NeoForge-0.7.1.jar,assets/cobblepedia/patchouli_books/cobblepedia/en_us/entries/ancient_wing_rod.json,False,False,"{ ""name"": ""book.cobblepedia.entries.ancient_wing_rod.name"", ""category"": ""cobblepedia:items"", ""read_by_default"": true, ""icon"": ""cobblemon:ancient_wing_rod"", ""pages"": [ { ""type"": ""patchouli:spotlight"", ""item"": ""cobblemon:ancient_wing_rod"", ""text"": ""book.cobblepe"
cobblepedia,FactorMoon\mods\Cobblepedia-NeoForge-0.7.1.jar,assets/cobblepedia/patchouli_books/cobblepedia/en_us/entries/antidote.json,False,False,"{ ""name"": ""item.cobblemon.antidote"", ""category"": ""cobblepedia:items"", ""read_by_default"": true, ""icon"": ""cobblemon:antidote"", ""pages"": [ { ""type"": ""patchouli:spotlight"", ""item"": ""cobblemon:antidote"", ""text"": ""book.cobblepedia.entries.antidote.text"" }, { ""type"":"
cobblepedia,FactorMoon\mods\Cobblepedia-NeoForge-0.7.1.jar,assets/cobblepedia/patchouli_books/cobblepedia/en_us/entries/apicot_berry.json,False,False,"{ ""name"": ""item.cobblemon.apicot_berry"", ""category"": ""cobblepedia:items"", ""read_by_default"": true, ""icon"": ""cobblemon:apicot_berry"", ""pages"": [ { ""type"": ""cobblepedia:mutated_berry"", ""item"": ""cobblemon:apicot_berry"" }, { ""type"": ""patchouli:text"", ""title"": ""boo"
cobblepedia,FactorMoon\mods\Cobblepedia-NeoForge-0.7.1.jar,assets/cobblepedia/patchouli_books/cobblepedia/en_us/entries/apricorn.json,False,False,"{ ""name"": ""book.cobblepedia.entries.apricorn"", ""category"": ""cobblepedia:agriculture"", ""icon"": ""cobblemon:red_apricorn"", ""turnin"": ""cobblemon:harvest_apricorn"", ""pages"": [ { ""type"": ""patchouli:spotlight"", ""title"": ""book.cobblepedia.entries.apricorn"", ""item"": ""t"
cobblepedia,FactorMoon\mods\Cobblepedia-NeoForge-0.7.1.jar,assets/cobblepedia/patchouli_books/cobblepedia/en_us/entries/apricorn_balls.json,False,False,"{ ""name"": ""book.cobblepedia.entries.apricorn_balls"", ""category"": ""cobblepedia:poke_balls"", ""icon"": ""cobblemon:fast_ball"", ""sortnum"": 2, ""pages"": [ { ""type"": ""patchouli:spotlight"", ""title"": ""book.cobblepedia.entries.apricorn_balls"", ""item"": ""tag:cobblemon:apric"
cobblepedia,FactorMoon\mods\Cobblepedia-NeoForge-0.7.1.jar,assets/cobblepedia/patchouli_books/cobblepedia/en_us/entries/apricorn_boat.json,False,False,"{ ""name"": ""item.cobblemon.apricorn_boat"", ""category"": ""cobblepedia:items"", ""read_by_default"": true, ""icon"": ""cobblemon:apricorn_boat"", ""pages"": [ { ""type"": ""patchouli:spotlight"", ""item"": ""cobblemon:apricorn_boat"", ""title"": ""item.cobblemon.apricorn_boat"", ""text"
cobblepedia,FactorMoon\mods\Cobblepedia-NeoForge-0.7.1.jar,assets/cobblepedia/patchouli_books/cobblepedia/en_us/entries/apricorn_button.json,False,False,"{ ""name"": ""block.cobblemon.apricorn_button"", ""category"": ""cobblepedia:items"", ""read_by_default"": true, ""icon"": ""cobblemon:apricorn_button"", ""pages"": [ { ""type"": ""patchouli:spotlight"", ""item"": ""cobblemon:apricorn_button"", ""title"": ""block.cobblemon.apricorn_butt"
cobblepedia,FactorMoon\mods\Cobblepedia-NeoForge-0.7.1.jar,assets/cobblepedia/patchouli_books/cobblepedia/en_us/entries/apricorn_chest_boat.json,False,False,"{ ""name"": ""item.cobblemon.apricorn_chest_boat"", ""category"": ""cobblepedia:items"", ""read_by_default"": true, ""icon"": ""cobblemon:apricorn_chest_boat"", ""pages"": [ { ""type"": ""patchouli:spotlight"", ""item"": ""cobblemon:apricorn_chest_boat"", ""title"": ""item.cobblemon.apr"
cobblepedia,FactorMoon\mods\Cobblepedia-NeoForge-0.7.1.jar,assets/cobblepedia/patchouli_books/cobblepedia/en_us/entries/apricorn_door.json,False,False,"{ ""name"": ""block.cobblemon.apricorn_door"", ""category"": ""cobblepedia:items"", ""read_by_default"": true, ""icon"": ""cobblemon:apricorn_door"", ""pages"": [ { ""type"": ""patchouli:spotlight"", ""item"": ""cobblemon:apricorn_door"", ""title"": ""block.cobblemon.apricorn_door"", ""te"
cobblepedia,FactorMoon\mods\Cobblepedia-NeoForge-0.7.1.jar,assets/cobblepedia/patchouli_books/cobblepedia/en_us/entries/apricorn_fence.json,False,False,"{ ""name"": ""block.cobblemon.apricorn_fence"", ""category"": ""cobblepedia:items"", ""read_by_default"": true, ""icon"": ""cobblemon:apricorn_fence"", ""pages"": [ { ""type"": ""patchouli:spotlight"", ""item"": ""cobblemon:apricorn_fence"", ""title"": ""block.cobblemon.apricorn_fence"","
cobblepedia,FactorMoon\mods\Cobblepedia-NeoForge-0.7.1.jar,assets/cobblepedia/patchouli_books/cobblepedia/en_us/entries/apricorn_fence_gate.json,False,False,"{ ""name"": ""block.cobblemon.apricorn_fence_gate"", ""category"": ""cobblepedia:items"", ""read_by_default"": true, ""icon"": ""cobblemon:apricorn_fence_gate"", ""pages"": [ { ""type"": ""patchouli:spotlight"", ""item"": ""cobblemon:apricorn_fence_gate"", ""title"": ""block.cobblemon.a"
cobblepedia,FactorMoon\mods\Cobblepedia-NeoForge-0.7.1.jar,assets/cobblepedia/patchouli_books/cobblepedia/en_us/entries/apricorn_hanging_sign.json,False,False,"{ ""name"": ""block.cobblemon.apricorn_hanging_sign"", ""category"": ""cobblepedia:items"", ""read_by_default"": true, ""icon"": ""cobblemon:apricorn_hanging_sign"", ""pages"": [ { ""type"": ""patchouli:spotlight"", ""item"": ""cobblemon:apricorn_hanging_sign"", ""title"": ""block.cobbl"
cobblepedia,FactorMoon\mods\Cobblepedia-NeoForge-0.7.1.jar,assets/cobblepedia/patchouli_books/cobblepedia/en_us/entries/apricorn_leaves.json,False,False,"{ ""name"": ""block.cobblemon.apricorn_leaves"", ""category"": ""cobblepedia:items"", ""read_by_default"": true, ""icon"": ""cobblemon:apricorn_leaves"", ""pages"": [ { ""type"": ""patchouli:spotlight"", ""item"": ""cobblemon:apricorn_leaves"", ""link_recipe"": true, ""title"": ""block.co"
cobblepedia,FactorMoon\mods\Cobblepedia-NeoForge-0.7.1.jar,assets/cobblepedia/patchouli_books/cobblepedia/en_us/entries/apricorn_log.json,False,False,"{ ""name"": ""block.cobblemon.apricorn_log"", ""category"": ""cobblepedia:items"", ""read_by_default"": true, ""icon"": ""cobblemon:apricorn_log"", ""pages"": [ { ""type"": ""patchouli:spotlight"", ""item"": ""cobblemon:apricorn_log"", ""link_recipe"": true, ""title"": ""block.cobblemon.a"
cobblepedia,FactorMoon\mods\Cobblepedia-NeoForge-0.7.1.jar,assets/cobblepedia/patchouli_books/cobblepedia/en_us/entries/apricorn_planks.json,False,False,"{ ""name"": ""block.cobblemon.apricorn_planks"", ""category"": ""cobblepedia:items"", ""read_by_default"": true, ""icon"": ""cobblemon:apricorn_planks"", ""pages"": [ { ""type"": ""patchouli:spotlight"", ""item"": ""cobblemon:apricorn_planks"", ""title"": ""block.cobblemon.apricorn_plan"
cobblepedia,FactorMoon\mods\Cobblepedia-NeoForge-0.7.1.jar,assets/cobblepedia/patchouli_books/cobblepedia/en_us/entries/apricorn_pressure_plate.json,False,False,"{ ""name"": ""block.cobblemon.apricorn_pressure_plate"", ""category"": ""cobblepedia:items"", ""read_by_default"": true, ""icon"": ""cobblemon:apricorn_pressure_plate"", ""pages"": [ { ""type"": ""patchouli:spotlight"", ""item"": ""cobblemon:apricorn_pressure_plate"", ""title"": ""block"
cobblepedia,FactorMoon\mods\Cobblepedia-NeoForge-0.7.1.jar,assets/cobblepedia/patchouli_books/cobblepedia/en_us/entries/apricorn_seed.json,False,False,"{ ""name"": ""book.cobblepedia.entries.apricorn_seed"", ""category"": ""cobblepedia:agriculture"", ""icon"": ""cobblemon:red_apricorn_seed"", ""pages"": [ { ""type"": ""patchouli:spotlight"", ""title"": ""book.cobblepedia.entries.apricorn_seed"", ""item"": ""tag:cobblemon:apricorn_spr"
cobblepedia,FactorMoon\mods\Cobblepedia-NeoForge-0.7.1.jar,assets/cobblepedia/patchouli_books/cobblepedia/en_us/entries/apricorn_set.json,False,False,"{ ""name"": ""book.cobblepedia.entries.apricorn_set"", ""category"": ""cobblepedia:items"", ""icon"": ""cobblemon:apricorn_log"", ""pages"": [ { ""type"": ""patchouli:text"", ""text"": ""book.cobblepedia.entries.apricorn_set.text"" }, { ""type"": ""patchouli:relations"", ""entries"": [ """
cobblepedia,FactorMoon\mods\Cobblepedia-NeoForge-0.7.1.jar,assets/cobblepedia/patchouli_books/cobblepedia/en_us/entries/apricorn_sign.json,False,False,"{ ""name"": ""block.cobblemon.apricorn_sign"", ""category"": ""cobblepedia:items"", ""read_by_default"": true, ""icon"": ""cobblemon:apricorn_sign"", ""pages"": [ { ""type"": ""patchouli:spotlight"", ""item"": ""cobblemon:apricorn_sign"", ""title"": ""block.cobblemon.apricorn_sign"", ""te"
cobblepedia,FactorMoon\mods\Cobblepedia-NeoForge-0.7.1.jar,assets/cobblepedia/patchouli_books/cobblepedia/en_us/entries/apricorn_slab.json,False,False,"{ ""name"": ""block.cobblemon.apricorn_slab"", ""category"": ""cobblepedia:items"", ""read_by_default"": true, ""icon"": ""cobblemon:apricorn_slab"", ""pages"": [ { ""type"": ""patchouli:spotlight"", ""item"": ""cobblemon:apricorn_slab"", ""title"": ""block.cobblemon.apricorn_slab"", ""te"
cobblepedia,FactorMoon\mods\Cobblepedia-NeoForge-0.7.1.jar,assets/cobblepedia/patchouli_books/cobblepedia/en_us/entries/apricorn_stairs.json,False,False,"{ ""name"": ""block.cobblemon.apricorn_stairs"", ""category"": ""cobblepedia:items"", ""read_by_default"": true, ""icon"": ""cobblemon:apricorn_stairs"", ""pages"": [ { ""type"": ""patchouli:spotlight"", ""item"": ""cobblemon:apricorn_stairs"", ""title"": ""block.cobblemon.apricorn_stai"
cobblepedia,FactorMoon\mods\Cobblepedia-NeoForge-0.7.1.jar,assets/cobblepedia/patchouli_books/cobblepedia/en_us/entries/apricorn_trapdoor.json,False,False,"{ ""name"": ""block.cobblemon.apricorn_trapdoor"", ""category"": ""cobblepedia:items"", ""read_by_default"": true, ""icon"": ""cobblemon:apricorn_trapdoor"", ""pages"": [ { ""type"": ""patchouli:spotlight"", ""item"": ""cobblemon:apricorn_trapdoor"", ""title"": ""block.cobblemon.apricor"
cobblepedia,FactorMoon\mods\Cobblepedia-NeoForge-0.7.1.jar,assets/cobblepedia/patchouli_books/cobblepedia/en_us/entries/apricorn_tree.json,False,False,"{ ""name"": ""book.cobblepedia.entries.apricorn_tree"", ""category"": ""cobblepedia:agriculture"", ""icon"": ""cobblemon:green_apricorn_seed"", ""pages"": [ { ""type"": ""patchouli:text"", ""text"": ""book.cobblepedia.entries.apricorn_tree.text"" }, { ""type"": ""patchouli:image"", ""bo"
cobblepedia,FactorMoon\mods\Cobblepedia-NeoForge-0.7.1.jar,assets/cobblepedia/patchouli_books/cobblepedia/en_us/entries/apricorn_wood.json,False,False,"{ ""name"": ""block.cobblemon.apricorn_wood"", ""category"": ""cobblepedia:items"", ""read_by_default"": true, ""icon"": ""cobblemon:apricorn_wood"", ""pages"": [ { ""type"": ""patchouli:spotlight"", ""item"": ""cobblemon:apricorn_wood"", ""title"": ""block.cobblemon.apricorn_wood"", ""te"
cobblepedia,FactorMoon\mods\Cobblepedia-NeoForge-0.7.1.jar,assets/cobblepedia/patchouli_books/cobblepedia/en_us/entries/armor_fossil.json,False,False,"{ ""name"": ""item.cobblemon.armor_fossil"", ""category"": ""cobblepedia:items"", ""read_by_default"": true, ""icon"": ""cobblemon:armor_fossil"", ""pages"": [ { ""type"": ""patchouli:spotlight"", ""title"": ""item.cobblemon.armor_fossil"", ""item"": ""cobblemon:armor_fossil"", ""link_rec"
cobblepedia,FactorMoon\mods\Cobblepedia-NeoForge-0.7.1.jar,assets/cobblepedia/patchouli_books/cobblepedia/en_us/entries/aspear_berry.json,False,False,"{ ""name"": ""item.cobblemon.aspear_berry"", ""category"": ""cobblepedia:items"", ""read_by_default"": true, ""icon"": ""cobblemon:aspear_berry"", ""pages"": [ { ""type"": ""cobblepedia:natural_berry"", ""item"": ""cobblemon:aspear_berry"" }, { ""type"": ""patchouli:text"", ""title"": ""boo"
cobblepedia,FactorMoon\mods\Cobblepedia-NeoForge-0.7.1.jar,assets/cobblepedia/patchouli_books/cobblepedia/en_us/entries/assault_vest.json,False,False,"{ ""name"": ""item.cobblemon.assault_vest"", ""category"": ""cobblepedia:items"", ""read_by_default"": true, ""icon"": ""cobblemon:assault_vest"", ""pages"": [ { ""type"": ""patchouli:spotlight"", ""item"": ""cobblemon:assault_vest"", ""text"": ""book.cobblepedia.entries.assault_vest.te"
cobblepedia,FactorMoon\mods\Cobblepedia-NeoForge-0.7.1.jar,assets/cobblepedia/patchouli_books/cobblepedia/en_us/entries/auspicious_armor.json,False,False,"{ ""name"": ""item.cobblemon.auspicious_armor"", ""category"": ""cobblepedia:items"", ""read_by_default"": true, ""icon"": ""cobblemon:auspicious_armor"", ""pages"": [ { ""type"": ""patchouli:spotlight"", ""item"": ""cobblemon:auspicious_armor"", ""link_recipe"": true, ""text"": ""book.co"
cobblepedia,FactorMoon\mods\Cobblepedia-NeoForge-0.7.1.jar,assets/cobblepedia/patchouli_books/cobblepedia/en_us/entries/automaton_armor_trim_smithing_template.json,False,False,"{ ""name"": ""trim_pattern.cobblemon.automaton"", ""category"": ""cobblepedia:items"", ""read_by_default"": true, ""icon"": ""cobblemon:automaton_armor_trim_smithing_template"", ""pages"": [ { ""type"": ""patchouli:spotlight"", ""title"": ""trim_pattern.cobblemon.automaton"", ""item"":"
cobblepedia,FactorMoon\mods\Cobblepedia-NeoForge-0.7.1.jar,assets/cobblepedia/patchouli_books/cobblepedia/en_us/entries/awakening.json,False,False,"{ ""name"": ""item.cobblemon.awakening"", ""category"": ""cobblepedia:items"", ""read_by_default"": true, ""icon"": ""cobblemon:awakening"", ""pages"": [ { ""type"": ""patchouli:spotlight"", ""item"": ""cobblemon:awakening"", ""text"": ""book.cobblepedia.entries.awakening.text"" }, { ""ty"
cobblepedia,FactorMoon\mods\Cobblepedia-NeoForge-0.7.1.jar,assets/cobblepedia/patchouli_books/cobblepedia/en_us/entries/azure_ball.json,False,False,"{ ""name"": ""item.cobblemon.azure_ball"", ""category"": ""cobblepedia:items"", ""read_by_default"": true, ""icon"": ""cobblemon:azure_ball"", ""pages"": [ { ""type"": ""patchouli:spotlight"", ""item"": ""cobblemon:azure_ball"", ""text"": ""book.cobblepedia.entries.azure_ball.text"" }, {"
cobblepedia,FactorMoon\mods\Cobblepedia-NeoForge-0.7.1.jar,assets/cobblepedia/patchouli_books/cobblepedia/en_us/entries/azure_rod.json,False,False,"{ ""name"": ""book.cobblepedia.entries.azure_rod.name"", ""category"": ""cobblepedia:items"", ""read_by_default"": true, ""icon"": ""cobblemon:azure_rod"", ""pages"": [ { ""type"": ""patchouli:spotlight"", ""item"": ""cobblemon:azure_rod"", ""text"": ""book.cobblepedia.entries.azure_rod"
cobblepedia,FactorMoon\mods\Cobblepedia-NeoForge-0.7.1.jar,assets/cobblepedia/patchouli_books/cobblepedia/en_us/entries/babiri_berry.json,False,False,"{ ""name"": ""item.cobblemon.babiri_berry"", ""category"": ""cobblepedia:items"", ""read_by_default"": true, ""icon"": ""cobblemon:babiri_berry"", ""pages"": [ { ""type"": ""cobblepedia:natural_berry"", ""item"": ""cobblemon:babiri_berry"" }, { ""type"": ""patchouli:text"", ""title"": ""boo"
cobblepedia,FactorMoon\mods\Cobblepedia-NeoForge-0.7.1.jar,assets/cobblepedia/patchouli_books/cobblepedia/en_us/entries/basic_balls.json,False,False,"{ ""name"": ""book.cobblepedia.entries.basic_balls"", ""category"": ""cobblepedia:poke_balls"", ""icon"": ""cobblemon:citrine_ball"", ""sortnum"": 1, ""pages"": [ { ""type"": ""patchouli:spotlight"", ""title"": ""book.cobblepedia.entries.basic_balls"", ""item"": ""tag:cobblepedia:basic_"
cobblepedia,FactorMoon\mods\Cobblepedia-NeoForge-0.7.1.jar,assets/cobblepedia/patchouli_books/cobblepedia/en_us/entries/battling.json,False,False,"{ ""name"": ""book.cobblepedia.entries.battling"", ""category"": ""cobblepedia:getting_started"", ""icon"": ""cobblemon:razor_fang"", ""pages"": [ { ""type"": ""patchouli:text"", ""text"": ""book.cobblepedia.entries.battling.text"" }, { ""type"": ""patchouli:image"", ""border"": true, ""t"
cobblepedia,FactorMoon\mods\Cobblepedia-NeoForge-0.7.1.jar,assets/cobblepedia/patchouli_books/cobblepedia/en_us/entries/battling_players.json,False,False,"{ ""name"": ""book.cobblepedia.entries.battling_players"", ""category"": ""cobblepedia:getting_started"", ""icon"": ""cobblemon:dragon_fang"", ""pages"": [ { ""type"": ""patchouli:text"", ""text"": ""book.cobblepedia.entries.battling_players.text"" }, { ""type"": ""patchouli:text"", ""t"
cobblepedia,FactorMoon\mods\Cobblepedia-NeoForge-0.7.1.jar,assets/cobblepedia/patchouli_books/cobblepedia/en_us/entries/beast_ball.json,False,False,"{ ""name"": ""item.cobblemon.beast_ball"", ""category"": ""cobblepedia:items"", ""read_by_default"": true, ""icon"": ""cobblemon:beast_ball"", ""pages"": [ { ""type"": ""patchouli:spotlight"", ""item"": ""cobblemon:beast_ball"", ""text"": ""book.cobblepedia.entries.beast_ball.text"" }, {"
cobblepedia,FactorMoon\mods\Cobblepedia-NeoForge-0.7.1.jar,assets/cobblepedia/patchouli_books/cobblepedia/en_us/entries/beast_rod.json,False,False,"{ ""name"": ""book.cobblepedia.entries.beast_rod.name"", ""category"": ""cobblepedia:items"", ""read_by_default"": true, ""icon"": ""cobblemon:beast_rod"", ""pages"": [ { ""type"": ""patchouli:spotlight"", ""item"": ""cobblemon:beast_rod"", ""text"": ""book.cobblepedia.entries.beast_rod"
cobblepedia,FactorMoon\mods\Cobblepedia-NeoForge-0.7.1.jar,assets/cobblepedia/patchouli_books/cobblepedia/en_us/entries/belue_berry.json,False,False,"{ ""name"": ""item.cobblemon.belue_berry"", ""category"": ""cobblepedia:items"", ""read_by_default"": true, ""icon"": ""cobblemon:belue_berry"", ""pages"": [ { ""type"": ""cobblepedia:mutated_berry"", ""item"": ""cobblemon:belue_berry"" }, { ""type"": ""patchouli:text"", ""title"": ""book.c"
cobblepedia,FactorMoon\mods\Cobblepedia-NeoForge-0.7.1.jar,assets/cobblepedia/patchouli_books/cobblepedia/en_us/entries/berry.json,False,False,"{ ""name"": ""book.cobblepedia.entries.berry"", ""category"": ""cobblepedia:agriculture"", ""icon"": ""cobblemon:oran_berry"", ""turnin"": ""cobblemon:obtain_berry"", ""pages"": [ { ""type"": ""patchouli:spotlight"", ""title"": ""book.cobblepedia.entries.berry"", ""item"": ""tag:cobblemon"
cobblepedia,FactorMoon\mods\Cobblepedia-NeoForge-0.7.1.jar,assets/cobblepedia/patchouli_books/cobblepedia/en_us/entries/berry_juice.json,False,False,"{ ""name"": ""item.cobblemon.berry_juice"", ""category"": ""cobblepedia:items"", ""read_by_default"": true, ""icon"": ""cobblemon:berry_juice"", ""pages"": [ { ""type"": ""patchouli:spotlight"", ""item"": ""cobblemon:berry_juice"", ""text"": ""book.cobblepedia.entries.berry_juice.text"" "
cobblepedia,FactorMoon\mods\Cobblepedia-NeoForge-0.7.1.jar,assets/cobblepedia/patchouli_books/cobblepedia/en_us/entries/berry_mutating.json,False,False,"{ ""name"": ""book.cobblepedia.entries.berry_mutating"", ""category"": ""cobblepedia:getting_started"", ""icon"": ""cobblemon:surprise_mulch"", ""pages"": [ { ""type"": ""patchouli:text"", ""text"": ""book.cobblepedia.entries.berry_mutating.text"" }, { ""type"": ""patchouli:link"", ""ti"
cobblepedia,FactorMoon\mods\Cobblepedia-NeoForge-0.7.1.jar,assets/cobblepedia/patchouli_books/cobblepedia/en_us/entries/berry_sweet.json,False,False,"{ ""name"": ""item.cobblemon.berry_sweet"", ""category"": ""cobblepedia:items"", ""read_by_default"": true, ""icon"": ""cobblemon:berry_sweet"", ""pages"": [ { ""type"": ""patchouli:spotlight"", ""item"": ""cobblemon:berry_sweet"", ""title"": ""item.cobblemon.berry_sweet"", ""text"": ""book"
cobblepedia,FactorMoon\mods\Cobblepedia-NeoForge-0.7.1.jar,assets/cobblepedia/patchouli_books/cobblepedia/en_us/entries/berry_tree.json,False,False,"{ ""name"": ""book.cobblepedia.entries.berry_tree"", ""category"": ""cobblepedia:agriculture"", ""icon"": ""cobblemon:growth_mulch"", ""pages"": [ { ""type"": ""patchouli:text"", ""text"": ""book.cobblepedia.entries.berry_tree.text"" }, { ""type"": ""patchouli:text"", ""text"": ""book.cob"
cobblepedia,FactorMoon\mods\Cobblepedia-NeoForge-0.7.1.jar,assets/cobblepedia/patchouli_books/cobblepedia/en_us/entries/big_root.json,False,False,"{ ""name"": ""block.cobblemon.big_root"", ""category"": ""cobblepedia:items"", ""read_by_default"": true, ""icon"": ""cobblemon:big_root"", ""pages"": [ { ""type"": ""patchouli:spotlight"", ""item"": ""cobblemon:big_root"", ""link_recipe"": true, ""text"": ""book.cobblepedia.entries.big_r"
cobblepedia,FactorMoon\mods\Cobblepedia-NeoForge-0.7.1.jar,assets/cobblepedia/patchouli_books/cobblepedia/en_us/entries/binding_band.json,False,False,"{ ""name"": ""item.cobblemon.binding_band"", ""category"": ""cobblepedia:items"", ""read_by_default"": true, ""icon"": ""cobblemon:binding_band"", ""pages"": [ { ""type"": ""patchouli:spotlight"", ""item"": ""cobblemon:binding_band"", ""text"": ""book.cobblepedia.entries.binding_band.te"
cobblepedia,FactorMoon\mods\Cobblepedia-NeoForge-0.7.1.jar,assets/cobblepedia/patchouli_books/cobblepedia/en_us/entries/black_apricorn.json,False,False,"{ ""name"": ""item.cobblemon.black_apricorn"", ""category"": ""cobblepedia:items"", ""read_by_default"": true, ""icon"": ""cobblemon:black_apricorn"", ""pages"": [ { ""type"": ""patchouli:spotlight"", ""item"": ""cobblemon:black_apricorn"", ""link_recipe"": true, ""title"": ""item.cobblem"
cobblepedia,FactorMoon\mods\Cobblepedia-NeoForge-0.7.1.jar,assets/cobblepedia/patchouli_books/cobblepedia/en_us/entries/black_apricorn_seed.json,False,False,"{ ""name"": ""item.cobblemon.black_apricorn_seed"", ""category"": ""cobblepedia:items"", ""read_by_default"": true, ""icon"": ""cobblemon:black_apricorn_seed"", ""pages"": [ { ""type"": ""patchouli:spotlight"", ""item"": ""cobblemon:black_apricorn_seed"", ""link_recipe"": true, ""title"""
cobblepedia,FactorMoon\mods\Cobblepedia-NeoForge-0.7.1.jar,assets/cobblepedia/patchouli_books/cobblepedia/en_us/entries/black_augurite.json,False,False,"{ ""name"": ""item.cobblemon.black_augurite"", ""category"": ""cobblepedia:items"", ""read_by_default"": true, ""icon"": ""cobblemon:black_augurite"", ""pages"": [ { ""type"": ""patchouli:spotlight"", ""item"": ""cobblemon:black_augurite"", ""link_recipe"": true, ""title"": ""item.cobblem"
cobblepedia,FactorMoon\mods\Cobblepedia-NeoForge-0.7.1.jar,assets/cobblepedia/patchouli_books/cobblepedia/en_us/entries/black_belt.json,False,False,"{ ""name"": ""item.cobblemon.black_belt"", ""category"": ""cobblepedia:items"", ""read_by_default"": true, ""icon"": ""cobblemon:black_belt"", ""pages"": [ { ""type"": ""patchouli:spotlight"", ""item"": ""cobblemon:black_belt"", ""text"": ""book.cobblepedia.entries.black_belt.text"" }, {"
cobblepedia,FactorMoon\mods\Cobblepedia-NeoForge-0.7.1.jar,assets/cobblepedia/patchouli_books/cobblepedia/en_us/entries/black_gilded_chest.json,False,False,"{ ""name"": ""block.cobblemon.black_gilded_chest"", ""category"": ""cobblepedia:items"", ""read_by_default"": true, ""icon"": ""cobblemon:black_gilded_chest"", ""pages"": [ { ""type"": ""patchouli:spotlight"", ""item"": ""cobblemon:black_gilded_chest"", ""title"": ""block.cobblemon.blac"
cobblepedia,FactorMoon\mods\Cobblepedia-NeoForge-0.7.1.jar,assets/cobblepedia/patchouli_books/cobblepedia/en_us/entries/black_glasses.json,False,False,"{ ""name"": ""item.cobblemon.black_glasses"", ""category"": ""cobblepedia:items"", ""read_by_default"": true, ""icon"": ""cobblemon:black_glasses"", ""pages"": [ { ""type"": ""patchouli:spotlight"", ""item"": ""cobblemon:black_glasses"", ""text"": ""book.cobblepedia.entries.black_glasse"
cobblepedia,FactorMoon\mods\Cobblepedia-NeoForge-0.7.1.jar,assets/cobblepedia/patchouli_books/cobblepedia/en_us/entries/black_sludge.json,False,False,"{ ""name"": ""item.cobblemon.black_sludge"", ""category"": ""cobblepedia:items"", ""read_by_default"": true, ""icon"": ""cobblemon:black_sludge"", ""pages"": [ { ""type"": ""patchouli:spotlight"", ""item"": ""cobblemon:black_sludge"", ""link_recipe"": true, ""text"": ""book.cobblepedia.en"
cobblepedia,FactorMoon\mods\Cobblepedia-NeoForge-0.7.1.jar,assets/cobblepedia/patchouli_books/cobblepedia/en_us/entries/black_tumblestone.json,False,False,"{ ""name"": ""item.cobblemon.black_tumblestone"", ""category"": ""cobblepedia:items"", ""read_by_default"": true, ""icon"": ""cobblemon:black_tumblestone"", ""pages"": [ { ""type"": ""patchouli:spotlight"", ""title"": ""item.cobblemon.black_tumblestone"", ""item"": ""cobblemon:black_tum"
cobblepedia,FactorMoon\mods\Cobblepedia-NeoForge-0.7.1.jar,assets/cobblepedia/patchouli_books/cobblepedia/en_us/entries/black_tumblestone_block.json,False,False,"{ ""name"": ""block.cobblemon.black_tumblestone_block"", ""category"": ""cobblepedia:items"", ""read_by_default"": true, ""icon"": ""cobblemon:black_tumblestone_block"", ""pages"": [ { ""type"": ""patchouli:spotlight"", ""title"": ""block.cobblemon.black_tumblestone_block"", ""item"": "
cobblepedia,FactorMoon\mods\Cobblepedia-NeoForge-0.7.1.jar,assets/cobblepedia/patchouli_books/cobblepedia/en_us/entries/black_tumblestone_brick_slab.json,False,False,"{ ""name"": ""block.cobblemon.black_tumblestone_brick_slab"", ""category"": ""cobblepedia:items"", ""read_by_default"": true, ""icon"": ""cobblemon:black_tumblestone_brick_slab"", ""pages"": [ { ""type"": ""patchouli:spotlight"", ""title"": ""block.cobblemon.black_tumblestone_brick_"
cobblepedia,FactorMoon\mods\Cobblepedia-NeoForge-0.7.1.jar,assets/cobblepedia/patchouli_books/cobblepedia/en_us/entries/black_tumblestone_brick_stairs.json,False,False,"{ ""name"": ""block.cobblemon.black_tumblestone_brick_stairs"", ""category"": ""cobblepedia:items"", ""read_by_default"": true, ""icon"": ""cobblemon:black_tumblestone_brick_stairs"", ""pages"": [ { ""type"": ""patchouli:spotlight"", ""title"": ""block.cobblemon.black_tumblestone_br"
cobblepedia,FactorMoon\mods\Cobblepedia-NeoForge-0.7.1.jar,assets/cobblepedia/patchouli_books/cobblepedia/en_us/entries/black_tumblestone_brick_wall.json,False,False,"{ ""name"": ""block.cobblemon.black_tumblestone_brick_wall"", ""category"": ""cobblepedia:items"", ""read_by_default"": true, ""icon"": ""cobblemon:black_tumblestone_brick_wall"", ""pages"": [ { ""type"": ""patchouli:spotlight"", ""title"": ""block.cobblemon.black_tumblestone_brick_"
cobblepedia,FactorMoon\mods\Cobblepedia-NeoForge-0.7.1.jar,assets/cobblepedia/patchouli_books/cobblepedia/en_us/entries/black_tumblestone_bricks.json,False,False,"{ ""name"": ""block.cobblemon.black_tumblestone_bricks"", ""category"": ""cobblepedia:items"", ""read_by_default"": true, ""icon"": ""cobblemon:black_tumblestone_bricks"", ""pages"": [ { ""type"": ""patchouli:spotlight"", ""title"": ""block.cobblemon.black_tumblestone_bricks"", ""item"
cobblepedia,FactorMoon\mods\Cobblepedia-NeoForge-0.7.1.jar,assets/cobblepedia/patchouli_books/cobblepedia/en_us/entries/black_tumblestone_cluster.json,False,False,"{ ""name"": ""block.cobblemon.black_tumblestone_cluster"", ""category"": ""cobblepedia:items"", ""read_by_default"": true, ""icon"": ""cobblemon:black_tumblestone_cluster"", ""pages"": [ { ""type"": ""patchouli:spotlight"", ""title"": ""block.cobblemon.black_tumblestone_cluster"", ""i"
cobblepedia,FactorMoon\mods\Cobblepedia-NeoForge-0.7.1.jar,assets/cobblepedia/patchouli_books/cobblepedia/en_us/entries/blue_apricorn.json,False,False,"{ ""name"": ""item.cobblemon.blue_apricorn"", ""category"": ""cobblepedia:items"", ""read_by_default"": true, ""icon"": ""cobblemon:blue_apricorn"", ""pages"": [ { ""type"": ""patchouli:spotlight"", ""item"": ""cobblemon:blue_apricorn"", ""link_recipe"": true, ""title"": ""item.cobblemon."
cobblepedia,FactorMoon\mods\Cobblepedia-NeoForge-0.7.1.jar,assets/cobblepedia/patchouli_books/cobblepedia/en_us/entries/blue_apricorn_seed.json,False,False,"{ ""name"": ""item.cobblemon.blue_apricorn_seed"", ""category"": ""cobblepedia:items"", ""read_by_default"": true, ""icon"": ""cobblemon:blue_apricorn_seed"", ""pages"": [ { ""type"": ""patchouli:spotlight"", ""item"": ""cobblemon:blue_apricorn_seed"", ""link_recipe"": true, ""title"": """
cobblepedia,FactorMoon\mods\Cobblepedia-NeoForge-0.7.1.jar,assets/cobblepedia/patchouli_books/cobblepedia/en_us/entries/blue_gilded_chest.json,False,False,"{ ""name"": ""block.cobblemon.blue_gilded_chest"", ""category"": ""cobblepedia:items"", ""read_by_default"": true, ""icon"": ""cobblemon:blue_gilded_chest"", ""pages"": [ { ""type"": ""patchouli:spotlight"", ""item"": ""cobblemon:blue_gilded_chest"", ""title"": ""block.cobblemon.blue_gi"
cobblepedia,FactorMoon\mods\Cobblepedia-NeoForge-0.7.1.jar,assets/cobblepedia/patchouli_books/cobblepedia/en_us/entries/blue_mint_leaf.json,False,False,"{ ""name"": ""item.cobblemon.blue_mint_leaf"", ""category"": ""cobblepedia:items"", ""read_by_default"": true, ""icon"": ""cobblemon:blue_mint_leaf"", ""pages"": [ { ""type"": ""patchouli:spotlight"", ""item"": ""cobblemon:blue_mint_leaf"", ""link_recipe"": true, ""text"": ""book.cobblepe"
cobblepedia,FactorMoon\mods\Cobblepedia-NeoForge-0.7.1.jar,assets/cobblepedia/patchouli_books/cobblepedia/en_us/entries/blue_mint_seeds.json,False,False,"{ ""name"": ""block.cobblemon.blue_mint"", ""category"": ""cobblepedia:items"", ""read_by_default"": true, ""icon"": ""cobblemon:blue_mint_seeds"", ""pages"": [ { ""type"": ""patchouli:spotlight"", ""item"": ""cobblemon:blue_mint_seeds"", ""link_recipe"": true, ""text"": ""book.cobblepedi"
cobblepedia,FactorMoon\mods\Cobblepedia-NeoForge-0.7.1.jar,assets/cobblepedia/patchouli_books/cobblepedia/en_us/entries/bluk_berry.json,False,False,"{ ""name"": ""item.cobblemon.bluk_berry"", ""category"": ""cobblepedia:items"", ""read_by_default"": true, ""icon"": ""cobblemon:bluk_berry"", ""pages"": [ { ""type"": ""cobblepedia:natural_berry"", ""item"": ""cobblemon:bluk_berry"" }, { ""type"": ""patchouli:text"", ""title"": ""book.cobb"
cobblepedia,FactorMoon\mods\Cobblepedia-NeoForge-0.7.1.jar,assets/cobblepedia/patchouli_books/cobblepedia/en_us/entries/blunder_policy.json,False,False,"{ ""name"": ""item.cobblemon.blunder_policy"", ""category"": ""cobblepedia:items"", ""read_by_default"": true, ""icon"": ""cobblemon:blunder_policy"", ""pages"": [ { ""type"": ""patchouli:spotlight"", ""item"": ""cobblemon:blunder_policy"", ""text"": ""book.cobblepedia.entries.blunder_p"
cobblepedia,FactorMoon\mods\Cobblepedia-NeoForge-0.7.1.jar,assets/cobblepedia/patchouli_books/cobblepedia/en_us/entries/bold_mint.json,False,False,"{ ""name"": ""item.cobblemon.bold_mint"", ""category"": ""cobblepedia:items"", ""read_by_default"": true, ""icon"": ""cobblemon:bold_mint"", ""pages"": [ { ""type"": ""patchouli:spotlight"", ""item"": ""cobblemon:bold_mint"", ""text"": ""book.cobblepedia.entries.bold_mint.text"" }, { ""ty"
cobblepedia,FactorMoon\mods\Cobblepedia-NeoForge-0.7.1.jar,assets/cobblepedia/patchouli_books/cobblepedia/en_us/entries/brave_mint.json,False,False,"{ ""name"": ""item.cobblemon.brave_mint"", ""category"": ""cobblepedia:items"", ""read_by_default"": true, ""icon"": ""cobblemon:brave_mint"", ""pages"": [ { ""type"": ""patchouli:spotlight"", ""item"": ""cobblemon:brave_mint"", ""text"": ""book.cobblepedia.entries.brave_mint.text"" }, {"
cobblepedia,FactorMoon\mods\Cobblepedia-NeoForge-0.7.1.jar,assets/cobblepedia/patchouli_books/cobblepedia/en_us/entries/brew.json,False,False,"{ ""name"": ""book.cobblepedia.entries.brew"", ""category"": ""cobblepedia:consumables"", ""icon"": ""cobblemon:medicinal_brew"", ""pages"": [ { ""type"": ""patchouli:text"", ""text"": ""book.cobblepedia.entries.brew.text"" }, { ""type"": ""patchouli:relations"", ""title"": ""book.cobblep"
cobblepedia,FactorMoon\mods\Cobblepedia-NeoForge-0.7.1.jar,assets/cobblepedia/patchouli_books/cobblepedia/en_us/entries/bright_powder.json,False,False,"{ ""name"": ""item.cobblemon.bright_powder"", ""category"": ""cobblepedia:items"", ""read_by_default"": true, ""icon"": ""cobblemon:bright_powder"", ""pages"": [ { ""type"": ""patchouli:spotlight"", ""item"": ""cobblemon:bright_powder"", ""link_recipe"": true, ""text"": ""book.cobblepedia"
cobblepedia,FactorMoon\mods\Cobblepedia-NeoForge-0.7.1.jar,assets/cobblepedia/patchouli_books/cobblepedia/en_us/entries/bug_gem.json,False,False,"{ ""name"": ""item.cobblemon.bug_gem"", ""category"": ""cobblepedia:items"", ""read_by_default"": true, ""icon"": ""cobblemon:bug_gem"", ""pages"": [ { ""type"": ""patchouli:spotlight"", ""item"": ""cobblemon:bug_gem"", ""link_recipe"": true, ""text"": ""book.cobblepedia.entries.bug_gem.t"
cobblepedia,FactorMoon\mods\Cobblepedia-NeoForge-0.7.1.jar,assets/cobblepedia/patchouli_books/cobblepedia/en_us/entries/burn_heal.json,False,False,"{ ""name"": ""item.cobblemon.burn_heal"", ""category"": ""cobblepedia:items"", ""read_by_default"": true, ""icon"": ""cobblemon:burn_heal"", ""pages"": [ { ""type"": ""patchouli:spotlight"", ""item"": ""cobblemon:burn_heal"", ""text"": ""book.cobblepedia.entries.burn_heal.text"" }, { ""ty"
cobblepedia,FactorMoon\mods\Cobblepedia-NeoForge-0.7.1.jar,assets/cobblepedia/patchouli_books/cobblepedia/en_us/entries/bygone_sherd.json,False,False,"{ ""name"": ""item.cobblemon.bygone_sherd"", ""category"": ""cobblepedia:items"", ""read_by_default"": true, ""icon"": ""cobblemon:bygone_sherd"", ""pages"": [ { ""type"": ""patchouli:spotlight"", ""item"": ""cobblemon:bygone_sherd"", ""link_recipe"": true, ""text"": ""book.cobblepedia.en"
cobblepedia,FactorMoon\mods\Cobblepedia-NeoForge-0.7.1.jar,assets/cobblepedia/patchouli_books/cobblepedia/en_us/entries/calcium.json,False,False,"{ ""name"": ""item.cobblemon.calcium"", ""category"": ""cobblepedia:items"", ""read_by_default"": true, ""icon"": ""cobblemon:calcium"", ""pages"": [ { ""type"": ""patchouli:spotlight"", ""item"": ""cobblemon:calcium"", ""text"": ""book.cobblepedia.entries.calcium.text"" }, { ""type"": ""pa"
cobblepedia,FactorMoon\mods\Cobblepedia-NeoForge-0.7.1.jar,assets/cobblepedia/patchouli_books/cobblepedia/en_us/entries/calm_mint.json,False,False,"{ ""name"": ""item.cobblemon.calm_mint"", ""category"": ""cobblepedia:items"", ""read_by_default"": true, ""icon"": ""cobblemon:calm_mint"", ""pages"": [ { ""type"": ""patchouli:spotlight"", ""item"": ""cobblemon:calm_mint"", ""text"": ""book.cobblepedia.entries.calm_mint.text"" }, { ""ty"
cobblepedia,FactorMoon\mods\Cobblepedia-NeoForge-0.7.1.jar,assets/cobblepedia/patchouli_books/cobblepedia/en_us/entries/candy.json,False,False,"{ ""name"": ""book.cobblepedia.entries.candy"", ""category"": ""cobblepedia:consumables"", ""icon"": ""cobblemon:rare_candy"", ""pages"": [ { ""type"": ""patchouli:spotlight"", ""title"": ""book.cobblepedia.entries.candy"", ""item"": ""tag:cobblemon:experience_candies"", ""text"": ""book."
cobblepedia,FactorMoon\mods\Cobblepedia-NeoForge-0.7.1.jar,assets/cobblepedia/patchouli_books/cobblepedia/en_us/entries/capture_sherd.json,False,False,"{ ""name"": ""item.cobblemon.capture_sherd"", ""category"": ""cobblepedia:items"", ""read_by_default"": true, ""icon"": ""cobblemon:capture_sherd"", ""pages"": [ { ""type"": ""patchouli:spotlight"", ""item"": ""cobblemon:capture_sherd"", ""link_recipe"": true, ""text"": ""book.cobblepedia"
cobblepedia,FactorMoon\mods\Cobblepedia-NeoForge-0.7.1.jar,assets/cobblepedia/patchouli_books/cobblepedia/en_us/entries/carbos.json,False,False,"{ ""name"": ""item.cobblemon.carbos"", ""category"": ""cobblepedia:items"", ""read_by_default"": true, ""icon"": ""cobblemon:carbos"", ""pages"": [ { ""type"": ""patchouli:spotlight"", ""item"": ""cobblemon:carbos"", ""text"": ""book.cobblepedia.entries.carbos.text"" }, { ""type"": ""patcho"
cobblepedia,FactorMoon\mods\Cobblepedia-NeoForge-0.7.1.jar,assets/cobblepedia/patchouli_books/cobblepedia/en_us/entries/careful_mint.json,False,False,"{ ""name"": ""item.cobblemon.careful_mint"", ""category"": ""cobblepedia:items"", ""read_by_default"": true, ""icon"": ""cobblemon:careful_mint"", ""pages"": [ { ""type"": ""patchouli:spotlight"", ""item"": ""cobblemon:careful_mint"", ""text"": ""book.cobblepedia.entries.careful_mint.te"
cobblepedia,FactorMoon\mods\Cobblepedia-NeoForge-0.7.1.jar,assets/cobblepedia/patchouli_books/cobblepedia/en_us/entries/catching.json,False,False,"{ ""name"": ""book.cobblepedia.entries.catching"", ""category"": ""cobblepedia:getting_started"", ""icon"": ""cobblemon:poke_ball"", ""turnin"": ""cobblemon:first_catch"", ""pages"": [ { ""type"": ""patchouli:text"", ""text"": ""book.cobblepedia.entries.catching.text"" }, { ""type"": ""pa"
cobblepedia,FactorMoon\mods\Cobblepedia-NeoForge-0.7.1.jar,assets/cobblepedia/patchouli_books/cobblepedia/en_us/entries/cell_battery.json,False,False,"{ ""name"": ""item.cobblemon.cell_battery"", ""category"": ""cobblepedia:items"", ""read_by_default"": true, ""icon"": ""cobblemon:cell_battery"", ""pages"": [ { ""type"": ""patchouli:spotlight"", ""item"": ""cobblemon:cell_battery"", ""text"": ""book.cobblepedia.entries.cell_battery.te"
cobblepedia,FactorMoon\mods\Cobblepedia-NeoForge-0.7.1.jar,assets/cobblepedia/patchouli_books/cobblepedia/en_us/entries/charcoal_stick.json,False,False,"{ ""name"": ""item.cobblemon.charcoal_stick"", ""category"": ""cobblepedia:items"", ""read_by_default"": true, ""icon"": ""cobblemon:charcoal_stick"", ""pages"": [ { ""type"": ""patchouli:spotlight"", ""item"": ""cobblemon:charcoal_stick"", ""text"": ""book.cobblepedia.entries.charcoal_"
cobblepedia,FactorMoon\mods\Cobblepedia-NeoForge-0.7.1.jar,assets/cobblepedia/patchouli_books/cobblepedia/en_us/entries/charti_berry.json,False,False,"{ ""name"": ""item.cobblemon.charti_berry"", ""category"": ""cobblepedia:items"", ""read_by_default"": true, ""icon"": ""cobblemon:charti_berry"", ""pages"": [ { ""type"": ""cobblepedia:natural_berry"", ""item"": ""cobblemon:charti_berry"" }, { ""type"": ""patchouli:text"", ""title"": ""boo"
cobblepedia,FactorMoon\mods\Cobblepedia-NeoForge-0.7.1.jar,assets/cobblepedia/patchouli_books/cobblepedia/en_us/entries/checkspawn_command.json,False,False,"{ ""name"": ""book.cobblepedia.entries.checkspawn_command"", ""category"": ""cobblepedia:commands"", ""read_by_default"": true, ""icon"": ""cobblemon:lucky_egg"", ""pages"": [ { ""type"": ""patchouli:text"", ""text"": ""book.cobblepedia.entries.checkspawn_command.text"" }, { ""type"": "
cobblepedia,FactorMoon\mods\Cobblepedia-NeoForge-0.7.1.jar,assets/cobblepedia/patchouli_books/cobblepedia/en_us/entries/cheri_berry.json,False,False,"{ ""name"": ""item.cobblemon.cheri_berry"", ""category"": ""cobblepedia:items"", ""read_by_default"": true, ""icon"": ""cobblemon:cheri_berry"", ""pages"": [ { ""type"": ""cobblepedia:natural_berry"", ""item"": ""cobblemon:cheri_berry"" }, { ""type"": ""patchouli:text"", ""title"": ""book.c"
cobblepedia,FactorMoon\mods\Cobblepedia-NeoForge-0.7.1.jar,assets/cobblepedia/patchouli_books/cobblepedia/en_us/entries/cherish_ball.json,False,False,"{ ""name"": ""item.cobblemon.cherish_ball"", ""category"": ""cobblepedia:items"", ""read_by_default"": true, ""icon"": ""cobblemon:cherish_ball"", ""pages"": [ { ""type"": ""patchouli:spotlight"", ""item"": ""cobblemon:cherish_ball"", ""link_recipe"": true, ""text"": ""book.cobblepedia.en"
cobblepedia,FactorMoon\mods\Cobblepedia-NeoForge-0.7.1.jar,assets/cobblepedia/patchouli_books/cobblepedia/en_us/entries/cherish_rod.json,False,False,"{ ""name"": ""book.cobblepedia.entries.cherish_rod.name"", ""category"": ""cobblepedia:items"", ""read_by_default"": true, ""icon"": ""cobblemon:cherish_rod"", ""pages"": [ { ""type"": ""patchouli:spotlight"", ""item"": ""cobblemon:cherish_rod"", ""text"": ""book.cobblepedia.entries.che"
cobblepedia,FactorMoon\mods\Cobblepedia-NeoForge-0.7.1.jar,assets/cobblepedia/patchouli_books/cobblepedia/en_us/entries/chesto_berry.json,False,False,"{ ""name"": ""item.cobblemon.chesto_berry"", ""category"": ""cobblepedia:items"", ""read_by_default"": true, ""icon"": ""cobblemon:chesto_berry"", ""pages"": [ { ""type"": ""cobblepedia:natural_berry"", ""item"": ""cobblemon:chesto_berry"" }, { ""type"": ""patchouli:text"", ""title"": ""boo"
cobblepedia,FactorMoon\mods\Cobblepedia-NeoForge-0.7.1.jar,assets/cobblepedia/patchouli_books/cobblepedia/en_us/entries/chilan_berry.json,False,False,"{ ""name"": ""item.cobblemon.chilan_berry"", ""category"": ""cobblepedia:items"", ""read_by_default"": true, ""icon"": ""cobblemon:chilan_berry"", ""pages"": [ { ""type"": ""cobblepedia:natural_berry"", ""item"": ""cobblemon:chilan_berry"" }, { ""type"": ""patchouli:text"", ""title"": ""boo"
cobblepedia,FactorMoon\mods\Cobblepedia-NeoForge-0.7.1.jar,assets/cobblepedia/patchouli_books/cobblepedia/en_us/entries/chipped_pot.json,False,False,"{ ""name"": ""item.cobblemon.chipped_pot"", ""category"": ""cobblepedia:items"", ""read_by_default"": true, ""icon"": ""cobblemon:chipped_pot"", ""pages"": [ { ""type"": ""patchouli:spotlight"", ""item"": ""cobblemon:chipped_pot"", ""title"": ""item.cobblemon.chipped_pot"", ""text"": ""book"
cobblepedia,FactorMoon\mods\Cobblepedia-NeoForge-0.7.1.jar,assets/cobblepedia/patchouli_books/cobblepedia/en_us/entries/chiseled_black_tumblestone_bricks.json,False,False,"{ ""name"": ""block.cobblemon.chiseled_black_tumblestone_bricks"", ""category"": ""cobblepedia:items"", ""read_by_default"": true, ""icon"": ""cobblemon:chiseled_black_tumblestone_bricks"", ""pages"": [ { ""type"": ""patchouli:spotlight"", ""title"": ""block.cobblemon.chiseled_black"
cobblepedia,FactorMoon\mods\Cobblepedia-NeoForge-0.7.1.jar,assets/cobblepedia/patchouli_books/cobblepedia/en_us/entries/chiseled_polished_black_tumblestone.json,False,False,"{ ""name"": ""block.cobblemon.chiseled_polished_black_tumblestone"", ""category"": ""cobblepedia:items"", ""read_by_default"": true, ""icon"": ""cobblemon:chiseled_polished_black_tumblestone"", ""pages"": [ { ""type"": ""patchouli:spotlight"", ""title"": ""block.cobblemon.chiseled_p"
cobblepedia,FactorMoon\mods\Cobblepedia-NeoForge-0.7.1.jar,assets/cobblepedia/patchouli_books/cobblepedia/en_us/entries/chiseled_polished_sky_tumblestone.json,False,False,"{ ""name"": ""block.cobblemon.chiseled_polished_sky_tumblestone"", ""category"": ""cobblepedia:items"", ""read_by_default"": true, ""icon"": ""cobblemon:chiseled_polished_sky_tumblestone"", ""pages"": [ { ""type"": ""patchouli:spotlight"", ""title"": ""block.cobblemon.chiseled_polis"
cobblepedia,FactorMoon\mods\Cobblepedia-NeoForge-0.7.1.jar,assets/cobblepedia/patchouli_books/cobblepedia/en_us/entries/chiseled_polished_tumblestone.json,False,False,"{ ""name"": ""block.cobblemon.chiseled_polished_tumblestone"", ""category"": ""cobblepedia:items"", ""read_by_default"": true, ""icon"": ""cobblemon:chiseled_polished_tumblestone"", ""pages"": [ { ""type"": ""patchouli:spotlight"", ""title"": ""block.cobblemon.chiseled_polished_tumb"
cobblepedia,FactorMoon\mods\Cobblepedia-NeoForge-0.7.1.jar,assets/cobblepedia/patchouli_books/cobblepedia/en_us/entries/chiseled_polished_tumblestones.json,False,False,"{ ""name"": ""book.cobblepedia.entries.chiseled_polished_tumblestones.name"", ""category"": ""cobblepedia:items"", ""icon"": ""cobblemon:chiseled_polished_tumblestone"", ""pages"": [ { ""type"": ""patchouli:spotlight"", ""title"": ""book.cobblepedia.entries.chiseled_polished_tumbl"
cobblepedia,FactorMoon\mods\Cobblepedia-NeoForge-0.7.1.jar,assets/cobblepedia/patchouli_books/cobblepedia/en_us/entries/chiseled_sky_tumblestone_bricks.json,False,False,"{ ""name"": ""block.cobblemon.chiseled_sky_tumblestone_bricks"", ""category"": ""cobblepedia:items"", ""read_by_default"": true, ""icon"": ""cobblemon:chiseled_sky_tumblestone_bricks"", ""pages"": [ { ""type"": ""patchouli:spotlight"", ""title"": ""block.cobblemon.chiseled_sky_tumbl"
cobblepedia,FactorMoon\mods\Cobblepedia-NeoForge-0.7.1.jar,assets/cobblepedia/patchouli_books/cobblepedia/en_us/entries/chiseled_tumblestone_bricks.json,False,False,"{ ""name"": ""block.cobblemon.chiseled_tumblestone_bricks"", ""category"": ""cobblepedia:items"", ""read_by_default"": true, ""icon"": ""cobblemon:chiseled_tumblestone_bricks"", ""pages"": [ { ""type"": ""patchouli:spotlight"", ""title"": ""block.cobblemon.chiseled_tumblestone_brick"
cobblepedia,FactorMoon\mods\Cobblepedia-NeoForge-0.7.1.jar,assets/cobblepedia/patchouli_books/cobblepedia/en_us/entries/chiseled_tumblestones_bricks.json,False,False,"{ ""name"": ""book.cobblepedia.entries.chiseled_tumblestones_bricks.name"", ""category"": ""cobblepedia:items"", ""icon"": ""cobblemon:chiseled_tumblestone_bricks"", ""pages"": [ { ""type"": ""patchouli:spotlight"", ""title"": ""book.cobblepedia.entries.chiseled_tumblestones_brick"
cobblepedia,FactorMoon\mods\Cobblepedia-NeoForge-0.7.1.jar,assets/cobblepedia/patchouli_books/cobblepedia/en_us/entries/choice_band.json,False,False,"{ ""name"": ""item.cobblemon.choice_band"", ""category"": ""cobblepedia:items"", ""read_by_default"": true, ""icon"": ""cobblemon:choice_band"", ""pages"": [ { ""type"": ""patchouli:spotlight"", ""item"": ""cobblemon:choice_band"", ""text"": ""book.cobblepedia.entries.choice_band.text"" "
cobblepedia,FactorMoon\mods\Cobblepedia-NeoForge-0.7.1.jar,assets/cobblepedia/patchouli_books/cobblepedia/en_us/entries/choice_items.json,False,False,"{ ""name"": ""book.cobblepedia.entries.choice_items"", ""category"": ""cobblepedia:held_items"", ""icon"": ""cobblemon:choice_band"", ""pages"": [ { ""type"": ""patchouli:spotlight"", ""title"": ""book.cobblepedia.entries.choice_items"", ""item"": ""tag:cobblepedia:choice_items"", ""tex"
cobblepedia,FactorMoon\mods\Cobblepedia-NeoForge-0.7.1.jar,assets/cobblepedia/patchouli_books/cobblepedia/en_us/entries/choice_scarf.json,False,False,"{ ""name"": ""item.cobblemon.choice_scarf"", ""category"": ""cobblepedia:items"", ""read_by_default"": true, ""icon"": ""cobblemon:choice_scarf"", ""pages"": [ { ""type"": ""patchouli:spotlight"", ""item"": ""cobblemon:choice_scarf"", ""text"": ""book.cobblepedia.entries.choice_scarf.te"
cobblepedia,FactorMoon\mods\Cobblepedia-NeoForge-0.7.1.jar,assets/cobblepedia/patchouli_books/cobblepedia/en_us/entries/choice_specs.json,False,False,"{ ""name"": ""item.cobblemon.choice_specs"", ""category"": ""cobblepedia:items"", ""read_by_default"": true, ""icon"": ""cobblemon:choice_specs"", ""pages"": [ { ""type"": ""patchouli:spotlight"", ""item"": ""cobblemon:choice_specs"", ""text"": ""book.cobblepedia.entries.choice_specs.te"
cobblepedia,FactorMoon\mods\Cobblepedia-NeoForge-0.7.1.jar,assets/cobblepedia/patchouli_books/cobblepedia/en_us/entries/chople_berry.json,False,False,"{ ""name"": ""item.cobblemon.chople_berry"", ""category"": ""cobblepedia:items"", ""read_by_default"": true, ""icon"": ""cobblemon:chople_berry"", ""pages"": [ { ""type"": ""cobblepedia:natural_berry"", ""item"": ""cobblemon:chople_berry"" }, { ""type"": ""patchouli:text"", ""title"": ""boo"
cobblepedia,FactorMoon\mods\Cobblepedia-NeoForge-0.7.1.jar,assets/cobblepedia/patchouli_books/cobblepedia/en_us/entries/citrine_ball.json,False,False,"{ ""name"": ""item.cobblemon.citrine_ball"", ""category"": ""cobblepedia:items"", ""read_by_default"": true, ""icon"": ""cobblemon:citrine_ball"", ""pages"": [ { ""type"": ""patchouli:spotlight"", ""item"": ""cobblemon:citrine_ball"", ""text"": ""book.cobblepedia.entries.citrine_ball.te"
cobblepedia,FactorMoon\mods\Cobblepedia-NeoForge-0.7.1.jar,assets/cobblepedia/patchouli_books/cobblepedia/en_us/entries/citrine_rod.json,False,False,"{ ""name"": ""book.cobblepedia.entries.citrine_rod.name"", ""category"": ""cobblepedia:items"", ""read_by_default"": true, ""icon"": ""cobblemon:citrine_rod"", ""pages"": [ { ""type"": ""patchouli:spotlight"", ""item"": ""cobblemon:citrine_rod"", ""text"": ""book.cobblepedia.entries.cit"
cobblepedia,FactorMoon\mods\Cobblepedia-NeoForge-0.7.1.jar,assets/cobblepedia/patchouli_books/cobblepedia/en_us/entries/claw_fossil.json,False,False,"{ ""name"": ""item.cobblemon.claw_fossil"", ""category"": ""cobblepedia:items"", ""read_by_default"": true, ""icon"": ""cobblemon:claw_fossil"", ""pages"": [ { ""type"": ""patchouli:spotlight"", ""title"": ""item.cobblemon.claw_fossil"", ""item"": ""cobblemon:claw_fossil"", ""link_recipe"""
cobblepedia,FactorMoon\mods\Cobblepedia-NeoForge-0.7.1.jar,assets/cobblepedia/patchouli_books/cobblepedia/en_us/entries/cleanse_tag.json,False,False,"{ ""name"": ""item.cobblemon.cleanse_tag"", ""category"": ""cobblepedia:items"", ""read_by_default"": true, ""icon"": ""cobblemon:cleanse_tag"", ""pages"": [ { ""type"": ""patchouli:spotlight"", ""item"": ""cobblemon:cleanse_tag"", ""text"": ""book.cobblepedia.entries.cleanse_tag.text"" "
cobblepedia,FactorMoon\mods\Cobblepedia-NeoForge-0.7.1.jar,assets/cobblepedia/patchouli_books/cobblepedia/en_us/entries/clever_feather.json,False,False,"{ ""name"": ""item.cobblemon.clever_feather"", ""category"": ""cobblepedia:items"", ""read_by_default"": true, ""icon"": ""cobblemon:clever_feather"", ""pages"": [ { ""type"": ""patchouli:spotlight"", ""item"": ""cobblemon:clever_feather"", ""link_recipe"": true, ""text"": ""book.cobblepe"
cobblepedia,FactorMoon\mods\Cobblepedia-NeoForge-0.7.1.jar,assets/cobblepedia/patchouli_books/cobblepedia/en_us/entries/clover_sweet.json,False,False,"{ ""name"": ""item.cobblemon.clover_sweet"", ""category"": ""cobblepedia:items"", ""read_by_default"": true, ""icon"": ""cobblemon:clover_sweet"", ""pages"": [ { ""type"": ""patchouli:spotlight"", ""item"": ""cobblemon:clover_sweet"", ""title"": ""item.cobblemon.clover_sweet"", ""text"": """
cobblepedia,FactorMoon\mods\Cobblepedia-NeoForge-0.7.1.jar,assets/cobblepedia/patchouli_books/cobblepedia/en_us/entries/coarse_mulch.json,False,False,"{ ""name"": ""item.cobblemon.coarse_mulch"", ""category"": ""cobblepedia:items"", ""read_by_default"": true, ""icon"": ""cobblemon:coarse_mulch"", ""pages"": [ { ""type"": ""patchouli:spotlight"", ""item"": ""cobblemon:coarse_mulch"", ""text"": ""book.cobblepedia.entries.coarse_mulch.te"
cobblepedia,FactorMoon\mods\Cobblepedia-NeoForge-0.7.1.jar,assets/cobblepedia/patchouli_books/cobblepedia/en_us/entries/coba_berry.json,False,False,"{ ""name"": ""item.cobblemon.coba_berry"", ""category"": ""cobblepedia:items"", ""read_by_default"": true, ""icon"": ""cobblemon:coba_berry"", ""pages"": [ { ""type"": ""cobblepedia:natural_berry"", ""item"": ""cobblemon:coba_berry"" }, { ""type"": ""patchouli:text"", ""title"": ""book.cobb"
cobblepedia,FactorMoon\mods\Cobblepedia-NeoForge-0.7.1.jar,assets/cobblepedia/patchouli_books/cobblepedia/en_us/entries/colbur_berry.json,False,False,"{ ""name"": ""item.cobblemon.colbur_berry"", ""category"": ""cobblepedia:items"", ""read_by_default"": true, ""icon"": ""cobblemon:colbur_berry"", ""pages"": [ { ""type"": ""cobblepedia:natural_berry"", ""item"": ""cobblemon:colbur_berry"" }, { ""type"": ""patchouli:text"", ""title"": ""boo"
cobblepedia,FactorMoon\mods\Cobblepedia-NeoForge-0.7.1.jar,assets/cobblepedia/patchouli_books/cobblepedia/en_us/entries/cornn_berry.json,False,False,"{ ""name"": ""item.cobblemon.cornn_berry"", ""category"": ""cobblepedia:items"", ""read_by_default"": true, ""icon"": ""cobblemon:cornn_berry"", ""pages"": [ { ""type"": ""cobblepedia:mutated_berry"", ""item"": ""cobblemon:cornn_berry"" }, { ""type"": ""patchouli:text"", ""title"": ""book.c"
cobblepedia,FactorMoon\mods\Cobblepedia-NeoForge-0.7.1.jar,assets/cobblepedia/patchouli_books/cobblepedia/en_us/entries/cover_fossil.json,False,False,"{ ""name"": ""item.cobblemon.cover_fossil"", ""category"": ""cobblepedia:items"", ""read_by_default"": true, ""icon"": ""cobblemon:cover_fossil"", ""pages"": [ { ""type"": ""patchouli:spotlight"", ""title"": ""item.cobblemon.cover_fossil"", ""item"": ""cobblemon:cover_fossil"", ""link_rec"
cobblepedia,FactorMoon\mods\Cobblepedia-NeoForge-0.7.1.jar,assets/cobblepedia/patchouli_books/cobblepedia/en_us/entries/covert_cloak.json,False,False,"{ ""name"": ""item.cobblemon.covert_cloak"", ""category"": ""cobblepedia:items"", ""read_by_default"": true, ""icon"": ""cobblemon:covert_cloak"", ""pages"": [ { ""type"": ""patchouli:spotlight"", ""item"": ""cobblemon:covert_cloak"", ""text"": ""book.cobblepedia.entries.covert_cloak.te"
cobblepedia,FactorMoon\mods\Cobblepedia-NeoForge-0.7.1.jar,assets/cobblepedia/patchouli_books/cobblepedia/en_us/entries/cracked_pot.json,False,False,"{ ""name"": ""item.cobblemon.cracked_pot"", ""category"": ""cobblepedia:items"", ""read_by_default"": true, ""icon"": ""cobblemon:cracked_pot"", ""pages"": [ { ""type"": ""patchouli:spotlight"", ""item"": ""cobblemon:cracked_pot"", ""title"": ""item.cobblemon.cracked_pot"", ""text"": ""book"
cobblepedia,FactorMoon\mods\Cobblepedia-NeoForge-0.7.1.jar,assets/cobblepedia/patchouli_books/cobblepedia/en_us/entries/crop.json,False,False,"{ ""name"": ""book.cobblepedia.entries.crop"", ""category"": ""cobblepedia:agriculture"", ""icon"": ""cobblemon:medicinal_leek"", ""pages"": [ { ""type"": ""patchouli:text"", ""text"": ""book.cobblepedia.entries.crop.text"" }, { ""type"": ""patchouli:relations"", ""entries"": [ ""cobblepe"
cobblepedia,FactorMoon\mods\Cobblepedia-NeoForge-0.7.1.jar,assets/cobblepedia/patchouli_books/cobblepedia/en_us/entries/crumbling_arch_ruins.json,False,False,"{ ""name"": ""book.cobblepedia.entries.crumbling_arch_ruins.name"", ""category"": ""cobblepedia:structures"", ""read_by_default"": true, ""icon"": ""minecraft:cracked_stone_bricks"", ""pages"": [ { ""type"": ""patchouli:text"", ""text"": ""book.cobblepedia.entries.crumbling_arch_rui"
cobblepedia,FactorMoon\mods\Cobblepedia-NeoForge-0.7.1.jar,assets/cobblepedia/patchouli_books/cobblepedia/en_us/entries/custap_berry.json,False,False,"{ ""name"": ""item.cobblemon.custap_berry"", ""category"": ""cobblepedia:items"", ""read_by_default"": true, ""icon"": ""cobblemon:custap_berry"", ""pages"": [ { ""type"": ""cobblepedia:mutated_berry"", ""item"": ""cobblemon:custap_berry"" }, { ""type"": ""patchouli:text"", ""title"": ""boo"
cobblepedia,FactorMoon\mods\Cobblepedia-NeoForge-0.7.1.jar,assets/cobblepedia/patchouli_books/cobblepedia/en_us/entries/cyan_mint_leaf.json,False,False,"{ ""name"": ""item.cobblemon.cyan_mint_leaf"", ""category"": ""cobblepedia:items"", ""read_by_default"": true, ""icon"": ""cobblemon:cyan_mint_leaf"", ""pages"": [ { ""type"": ""patchouli:spotlight"", ""item"": ""cobblemon:cyan_mint_leaf"", ""link_recipe"": true, ""text"": ""book.cobblepe"
cobblepedia,FactorMoon\mods\Cobblepedia-NeoForge-0.7.1.jar,assets/cobblepedia/patchouli_books/cobblepedia/en_us/entries/cyan_mint_seeds.json,False,False,"{ ""name"": ""block.cobblemon.cyan_mint"", ""category"": ""cobblepedia:items"", ""read_by_default"": true, ""icon"": ""cobblemon:cyan_mint_seeds"", ""pages"": [ { ""type"": ""patchouli:spotlight"", ""item"": ""cobblemon:cyan_mint_seeds"", ""link_recipe"": true, ""text"": ""book.cobblepedi"
cobblepedia,FactorMoon\mods\Cobblepedia-NeoForge-0.7.1.jar,assets/cobblepedia/patchouli_books/cobblepedia/en_us/entries/damp_rock.json,False,False,"{ ""name"": ""item.cobblemon.damp_rock"", ""category"": ""cobblepedia:items"", ""read_by_default"": true, ""icon"": ""cobblemon:damp_rock"", ""pages"": [ { ""type"": ""patchouli:spotlight"", ""item"": ""cobblemon:damp_rock"", ""text"": ""book.cobblepedia.entries.damp_rock.text"" }, { ""ty"
cobblepedia,FactorMoon\mods\Cobblepedia-NeoForge-0.7.1.jar,assets/cobblepedia/patchouli_books/cobblepedia/en_us/entries/dark_gem.json,False,False,"{ ""name"": ""item.cobblemon.dark_gem"", ""category"": ""cobblepedia:items"", ""read_by_default"": true, ""icon"": ""cobblemon:dark_gem"", ""pages"": [ { ""type"": ""patchouli:spotlight"", ""item"": ""cobblemon:dark_gem"", ""link_recipe"": true, ""text"": ""book.cobblepedia.entries.dark_g"
cobblepedia,FactorMoon\mods\Cobblepedia-NeoForge-0.7.1.jar,assets/cobblepedia/patchouli_books/cobblepedia/en_us/entries/dawn_stone.json,False,False,"{ ""name"": ""item.cobblemon.dawn_stone"", ""category"": ""cobblepedia:items"", ""read_by_default"": true, ""icon"": ""cobblemon:dawn_stone"", ""pages"": [ { ""type"": ""patchouli:spotlight"", ""item"": ""cobblemon:dawn_stone"", ""title"": ""item.cobblemon.dawn_stone"", ""text"": ""book.cob"
cobblepedia,FactorMoon\mods\Cobblepedia-NeoForge-0.7.1.jar,assets/cobblepedia/patchouli_books/cobblepedia/en_us/entries/dawn_stone_block.json,False,False,"{ ""name"": ""block.cobblemon.dawn_stone_block"", ""category"": ""cobblepedia:items"", ""read_by_default"": true, ""icon"": ""cobblemon:dawn_stone_block"", ""pages"": [ { ""type"": ""patchouli:spotlight"", ""item"": ""cobblemon:dawn_stone_block"", ""text"": ""book.cobblepedia.entries.da"
cobblepedia,FactorMoon\mods\Cobblepedia-NeoForge-0.7.1.jar,assets/cobblepedia/patchouli_books/cobblepedia/en_us/entries/dawn_stone_ore.json,False,False,"{ ""name"": ""block.cobblemon.dawn_stone_ore"", ""category"": ""cobblepedia:items"", ""read_by_default"": true, ""icon"": ""cobblemon:dawn_stone_ore"", ""pages"": [ { ""type"": ""patchouli:spotlight"", ""item"": ""cobblemon:dawn_stone_ore"", ""link_recipe"": true, ""title"": ""block.cobbl"
cobblepedia,FactorMoon\mods\Cobblepedia-NeoForge-0.7.1.jar,assets/cobblepedia/patchouli_books/cobblepedia/en_us/entries/decaying_crypt_ruins.json,False,False,"{ ""name"": ""book.cobblepedia.entries.decaying_crypt_ruins.name"", ""category"": ""cobblepedia:structures"", ""read_by_default"": true, ""icon"": ""minecraft:stone_bricks"", ""pages"": [ { ""type"": ""patchouli:text"", ""text"": ""book.cobblepedia.entries.decaying_crypt_ruins.text"""
cobblepedia,FactorMoon\mods\Cobblepedia-NeoForge-0.7.1.jar,assets/cobblepedia/patchouli_books/cobblepedia/en_us/entries/decorative_blocks.json,False,False,"{ ""name"": ""book.cobblepedia.entries.decorative_blocks.name"", ""category"": ""cobblepedia:getting_started"", ""icon"": ""cobblemon:relic_coin_sack"", ""pages"": [ { ""type"": ""patchouli:text"", ""text"": ""book.cobblepedia.entries.decorative_blocks.text"" }, { ""type"": ""patchoul"
cobblepedia,FactorMoon\mods\Cobblepedia-NeoForge-0.7.1.jar,assets/cobblepedia/patchouli_books/cobblepedia/en_us/entries/deep_sea_scale.json,False,False,"{ ""name"": ""item.cobblemon.deep_sea_scale"", ""category"": ""cobblepedia:items"", ""read_by_default"": true, ""icon"": ""cobblemon:deep_sea_scale"", ""pages"": [ { ""type"": ""patchouli:spotlight"", ""item"": ""cobblemon:deep_sea_scale"", ""link_recipe"": true, ""title"": ""item.cobblem"
cobblepedia,FactorMoon\mods\Cobblepedia-NeoForge-0.7.1.jar,assets/cobblepedia/patchouli_books/cobblepedia/en_us/entries/deep_sea_tooth.json,False,False,"{ ""name"": ""item.cobblemon.deep_sea_tooth"", ""category"": ""cobblepedia:items"", ""read_by_default"": true, ""icon"": ""cobblemon:deep_sea_tooth"", ""pages"": [ { ""type"": ""patchouli:spotlight"", ""item"": ""cobblemon:deep_sea_tooth"", ""link_recipe"": true, ""title"": ""item.cobblem"
cobblepedia,FactorMoon\mods\Cobblepedia-NeoForge-0.7.1.jar,assets/cobblepedia/patchouli_books/cobblepedia/en_us/entries/deepslate_dawn_stone_ore.json,False,False,"{ ""name"": ""block.cobblemon.deepslate_dawn_stone_ore"", ""category"": ""cobblepedia:items"", ""read_by_default"": true, ""icon"": ""cobblemon:deepslate_dawn_stone_ore"", ""pages"": [ { ""type"": ""patchouli:spotlight"", ""item"": ""cobblemon:deepslate_dawn_stone_ore"", ""link_recipe"
cobblepedia,FactorMoon\mods\Cobblepedia-NeoForge-0.7.1.jar,assets/cobblepedia/patchouli_books/cobblepedia/en_us/entries/deepslate_dusk_stone_ore.json,False,False,"{ ""name"": ""block.cobblemon.deepslate_dusk_stone_ore"", ""category"": ""cobblepedia:items"", ""read_by_default"": true, ""icon"": ""cobblemon:deepslate_dusk_stone_ore"", ""pages"": [ { ""type"": ""patchouli:spotlight"", ""item"": ""cobblemon:deepslate_dusk_stone_ore"", ""link_recipe"
cobblepedia,FactorMoon\mods\Cobblepedia-NeoForge-0.7.1.jar,assets/cobblepedia/patchouli_books/cobblepedia/en_us/entries/deepslate_fire_stone_ore.json,False,False,"{ ""name"": ""block.cobblemon.deepslate_fire_stone_ore"", ""category"": ""cobblepedia:items"", ""read_by_default"": true, ""icon"": ""cobblemon:deepslate_fire_stone_ore"", ""pages"": [ { ""type"": ""patchouli:spotlight"", ""item"": ""cobblemon:deepslate_fire_stone_ore"", ""link_recipe"
cobblepedia,FactorMoon\mods\Cobblepedia-NeoForge-0.7.1.jar,assets/cobblepedia/patchouli_books/cobblepedia/en_us/entries/deepslate_ice_stone_ore.json,False,False,"{ ""name"": ""block.cobblemon.deepslate_ice_stone_ore"", ""category"": ""cobblepedia:items"", ""read_by_default"": true, ""icon"": ""cobblemon:deepslate_ice_stone_ore"", ""pages"": [ { ""type"": ""patchouli:spotlight"", ""item"": ""cobblemon:deepslate_ice_stone_ore"", ""link_recipe"": "
cobblepedia,FactorMoon\mods\Cobblepedia-NeoForge-0.7.1.jar,assets/cobblepedia/patchouli_books/cobblepedia/en_us/entries/deepslate_leaf_stone_ore.json,False,False,"{ ""name"": ""block.cobblemon.deepslate_leaf_stone_ore"", ""category"": ""cobblepedia:items"", ""read_by_default"": true, ""icon"": ""cobblemon:deepslate_leaf_stone_ore"", ""pages"": [ { ""type"": ""patchouli:spotlight"", ""item"": ""cobblemon:deepslate_leaf_stone_ore"", ""link_recipe"
cobblepedia,FactorMoon\mods\Cobblepedia-NeoForge-0.7.1.jar,assets/cobblepedia/patchouli_books/cobblepedia/en_us/entries/deepslate_moon_stone_ore.json,False,False,"{ ""name"": ""block.cobblemon.deepslate_moon_stone_ore"", ""category"": ""cobblepedia:items"", ""read_by_default"": true, ""icon"": ""cobblemon:deepslate_moon_stone_ore"", ""pages"": [ { ""type"": ""patchouli:spotlight"", ""item"": ""cobblemon:deepslate_moon_stone_ore"", ""link_recipe"
cobblepedia,FactorMoon\mods\Cobblepedia-NeoForge-0.7.1.jar,assets/cobblepedia/patchouli_books/cobblepedia/en_us/entries/deepslate_shiny_stone_ore.json,False,False,"{ ""name"": ""block.cobblemon.deepslate_shiny_stone_ore"", ""category"": ""cobblepedia:items"", ""read_by_default"": true, ""icon"": ""cobblemon:deepslate_shiny_stone_ore"", ""pages"": [ { ""type"": ""patchouli:spotlight"", ""item"": ""cobblemon:deepslate_shiny_stone_ore"", ""link_rec"
cobblepedia,FactorMoon\mods\Cobblepedia-NeoForge-0.7.1.jar,assets/cobblepedia/patchouli_books/cobblepedia/en_us/entries/deepslate_sun_stone_ore.json,False,False,"{ ""name"": ""block.cobblemon.deepslate_sun_stone_ore"", ""category"": ""cobblepedia:items"", ""read_by_default"": true, ""icon"": ""cobblemon:deepslate_sun_stone_ore"", ""pages"": [ { ""type"": ""patchouli:spotlight"", ""item"": ""cobblemon:deepslate_sun_stone_ore"", ""link_recipe"": "
cobblepedia,FactorMoon\mods\Cobblepedia-NeoForge-0.7.1.jar,assets/cobblepedia/patchouli_books/cobblepedia/en_us/entries/deepslate_thunder_stone_ore.json,False,False,"{ ""name"": ""block.cobblemon.deepslate_thunder_stone_ore"", ""category"": ""cobblepedia:items"", ""read_by_default"": true, ""icon"": ""cobblemon:deepslate_thunder_stone_ore"", ""pages"": [ { ""type"": ""patchouli:spotlight"", ""item"": ""cobblemon:deepslate_thunder_stone_ore"", ""li"
cobblepedia,FactorMoon\mods\Cobblepedia-NeoForge-0.7.1.jar,assets/cobblepedia/patchouli_books/cobblepedia/en_us/entries/deepslate_water_stone_ore.json,False,False,"{ ""name"": ""block.cobblemon.deepslate_water_stone_ore"", ""category"": ""cobblepedia:items"", ""read_by_default"": true, ""icon"": ""cobblemon:deepslate_water_stone_ore"", ""pages"": [ { ""type"": ""patchouli:spotlight"", ""item"": ""cobblemon:deepslate_water_stone_ore"", ""link_rec"
cobblepedia,FactorMoon\mods\Cobblepedia-NeoForge-0.7.1.jar,assets/cobblepedia/patchouli_books/cobblepedia/en_us/entries/deserted_house_ruins.json,False,False,"{ ""name"": ""book.cobblepedia.entries.deserted_house_ruins.name"", ""category"": ""cobblepedia:structures"", ""read_by_default"": true, ""icon"": ""minecraft:loom"", ""pages"": [ { ""type"": ""patchouli:text"", ""text"": ""book.cobblepedia.entries.deserted_house_ruins.text"" }, { ""t"
cobblepedia,FactorMoon\mods\Cobblepedia-NeoForge-0.7.1.jar,assets/cobblepedia/patchouli_books/cobblepedia/en_us/entries/deserted_tower_ruins.json,False,False,"{ ""name"": ""book.cobblepedia.entries.deserted_tower_ruins.name"", ""category"": ""cobblepedia:structures"", ""read_by_default"": true, ""icon"": ""minecraft:bookshelf"", ""pages"": [ { ""type"": ""patchouli:text"", ""text"": ""book.cobblepedia.entries.deserted_tower_ruins.text"" },"
cobblepedia,FactorMoon\mods\Cobblepedia-NeoForge-0.7.1.jar,assets/cobblepedia/patchouli_books/cobblepedia/en_us/entries/deserted_town_center_ruins.json,False,False,"{ ""name"": ""book.cobblepedia.entries.deserted_town_center_ruins.name"", ""category"": ""cobblepedia:structures"", ""read_by_default"": true, ""icon"": ""minecraft:chest"", ""pages"": [ { ""type"": ""patchouli:text"", ""text"": ""book.cobblepedia.entries.deserted_town_center_ruins."
cobblepedia,FactorMoon\mods\Cobblepedia-NeoForge-0.7.1.jar,assets/cobblepedia/patchouli_books/cobblepedia/en_us/entries/destiny_knot.json,False,False,"{ ""name"": ""item.cobblemon.destiny_knot"", ""category"": ""cobblepedia:items"", ""read_by_default"": true, ""icon"": ""cobblemon:destiny_knot"", ""pages"": [ { ""type"": ""patchouli:spotlight"", ""item"": ""cobblemon:destiny_knot"", ""text"": ""book.cobblepedia.entries.destiny_knot.te"
cobblepedia,FactorMoon\mods\Cobblepedia-NeoForge-0.7.1.jar,assets/cobblepedia/patchouli_books/cobblepedia/en_us/entries/dire_hit.json,False,False,"{ ""name"": ""item.cobblemon.dire_hit"", ""category"": ""cobblepedia:items"", ""read_by_default"": true, ""icon"": ""cobblemon:dire_hit"", ""pages"": [ { ""type"": ""patchouli:spotlight"", ""item"": ""cobblemon:dire_hit"", ""text"": ""book.cobblepedia.entries.dire_hit.text"" }, { ""type"":"
cobblepedia,FactorMoon\mods\Cobblepedia-NeoForge-0.7.1.jar,assets/cobblepedia/patchouli_books/cobblepedia/en_us/entries/display_case.json,False,False,"{ ""name"": ""block.cobblemon.display_case"", ""category"": ""cobblepedia:items"", ""read_by_default"": true, ""icon"": ""cobblemon:display_case"", ""pages"": [ { ""type"": ""patchouli:spotlight"", ""item"": ""cobblemon:display_case"", ""title"": ""block.cobblemon.display_case"", ""text"":"
cobblepedia,FactorMoon\mods\Cobblepedia-NeoForge-0.7.1.jar,assets/cobblepedia/patchouli_books/cobblepedia/en_us/entries/dive_ball.json,False,False,"{ ""name"": ""item.cobblemon.dive_ball"", ""category"": ""cobblepedia:items"", ""read_by_default"": true, ""icon"": ""cobblemon:dive_ball"", ""pages"": [ { ""type"": ""patchouli:spotlight"", ""item"": ""cobblemon:dive_ball"", ""text"": ""book.cobblepedia.entries.dive_ball.text"" }, { ""ty"
cobblepedia,FactorMoon\mods\Cobblepedia-NeoForge-0.7.1.jar,assets/cobblepedia/patchouli_books/cobblepedia/en_us/entries/dive_rod.json,False,False,"{ ""name"": ""book.cobblepedia.entries.dive_rod.name"", ""category"": ""cobblepedia:items"", ""read_by_default"": true, ""icon"": ""cobblemon:dive_rod"", ""pages"": [ { ""type"": ""patchouli:spotlight"", ""item"": ""cobblemon:dive_rod"", ""text"": ""book.cobblepedia.entries.dive_rod.tex"
cobblepedia,FactorMoon\mods\Cobblepedia-NeoForge-0.7.1.jar,assets/cobblepedia/patchouli_books/cobblepedia/en_us/entries/dome_fossil.json,False,False,"{ ""name"": ""item.cobblemon.dome_fossil"", ""category"": ""cobblepedia:items"", ""read_by_default"": true, ""icon"": ""cobblemon:dome_fossil"", ""pages"": [ { ""type"": ""patchouli:spotlight"", ""title"": ""item.cobblemon.dome_fossil"", ""item"": ""cobblemon:dome_fossil"", ""link_recipe"""
cobblepedia,FactorMoon\mods\Cobblepedia-NeoForge-0.7.1.jar,assets/cobblepedia/patchouli_books/cobblepedia/en_us/entries/dome_sherd.json,False,False,"{ ""name"": ""item.cobblemon.dome_sherd"", ""category"": ""cobblepedia:items"", ""read_by_default"": true, ""icon"": ""cobblemon:dome_sherd"", ""pages"": [ { ""type"": ""patchouli:spotlight"", ""item"": ""cobblemon:dome_sherd"", ""link_recipe"": true, ""text"": ""book.cobblepedia.entries."
cobblepedia,FactorMoon\mods\Cobblepedia-NeoForge-0.7.1.jar,assets/cobblepedia/patchouli_books/cobblepedia/en_us/entries/dragon_fang.json,False,False,"{ ""name"": ""item.cobblemon.dragon_fang"", ""category"": ""cobblepedia:items"", ""read_by_default"": true, ""icon"": ""cobblemon:dragon_fang"", ""pages"": [ { ""type"": ""patchouli:spotlight"", ""item"": ""cobblemon:dragon_fang"", ""text"": ""book.cobblepedia.entries.dragon_fang.text"" "
cobblepedia,FactorMoon\mods\Cobblepedia-NeoForge-0.7.1.jar,assets/cobblepedia/patchouli_books/cobblepedia/en_us/entries/dragon_gem.json,False,False,"{ ""name"": ""item.cobblemon.dragon_gem"", ""category"": ""cobblepedia:items"", ""read_by_default"": true, ""icon"": ""cobblemon:dragon_gem"", ""pages"": [ { ""type"": ""patchouli:spotlight"", ""item"": ""cobblemon:dragon_gem"", ""link_recipe"": true, ""text"": ""book.cobblepedia.entries."
cobblepedia,FactorMoon\mods\Cobblepedia-NeoForge-0.7.1.jar,assets/cobblepedia/patchouli_books/cobblepedia/en_us/entries/dragon_scale.json,False,False,"{ ""name"": ""item.cobblemon.dragon_scale"", ""category"": ""cobblepedia:items"", ""read_by_default"": true, ""icon"": ""cobblemon:dragon_scale"", ""pages"": [ { ""type"": ""patchouli:spotlight"", ""item"": ""cobblemon:dragon_scale"", ""link_recipe"": true, ""title"": ""item.cobblemon.dra"
cobblepedia,FactorMoon\mods\Cobblepedia-NeoForge-0.7.1.jar,assets/cobblepedia/patchouli_books/cobblepedia/en_us/entries/dream_ball.json,False,False,"{ ""name"": ""item.cobblemon.dream_ball"", ""category"": ""cobblepedia:items"", ""read_by_default"": true, ""icon"": ""cobblemon:dream_ball"", ""pages"": [ { ""type"": ""patchouli:spotlight"", ""item"": ""cobblemon:dream_ball"", ""text"": ""book.cobblepedia.entries.dream_ball.text"" }, {"
cobblepedia,FactorMoon\mods\Cobblepedia-NeoForge-0.7.1.jar,assets/cobblepedia/patchouli_books/cobblepedia/en_us/entries/dream_rod.json,False,False,"{ ""name"": ""book.cobblepedia.entries.dream_rod.name"", ""category"": ""cobblepedia:items"", ""read_by_default"": true, ""icon"": ""cobblemon:dream_rod"", ""pages"": [ { ""type"": ""patchouli:spotlight"", ""item"": ""cobblemon:dream_rod"", ""text"": ""book.cobblepedia.entries.dream_rod"
cobblepedia,FactorMoon\mods\Cobblepedia-NeoForge-0.7.1.jar,assets/cobblepedia/patchouli_books/cobblepedia/en_us/entries/dripstone_moon_stone_ore.json,False,False,"{ ""name"": ""block.cobblemon.dripstone_moon_stone_ore"", ""category"": ""cobblepedia:items"", ""read_by_default"": true, ""icon"": ""cobblemon:dripstone_moon_stone_ore"", ""pages"": [ { ""type"": ""patchouli:spotlight"", ""item"": ""cobblemon:dripstone_moon_stone_ore"", ""link_recipe"
cobblepedia,FactorMoon\mods\Cobblepedia-NeoForge-0.7.1.jar,assets/cobblepedia/patchouli_books/cobblepedia/en_us/entries/dubious_disc.json,False,False,"{ ""name"": ""item.cobblemon.dubious_disc"", ""category"": ""cobblepedia:items"", ""read_by_default"": true, ""icon"": ""cobblemon:dubious_disc"", ""pages"": [ { ""type"": ""patchouli:spotlight"", ""item"": ""cobblemon:dubious_disc"", ""title"": ""item.cobblemon.dubious_disc"", ""text"": """
cobblepedia,FactorMoon\mods\Cobblepedia-NeoForge-0.7.1.jar,assets/cobblepedia/patchouli_books/cobblepedia/en_us/entries/durin_berry.json,False,False,"{ ""name"": ""item.cobblemon.durin_berry"", ""category"": ""cobblepedia:items"", ""read_by_default"": true, ""icon"": ""cobblemon:durin_berry"", ""pages"": [ { ""type"": ""cobblepedia:mutated_berry"", ""item"": ""cobblemon:durin_berry"" }, { ""type"": ""patchouli:text"", ""title"": ""book.c"
cobblepedia,FactorMoon\mods\Cobblepedia-NeoForge-0.7.1.jar,assets/cobblepedia/patchouli_books/cobblepedia/en_us/entries/dusk_ball.json,False,False,"{ ""name"": ""item.cobblemon.dusk_ball"", ""category"": ""cobblepedia:items"", ""read_by_default"": true, ""icon"": ""cobblemon:dusk_ball"", ""pages"": [ { ""type"": ""patchouli:spotlight"", ""item"": ""cobblemon:dusk_ball"", ""text"": ""book.cobblepedia.entries.dusk_ball.text"" }, { ""ty"
cobblepedia,FactorMoon\mods\Cobblepedia-NeoForge-0.7.1.jar,assets/cobblepedia/patchouli_books/cobblepedia/en_us/entries/dusk_rod.json,False,False,"{ ""name"": ""book.cobblepedia.entries.dusk_rod.name"", ""category"": ""cobblepedia:items"", ""read_by_default"": true, ""icon"": ""cobblemon:dusk_rod"", ""pages"": [ { ""type"": ""patchouli:spotlight"", ""item"": ""cobblemon:dusk_rod"", ""text"": ""book.cobblepedia.entries.dusk_rod.tex"
cobblepedia,FactorMoon\mods\Cobblepedia-NeoForge-0.7.1.jar,assets/cobblepedia/patchouli_books/cobblepedia/en_us/entries/dusk_stone.json,False,False,"{ ""name"": ""item.cobblemon.dusk_stone"", ""category"": ""cobblepedia:items"", ""read_by_default"": true, ""icon"": ""cobblemon:dusk_stone"", ""pages"": [ { ""type"": ""patchouli:spotlight"", ""item"": ""cobblemon:dusk_stone"", ""title"": ""item.cobblemon.dusk_stone"", ""text"": ""book.cob"
cobblepedia,FactorMoon\mods\Cobblepedia-NeoForge-0.7.1.jar,assets/cobblepedia/patchouli_books/cobblepedia/en_us/entries/dusk_stone_block.json,False,False,"{ ""name"": ""block.cobblemon.dusk_stone_block"", ""category"": ""cobblepedia:items"", ""read_by_default"": true, ""icon"": ""cobblemon:dusk_stone_block"", ""pages"": [ { ""type"": ""patchouli:spotlight"", ""item"": ""cobblemon:dusk_stone_block"", ""text"": ""book.cobblepedia.entries.du"
cobblepedia,FactorMoon\mods\Cobblepedia-NeoForge-0.7.1.jar,assets/cobblepedia/patchouli_books/cobblepedia/en_us/entries/dusk_stone_ore.json,False,False,"{ ""name"": ""block.cobblemon.dusk_stone_ore"", ""category"": ""cobblepedia:items"", ""read_by_default"": true, ""icon"": ""cobblemon:dusk_stone_ore"", ""pages"": [ { ""type"": ""patchouli:spotlight"", ""item"": ""cobblemon:dusk_stone_ore"", ""link_recipe"": true, ""title"": ""block.cobbl"
cobblepedia,FactorMoon\mods\Cobblepedia-NeoForge-0.7.1.jar,assets/cobblepedia/patchouli_books/cobblepedia/en_us/entries/eject_button.json,False,False,"{ ""name"": ""item.cobblemon.eject_button"", ""category"": ""cobblepedia:items"", ""read_by_default"": true, ""icon"": ""cobblemon:eject_button"", ""pages"": [ { ""type"": ""patchouli:spotlight"", ""item"": ""cobblemon:eject_button"", ""text"": ""book.cobblepedia.entries.eject_button.te"
cobblepedia,FactorMoon\mods\Cobblepedia-NeoForge-0.7.1.jar,assets/cobblepedia/patchouli_books/cobblepedia/en_us/entries/eject_pack.json,False,False,"{ ""name"": ""item.cobblemon.eject_pack"", ""category"": ""cobblepedia:items"", ""read_by_default"": true, ""icon"": ""cobblemon:eject_pack"", ""pages"": [ { ""type"": ""patchouli:spotlight"", ""item"": ""cobblemon:eject_pack"", ""link_recipe"": true, ""text"": ""book.cobblepedia.entries."
cobblepedia,FactorMoon\mods\Cobblepedia-NeoForge-0.7.1.jar,assets/cobblepedia/patchouli_books/cobblepedia/en_us/entries/electirizer.json,False,False,"{ ""name"": ""item.cobblemon.electirizer"", ""category"": ""cobblepedia:items"", ""read_by_default"": true, ""icon"": ""cobblemon:electirizer"", ""pages"": [ { ""type"": ""patchouli:spotlight"", ""item"": ""cobblemon:electirizer"", ""title"": ""item.cobblemon.electirizer"", ""text"": ""book"
cobblepedia,FactorMoon\mods\Cobblepedia-NeoForge-0.7.1.jar,assets/cobblepedia/patchouli_books/cobblepedia/en_us/entries/electric_gem.json,False,False,"{ ""name"": ""item.cobblemon.electric_gem"", ""category"": ""cobblepedia:items"", ""read_by_default"": true, ""icon"": ""cobblemon:electric_gem"", ""pages"": [ { ""type"": ""patchouli:spotlight"", ""item"": ""cobblemon:electric_gem"", ""link_recipe"": true, ""text"": ""book.cobblepedia.en"
cobblepedia,FactorMoon\mods\Cobblepedia-NeoForge-0.7.1.jar,assets/cobblepedia/patchouli_books/cobblepedia/en_us/entries/elixir.json,False,False,"{ ""name"": ""item.cobblemon.elixir"", ""category"": ""cobblepedia:items"", ""read_by_default"": true, ""icon"": ""cobblemon:elixir"", ""pages"": [ { ""type"": ""patchouli:spotlight"", ""item"": ""cobblemon:elixir"", ""text"": ""book.cobblepedia.entries.elixir.text"" }, { ""type"": ""cobble"
cobblepedia,FactorMoon\mods\Cobblepedia-NeoForge-0.7.1.jar,assets/cobblepedia/patchouli_books/cobblepedia/en_us/entries/energy_root.json,False,False,"{ ""name"": ""item.cobblemon.energy_root"", ""category"": ""cobblepedia:items"", ""read_by_default"": true, ""icon"": ""cobblemon:energy_root"", ""pages"": [ { ""type"": ""patchouli:spotlight"", ""item"": ""cobblemon:energy_root"", ""link_recipe"": true, ""text"": ""book.cobblepedia.entri"
cobblepedia,FactorMoon\mods\Cobblepedia-NeoForge-0.7.1.jar,assets/cobblepedia/patchouli_books/cobblepedia/en_us/entries/enigma_berry.json,False,False,"{ ""name"": ""item.cobblemon.enigma_berry"", ""category"": ""cobblepedia:items"", ""read_by_default"": true, ""icon"": ""cobblemon:enigma_berry"", ""pages"": [ { ""type"": ""cobblepedia:mutated_berry"", ""item"": ""cobblemon:enigma_berry"" }, { ""type"": ""patchouli:text"", ""title"": ""boo"
cobblepedia,FactorMoon\mods\Cobblepedia-NeoForge-0.7.1.jar,assets/cobblepedia/patchouli_books/cobblepedia/en_us/entries/ether.json,False,False,"{ ""name"": ""item.cobblemon.ether"", ""category"": ""cobblepedia:items"", ""read_by_default"": true, ""icon"": ""cobblemon:ether"", ""pages"": [ { ""type"": ""patchouli:spotlight"", ""item"": ""cobblemon:ether"", ""text"": ""book.cobblepedia.entries.ether.text"" }, { ""type"": ""cobblepedi"
cobblepedia,FactorMoon\mods\Cobblepedia-NeoForge-0.7.1.jar,assets/cobblepedia/patchouli_books/cobblepedia/en_us/entries/everstone.json,False,False,"{ ""name"": ""item.cobblemon.everstone"", ""category"": ""cobblepedia:items"", ""read_by_default"": true, ""icon"": ""cobblemon:everstone"", ""pages"": [ { ""type"": ""patchouli:spotlight"", ""item"": ""cobblemon:everstone"", ""link_recipe"": true, ""text"": ""book.cobblepedia.entries.eve"
cobblepedia,FactorMoon\mods\Cobblepedia-NeoForge-0.7.1.jar,assets/cobblepedia/patchouli_books/cobblepedia/en_us/entries/eviolite.json,False,False,"{ ""name"": ""item.cobblemon.eviolite"", ""category"": ""cobblepedia:items"", ""read_by_default"": true, ""icon"": ""cobblemon:eviolite"", ""pages"": [ { ""type"": ""patchouli:spotlight"", ""item"": ""cobblemon:eviolite"", ""text"": ""book.cobblepedia.entries.eviolite.text"" }, { ""type"":"
cobblepedia,FactorMoon\mods\Cobblepedia-NeoForge-0.7.1.jar,assets/cobblepedia/patchouli_books/cobblepedia/en_us/entries/evolution.json,False,False,"{ ""name"": ""book.cobblepedia.entries.evolution"", ""category"": ""cobblepedia:pokemon"", ""icon"": ""cobblemon:thunder_stone"", ""pages"": [ { ""type"": ""patchouli:text"", ""text"": ""book.cobblepedia.entries.evolution.text"" }, { ""type"": ""patchouli:image"", ""border"": true, ""titl"
cobblepedia,FactorMoon\mods\Cobblepedia-NeoForge-0.7.1.jar,assets/cobblepedia/patchouli_books/cobblepedia/en_us/entries/evolution_stone.json,False,False,"{ ""name"": ""book.cobblepedia.entries.evolution_stone"", ""category"": ""cobblepedia:evolution_items"", ""icon"": ""cobblemon:fire_stone"", ""pages"": [ { ""type"": ""patchouli:spotlight"", ""title"": ""book.cobblepedia.entries.evolution_stone"", ""item"": ""tag:cobblemon:evolution_s"
cobblepedia,FactorMoon\mods\Cobblepedia-NeoForge-0.7.1.jar,assets/cobblepedia/patchouli_books/cobblepedia/en_us/entries/evolution_stone_block.json,False,False,"{ ""name"": ""book.cobblepedia.entries.evolution_stone_block.name"", ""category"": ""cobblepedia:items"", ""icon"": ""cobblemon:dawn_stone_block"", ""pages"": [ { ""type"": ""patchouli:spotlight"", ""title"": ""book.cobblepedia.entries.evolution_stone_block.name"", ""item"": ""tag:cob"
cobblepedia,FactorMoon\mods\Cobblepedia-NeoForge-0.7.1.jar,assets/cobblepedia/patchouli_books/cobblepedia/en_us/entries/evolution_stone_mining.json,False,False,"{ ""name"": ""book.cobblepedia.entries.evolution_stone_mining"", ""category"": ""cobblepedia:getting_started"", ""icon"": ""cobblemon:dawn_stone"", ""sortnum"": 3, ""pages"": [ { ""type"": ""patchouli:text"", ""text"": ""book.cobblepedia.entries.evolution_stone_mining.text"" }, { ""ty"
cobblepedia,FactorMoon\mods\Cobblepedia-NeoForge-0.7.1.jar,assets/cobblepedia/patchouli_books/cobblepedia/en_us/entries/evolution_stone_ore.json,False,False,"{ ""name"": ""book.cobblepedia.entries.evolution_stone_ore"", ""category"": ""cobblepedia:getting_started"", ""icon"": ""cobblemon:fire_stone_ore"", ""pages"": [ { ""type"": ""patchouli:text"", ""text"": ""book.cobblepedia.entries.evolution_stone_ore.text"" }, { ""type"": ""patchouli:"
cobblepedia,FactorMoon\mods\Cobblepedia-NeoForge-0.7.1.jar,assets/cobblepedia/patchouli_books/cobblepedia/en_us/entries/exp_candy_l.json,False,False,"{ ""name"": ""item.cobblemon.exp_candy_l"", ""category"": ""cobblepedia:items"", ""read_by_default"": true, ""icon"": ""cobblemon:exp_candy_l"", ""pages"": [ { ""type"": ""patchouli:spotlight"", ""item"": ""cobblemon:exp_candy_l"", ""link_recipe"": true, ""text"": ""book.cobblepedia.entri"
cobblepedia,FactorMoon\mods\Cobblepedia-NeoForge-0.7.1.jar,assets/cobblepedia/patchouli_books/cobblepedia/en_us/entries/exp_candy_m.json,False,False,"{ ""name"": ""item.cobblemon.exp_candy_m"", ""category"": ""cobblepedia:items"", ""read_by_default"": true, ""icon"": ""cobblemon:exp_candy_m"", ""pages"": [ { ""type"": ""patchouli:spotlight"", ""item"": ""cobblemon:exp_candy_m"", ""link_recipe"": true, ""text"": ""book.cobblepedia.entri"
cobblepedia,FactorMoon\mods\Cobblepedia-NeoForge-0.7.1.jar,assets/cobblepedia/patchouli_books/cobblepedia/en_us/entries/exp_candy_s.json,False,False,"{ ""name"": ""item.cobblemon.exp_candy_s"", ""category"": ""cobblepedia:items"", ""read_by_default"": true, ""icon"": ""cobblemon:exp_candy_s"", ""pages"": [ { ""type"": ""patchouli:spotlight"", ""item"": ""cobblemon:exp_candy_s"", ""link_recipe"": true, ""text"": ""book.cobblepedia.entri"
cobblepedia,FactorMoon\mods\Cobblepedia-NeoForge-0.7.1.jar,assets/cobblepedia/patchouli_books/cobblepedia/en_us/entries/exp_candy_xl.json,False,False,"{ ""name"": ""item.cobblemon.exp_candy_xl"", ""category"": ""cobblepedia:items"", ""read_by_default"": true, ""icon"": ""cobblemon:exp_candy_xl"", ""pages"": [ { ""type"": ""patchouli:spotlight"", ""item"": ""cobblemon:exp_candy_xl"", ""link_recipe"": true, ""text"": ""book.cobblepedia.en"
cobblepedia,FactorMoon\mods\Cobblepedia-NeoForge-0.7.1.jar,assets/cobblepedia/patchouli_books/cobblepedia/en_us/entries/exp_candy_xs.json,False,False,"{ ""name"": ""item.cobblemon.exp_candy_xs"", ""category"": ""cobblepedia:items"", ""read_by_default"": true, ""icon"": ""cobblemon:exp_candy_xs"", ""pages"": [ { ""type"": ""patchouli:spotlight"", ""item"": ""cobblemon:exp_candy_xs"", ""link_recipe"": true, ""text"": ""book.cobblepedia.en"
cobblepedia,FactorMoon\mods\Cobblepedia-NeoForge-0.7.1.jar,assets/cobblepedia/patchouli_books/cobblepedia/en_us/entries/exp_share.json,False,False,"{ ""name"": ""item.cobblemon.exp_share"", ""category"": ""cobblepedia:items"", ""read_by_default"": true, ""icon"": ""cobblemon:exp_share"", ""pages"": [ { ""type"": ""patchouli:spotlight"", ""item"": ""cobblemon:exp_share"", ""text"": ""book.cobblepedia.entries.exp_share.text"" }, { ""ty"
cobblepedia,FactorMoon\mods\Cobblepedia-NeoForge-0.7.1.jar,assets/cobblepedia/patchouli_books/cobblepedia/en_us/entries/expert_belt.json,False,False,"{ ""name"": ""item.cobblemon.expert_belt"", ""category"": ""cobblepedia:items"", ""read_by_default"": true, ""icon"": ""cobblemon:expert_belt"", ""pages"": [ { ""type"": ""patchouli:spotlight"", ""item"": ""cobblemon:expert_belt"", ""text"": ""book.cobblepedia.entries.expert_belt.text"" "
cobblepedia,FactorMoon\mods\Cobblepedia-NeoForge-0.7.1.jar,assets/cobblepedia/patchouli_books/cobblepedia/en_us/entries/fairy_feather.json,False,False,"{ ""name"": ""item.cobblemon.fairy_feather"", ""category"": ""cobblepedia:items"", ""read_by_default"": true, ""icon"": ""cobblemon:fairy_feather"", ""pages"": [ { ""type"": ""patchouli:spotlight"", ""item"": ""cobblemon:fairy_feather"", ""link_recipe"": true, ""text"": ""book.cobblepedia"
cobblepedia,FactorMoon\mods\Cobblepedia-NeoForge-0.7.1.jar,assets/cobblepedia/patchouli_books/cobblepedia/en_us/entries/fairy_gem.json,False,False,"{ ""name"": ""item.cobblemon.fairy_gem"", ""category"": ""cobblepedia:items"", ""read_by_default"": true, ""icon"": ""cobblemon:fairy_gem"", ""pages"": [ { ""type"": ""patchouli:spotlight"", ""item"": ""cobblemon:fairy_gem"", ""link_recipe"": true, ""text"": ""book.cobblepedia.entries.fai"
cobblepedia,FactorMoon\mods\Cobblepedia-NeoForge-0.7.1.jar,assets/cobblepedia/patchouli_books/cobblepedia/en_us/entries/fallen_statue_ruins.json,False,False,"{ ""name"": ""book.cobblepedia.entries.fallen_statue_ruins.name"", ""category"": ""cobblepedia:structures"", ""read_by_default"": true, ""icon"": ""minecraft:smooth_stone"", ""pages"": [ { ""type"": ""patchouli:text"", ""text"": ""book.cobblepedia.entries.fallen_statue_ruins.text"" }"
cobblepedia,FactorMoon\mods\Cobblepedia-NeoForge-0.7.1.jar,assets/cobblepedia/patchouli_books/cobblepedia/en_us/entries/fast_ball.json,False,False,"{ ""name"": ""item.cobblemon.fast_ball"", ""category"": ""cobblepedia:items"", ""read_by_default"": true, ""icon"": ""cobblemon:fast_ball"", ""pages"": [ { ""type"": ""patchouli:spotlight"", ""item"": ""cobblemon:fast_ball"", ""text"": ""book.cobblepedia.entries.fast_ball.text"" }, { ""ty"
cobblepedia,FactorMoon\mods\Cobblepedia-NeoForge-0.7.1.jar,assets/cobblepedia/patchouli_books/cobblepedia/en_us/entries/fast_rod.json,False,False,"{ ""name"": ""book.cobblepedia.entries.fast_rod.name"", ""category"": ""cobblepedia:items"", ""read_by_default"": true, ""icon"": ""cobblemon:fast_rod"", ""pages"": [ { ""type"": ""patchouli:spotlight"", ""item"": ""cobblemon:fast_rod"", ""text"": ""book.cobblepedia.entries.fast_rod.tex"
cobblepedia,FactorMoon\mods\Cobblepedia-NeoForge-0.7.1.jar,assets/cobblepedia/patchouli_books/cobblepedia/en_us/entries/feather.json,False,False,"{ ""name"": ""book.cobblepedia.entries.feather.name"", ""category"": ""cobblepedia:consumables"", ""icon"": ""cobblemon:health_feather"", ""pages"": [ { ""type"": ""patchouli:spotlight"", ""item"": ""tag:cobblemon:feathers"", ""text"": ""book.cobblepedia.entries.feather.text"" }, { ""ty"
cobblepedia,FactorMoon\mods\Cobblepedia-NeoForge-0.7.1.jar,assets/cobblepedia/patchouli_books/cobblepedia/en_us/entries/fighting_gem.json,False,False,"{ ""name"": ""item.cobblemon.fighting_gem"", ""category"": ""cobblepedia:items"", ""read_by_default"": true, ""icon"": ""cobblemon:fighting_gem"", ""pages"": [ { ""type"": ""patchouli:spotlight"", ""item"": ""cobblemon:fighting_gem"", ""link_recipe"": true, ""text"": ""book.cobblepedia.en"
cobblepedia,FactorMoon\mods\Cobblepedia-NeoForge-0.7.1.jar,assets/cobblepedia/patchouli_books/cobblepedia/en_us/entries/figy_berry.json,False,False,"{ ""name"": ""item.cobblemon.figy_berry"", ""category"": ""cobblepedia:items"", ""read_by_default"": true, ""icon"": ""cobblemon:figy_berry"", ""pages"": [ { ""type"": ""cobblepedia:mutated_berry"", ""item"": ""cobblemon:figy_berry"" }, { ""type"": ""patchouli:text"", ""title"": ""book.cobb"
cobblepedia,FactorMoon\mods\Cobblepedia-NeoForge-0.7.1.jar,assets/cobblepedia/patchouli_books/cobblepedia/en_us/entries/fine_remedy.json,False,False,"{ ""name"": ""item.cobblemon.fine_remedy"", ""category"": ""cobblepedia:items"", ""read_by_default"": true, ""icon"": ""cobblemon:fine_remedy"", ""pages"": [ { ""type"": ""patchouli:spotlight"", ""item"": ""cobblemon:fine_remedy"", ""text"": ""book.cobblepedia.entries.fine_remedy.text"" "
cobblepedia,FactorMoon\mods\Cobblepedia-NeoForge-0.7.1.jar,assets/cobblepedia/patchouli_books/cobblepedia/en_us/entries/fire_gem.json,False,False,"{ ""name"": ""item.cobblemon.fire_gem"", ""category"": ""cobblepedia:items"", ""read_by_default"": true, ""icon"": ""cobblemon:fire_gem"", ""pages"": [ { ""type"": ""patchouli:spotlight"", ""item"": ""cobblemon:fire_gem"", ""link_recipe"": true, ""text"": ""book.cobblepedia.entries.fire_g"
cobblepedia,FactorMoon\mods\Cobblepedia-NeoForge-0.7.1.jar,assets/cobblepedia/patchouli_books/cobblepedia/en_us/entries/fire_stone.json,False,False,"{ ""name"": ""item.cobblemon.fire_stone"", ""category"": ""cobblepedia:items"", ""read_by_default"": true, ""icon"": ""cobblemon:fire_stone"", ""pages"": [ { ""type"": ""patchouli:spotlight"", ""item"": ""cobblemon:fire_stone"", ""title"": ""item.cobblemon.fire_stone"", ""text"": ""book.cob"
cobblepedia,FactorMoon\mods\Cobblepedia-NeoForge-0.7.1.jar,assets/cobblepedia/patchouli_books/cobblepedia/en_us/entries/fire_stone_block.json,False,False,"{ ""name"": ""block.cobblemon.fire_stone_block"", ""category"": ""cobblepedia:items"", ""read_by_default"": true, ""icon"": ""cobblemon:fire_stone_block"", ""pages"": [ { ""type"": ""patchouli:spotlight"", ""item"": ""cobblemon:fire_stone_block"", ""text"": ""book.cobblepedia.entries.fi"
cobblepedia,FactorMoon\mods\Cobblepedia-NeoForge-0.7.1.jar,assets/cobblepedia/patchouli_books/cobblepedia/en_us/entries/fire_stone_ore.json,False,False,"{ ""name"": ""block.cobblemon.fire_stone_ore"", ""category"": ""cobblepedia:items"", ""read_by_default"": true, ""icon"": ""cobblemon:fire_stone_ore"", ""pages"": [ { ""type"": ""patchouli:spotlight"", ""item"": ""cobblemon:fire_stone_ore"", ""link_recipe"": true, ""title"": ""block.cobbl"
cobblepedia,FactorMoon\mods\Cobblepedia-NeoForge-0.7.1.jar,assets/cobblepedia/patchouli_books/cobblepedia/en_us/entries/flame_orb.json,False,False,"{ ""name"": ""item.cobblemon.flame_orb"", ""category"": ""cobblepedia:items"", ""read_by_default"": true, ""icon"": ""cobblemon:flame_orb"", ""pages"": [ { ""type"": ""patchouli:spotlight"", ""item"": ""cobblemon:flame_orb"", ""text"": ""book.cobblepedia.entries.flame_orb.text"" }, { ""ty"
cobblepedia,FactorMoon\mods\Cobblepedia-NeoForge-0.7.1.jar,assets/cobblepedia/patchouli_books/cobblepedia/en_us/entries/float_stone.json,False,False,"{ ""name"": ""item.cobblemon.float_stone"", ""category"": ""cobblepedia:items"", ""read_by_default"": true, ""icon"": ""cobblemon:float_stone"", ""pages"": [ { ""type"": ""patchouli:spotlight"", ""item"": ""cobblemon:float_stone"", ""link_recipe"": true, ""text"": ""book.cobblepedia.entri"
cobblepedia,FactorMoon\mods\Cobblepedia-NeoForge-0.7.1.jar,assets/cobblepedia/patchouli_books/cobblepedia/en_us/entries/flower_sweet.json,False,False,"{ ""name"": ""item.cobblemon.flower_sweet"", ""category"": ""cobblepedia:items"", ""read_by_default"": true, ""icon"": ""cobblemon:flower_sweet"", ""pages"": [ { ""type"": ""patchouli:spotlight"", ""item"": ""cobblemon:flower_sweet"", ""title"": ""item.cobblemon.flower_sweet"", ""text"": """
cobblepedia,FactorMoon\mods\Cobblepedia-NeoForge-0.7.1.jar,assets/cobblepedia/patchouli_books/cobblepedia/en_us/entries/flying_gem.json,False,False,"{ ""name"": ""item.cobblemon.flying_gem"", ""category"": ""cobblepedia:items"", ""read_by_default"": true, ""icon"": ""cobblemon:flying_gem"", ""pages"": [ { ""type"": ""patchouli:spotlight"", ""item"": ""cobblemon:flying_gem"", ""link_recipe"": true, ""text"": ""book.cobblepedia.entries."
cobblepedia,FactorMoon\mods\Cobblepedia-NeoForge-0.7.1.jar,assets/cobblepedia/patchouli_books/cobblepedia/en_us/entries/focus_band.json,False,False,"{ ""name"": ""item.cobblemon.focus_band"", ""category"": ""cobblepedia:items"", ""read_by_default"": true, ""icon"": ""cobblemon:focus_band"", ""pages"": [ { ""type"": ""patchouli:spotlight"", ""item"": ""cobblemon:focus_band"", ""text"": ""book.cobblepedia.entries.focus_band.text"" }, {"
cobblepedia,FactorMoon\mods\Cobblepedia-NeoForge-0.7.1.jar,assets/cobblepedia/patchouli_books/cobblepedia/en_us/entries/focus_sash.json,False,False,"{ ""name"": ""item.cobblemon.focus_sash"", ""category"": ""cobblepedia:items"", ""read_by_default"": true, ""icon"": ""cobblemon:focus_sash"", ""pages"": [ { ""type"": ""patchouli:spotlight"", ""item"": ""cobblemon:focus_sash"", ""text"": ""book.cobblepedia.entries.focus_sash.text"" }, {"
cobblepedia,FactorMoon\mods\Cobblepedia-NeoForge-0.7.1.jar,assets/cobblepedia/patchouli_books/cobblepedia/en_us/entries/food.json,False,False,"{ ""name"": ""book.cobblepedia.entries.food"", ""category"": ""cobblepedia:consumables"", ""icon"": ""cobblemon:leek_and_potato_stew"", ""pages"": [ { ""type"": ""patchouli:text"", ""text"": ""book.cobblepedia.entries.food.text"" }, { ""type"": ""patchouli:relations"", ""entries"": [ ""co"
cobblepedia,FactorMoon\mods\Cobblepedia-NeoForge-0.7.1.jar,assets/cobblepedia/patchouli_books/cobblepedia/en_us/entries/fossil.json,False,False,"{ ""name"": ""book.cobblepedia.entries.fossil.name"", ""category"": ""cobblepedia:archaeology"", ""icon"": ""cobblemon:helix_fossil"", ""turnin"": ""cobblemon:obtain_fossil"", ""pages"": [ { ""type"": ""patchouli:spotlight"", ""title"": ""book.cobblepedia.entries.fossil.name"", ""item"":"
cobblepedia,FactorMoon\mods\Cobblepedia-NeoForge-0.7.1.jar,assets/cobblepedia/patchouli_books/cobblepedia/en_us/entries/fossil_analyzer.json,False,False,"{ ""name"": ""block.cobblemon.fossil_analyzer"", ""category"": ""cobblepedia:items"", ""read_by_default"": true, ""icon"": ""cobblemon:fossil_analyzer"", ""pages"": [ { ""type"": ""patchouli:spotlight"", ""item"": ""cobblemon:fossil_analyzer"", ""title"": ""block.cobblemon.fossil_analyz"
cobblepedia,FactorMoon\mods\Cobblepedia-NeoForge-0.7.1.jar,assets/cobblepedia/patchouli_books/cobblepedia/en_us/entries/fossil_structure.json,False,False,"{ ""name"": ""book.cobblepedia.entries.fossil_structure.name"", ""category"": ""cobblepedia:archaeology"", ""icon"": ""minecraft:suspicious_sand"", ""pages"": [ { ""type"": ""patchouli:text"", ""text"": ""book.cobblepedia.entries.fossil_structure.text"" }, { ""type"": ""patchouli:rela"
cobblepedia,FactorMoon\mods\Cobblepedia-NeoForge-0.7.1.jar,assets/cobblepedia/patchouli_books/cobblepedia/en_us/entries/fossilized_bird.json,False,False,"{ ""name"": ""item.cobblemon.fossilized_bird"", ""category"": ""cobblepedia:items"", ""read_by_default"": true, ""icon"": ""cobblemon:fossilized_bird"", ""pages"": [ { ""type"": ""patchouli:spotlight"", ""title"": ""item.cobblemon.fossilized_bird"", ""item"": ""cobblemon:fossilized_bird"
cobblepedia,FactorMoon\mods\Cobblepedia-NeoForge-0.7.1.jar,assets/cobblepedia/patchouli_books/cobblepedia/en_us/entries/fossilized_dino.json,False,False,"{ ""name"": ""item.cobblemon.fossilized_dino"", ""category"": ""cobblepedia:items"", ""read_by_default"": true, ""icon"": ""cobblemon:fossilized_dino"", ""pages"": [ { ""type"": ""patchouli:spotlight"", ""title"": ""item.cobblemon.fossilized_dino"", ""item"": ""cobblemon:fossilized_dino"
cobblepedia,FactorMoon\mods\Cobblepedia-NeoForge-0.7.1.jar,assets/cobblepedia/patchouli_books/cobblepedia/en_us/entries/fossilized_drake.json,False,False,"{ ""name"": ""item.cobblemon.fossilized_drake"", ""category"": ""cobblepedia:items"", ""read_by_default"": true, ""icon"": ""cobblemon:fossilized_drake"", ""pages"": [ { ""type"": ""patchouli:spotlight"", ""title"": ""item.cobblemon.fossilized_drake"", ""item"": ""cobblemon:fossilized_d"
cobblepedia,FactorMoon\mods\Cobblepedia-NeoForge-0.7.1.jar,assets/cobblepedia/patchouli_books/cobblepedia/en_us/entries/fossilized_fish.json,False,False,"{ ""name"": ""item.cobblemon.fossilized_fish"", ""category"": ""cobblepedia:items"", ""read_by_default"": true, ""icon"": ""cobblemon:fossilized_fish"", ""pages"": [ { ""type"": ""patchouli:spotlight"", ""title"": ""item.cobblemon.fossilized_fish"", ""item"": ""cobblemon:fossilized_fish"
cobblepedia,FactorMoon\mods\Cobblepedia-NeoForge-0.7.1.jar,assets/cobblepedia/patchouli_books/cobblepedia/en_us/entries/friend_ball.json,False,False,"{ ""name"": ""item.cobblemon.friend_ball"", ""category"": ""cobblepedia:items"", ""read_by_default"": true, ""icon"": ""cobblemon:friend_ball"", ""pages"": [ { ""type"": ""patchouli:spotlight"", ""item"": ""cobblemon:friend_ball"", ""text"": ""book.cobblepedia.entries.friend_ball.text"" "
cobblepedia,FactorMoon\mods\Cobblepedia-NeoForge-0.7.1.jar,assets/cobblepedia/patchouli_books/cobblepedia/en_us/entries/friend_rod.json,False,False,"{ ""name"": ""book.cobblepedia.entries.friend_rod.name"", ""category"": ""cobblepedia:items"", ""read_by_default"": true, ""icon"": ""cobblemon:friend_rod"", ""pages"": [ { ""type"": ""patchouli:spotlight"", ""item"": ""cobblemon:friend_rod"", ""text"": ""book.cobblepedia.entries.friend"
cobblepedia,FactorMoon\mods\Cobblepedia-NeoForge-0.7.1.jar,assets/cobblepedia/patchouli_books/cobblepedia/en_us/entries/friendship_command.json,False,False,"{ ""name"": ""book.cobblepedia.entries.friendship_command"", ""category"": ""cobblepedia:commands"", ""read_by_default"": true, ""icon"": ""cobblemon:upgrade"", ""pages"": [ { ""type"": ""patchouli:text"", ""text"": ""book.cobblepedia.entries.friendship_command.text"" }, { ""type"": ""p"
cobblepedia,FactorMoon\mods\Cobblepedia-NeoForge-0.7.1.jar,assets/cobblepedia/patchouli_books/cobblepedia/en_us/entries/full_heal.json,False,False,"{ ""name"": ""item.cobblemon.full_heal"", ""category"": ""cobblepedia:items"", ""read_by_default"": true, ""icon"": ""cobblemon:full_heal"", ""pages"": [ { ""type"": ""patchouli:spotlight"", ""item"": ""cobblemon:full_heal"", ""text"": ""book.cobblepedia.entries.full_heal.text"" }, { ""ty"
cobblepedia,FactorMoon\mods\Cobblepedia-NeoForge-0.7.1.jar,assets/cobblepedia/patchouli_books/cobblepedia/en_us/entries/full_restore.json,False,False,"{ ""name"": ""item.cobblemon.full_restore"", ""category"": ""cobblepedia:items"", ""read_by_default"": true, ""icon"": ""cobblemon:full_restore"", ""pages"": [ { ""type"": ""patchouli:spotlight"", ""item"": ""cobblemon:full_restore"", ""text"": ""book.cobblepedia.entries.full_restore.te"
cobblepedia,FactorMoon\mods\Cobblepedia-NeoForge-0.7.1.jar,assets/cobblepedia/patchouli_books/cobblepedia/en_us/entries/galarica_cuff.json,False,False,"{ ""name"": ""item.cobblemon.galarica_cuff"", ""category"": ""cobblepedia:items"", ""read_by_default"": true, ""icon"": ""cobblemon:galarica_cuff"", ""pages"": [ { ""type"": ""patchouli:spotlight"", ""item"": ""cobblemon:galarica_cuff"", ""link_recipe"": true, ""title"": ""item.cobblemon."
cobblepedia,FactorMoon\mods\Cobblepedia-NeoForge-0.7.1.jar,assets/cobblepedia/patchouli_books/cobblepedia/en_us/entries/galarica_wreath.json,False,False,"{ ""name"": ""item.cobblemon.galarica_wreath"", ""category"": ""cobblepedia:items"", ""read_by_default"": true, ""icon"": ""cobblemon:galarica_wreath"", ""pages"": [ { ""type"": ""patchouli:spotlight"", ""item"": ""cobblemon:galarica_wreath"", ""link_recipe"": true, ""title"": ""item.cobb"
cobblepedia,FactorMoon\mods\Cobblepedia-NeoForge-0.7.1.jar,assets/cobblepedia/patchouli_books/cobblepedia/en_us/entries/ganlon_berry.json,False,False,"{ ""name"": ""item.cobblemon.ganlon_berry"", ""category"": ""cobblepedia:items"", ""read_by_default"": true, ""icon"": ""cobblemon:ganlon_berry"", ""pages"": [ { ""type"": ""cobblepedia:mutated_berry"", ""item"": ""cobblemon:ganlon_berry"" }, { ""type"": ""patchouli:text"", ""title"": ""boo"
cobblepedia,FactorMoon\mods\Cobblepedia-NeoForge-0.7.1.jar,assets/cobblepedia/patchouli_books/cobblepedia/en_us/entries/genius_feather.json,False,False,"{ ""name"": ""item.cobblemon.genius_feather"", ""category"": ""cobblepedia:items"", ""read_by_default"": true, ""icon"": ""cobblemon:genius_feather"", ""pages"": [ { ""type"": ""patchouli:spotlight"", ""item"": ""cobblemon:genius_feather"", ""link_recipe"": true, ""text"": ""book.cobblepe"
cobblepedia,FactorMoon\mods\Cobblepedia-NeoForge-0.7.1.jar,assets/cobblepedia/patchouli_books/cobblepedia/en_us/entries/gentle_mint.json,False,False,"{ ""name"": ""item.cobblemon.gentle_mint"", ""category"": ""cobblepedia:items"", ""read_by_default"": true, ""icon"": ""cobblemon:gentle_mint"", ""pages"": [ { ""type"": ""patchouli:spotlight"", ""item"": ""cobblemon:gentle_mint"", ""text"": ""book.cobblepedia.entries.gentle_mint.text"" "
cobblepedia,FactorMoon\mods\Cobblepedia-NeoForge-0.7.1.jar,assets/cobblepedia/patchouli_books/cobblepedia/en_us/entries/ghost_gem.json,False,False,"{ ""name"": ""item.cobblemon.ghost_gem"", ""category"": ""cobblepedia:items"", ""read_by_default"": true, ""icon"": ""cobblemon:ghost_gem"", ""pages"": [ { ""type"": ""patchouli:spotlight"", ""item"": ""cobblemon:ghost_gem"", ""link_recipe"": true, ""text"": ""book.cobblepedia.entries.gho"
cobblepedia,FactorMoon\mods\Cobblepedia-NeoForge-0.7.1.jar,assets/cobblepedia/patchouli_books/cobblepedia/en_us/entries/gilded_chest.json,False,False,"{ ""name"": ""block.cobblemon.gilded_chest"", ""category"": ""cobblepedia:items"", ""read_by_default"": true, ""icon"": ""cobblemon:gilded_chest"", ""pages"": [ { ""type"": ""patchouli:spotlight"", ""item"": ""cobblemon:gilded_chest"", ""title"": ""block.cobblemon.gilded_chest"", ""text"":"
cobblepedia,FactorMoon\mods\Cobblepedia-NeoForge-0.7.1.jar,assets/cobblepedia/patchouli_books/cobblepedia/en_us/entries/gimmighoul.json,False,False,"{ ""name"": ""book.cobblepedia.entries.gimmighoul.name"", ""category"": ""cobblepedia:archaeology"", ""icon"": ""cobblemon:pokemon_model[cobblemon:pokemon_item={species:\""cobblemon:gimmighoul\"", aspects:[]}]"", ""turnin"": ""cobblemon:evolve_gholdengo_netherite"", ""pages"": [ "
cobblepedia,FactorMoon\mods\Cobblepedia-NeoForge-0.7.1.jar,assets/cobblepedia/patchouli_books/cobblepedia/en_us/entries/gimmighoul_chest.json,False,False,"{ ""name"": ""block.cobblemon.gimmighoul_chest"", ""category"": ""cobblepedia:items"", ""read_by_default"": true, ""icon"": ""cobblemon:gimmighoul_chest"", ""pages"": [ { ""type"": ""patchouli:spotlight"", ""item"": ""cobblemon:gimmighoul_chest"", ""link_recipe"": true, ""title"": ""block"
cobblepedia,FactorMoon\mods\Cobblepedia-NeoForge-0.7.1.jar,assets/cobblepedia/patchouli_books/cobblepedia/en_us/entries/gimmighoul_towers.json,False,False,"{ ""name"": ""book.cobblepedia.entries.gimmighoul_towers.name"", ""category"": ""cobblepedia:structures"", ""read_by_default"": true, ""icon"": ""cobblemon:gimmighoul_chest"", ""pages"": [ { ""type"": ""patchouli:text"", ""text"": ""book.cobblepedia.entries.gimmighoul_towers.text"" }"
cobblepedia,FactorMoon\mods\Cobblepedia-NeoForge-0.7.1.jar,assets/cobblepedia/patchouli_books/cobblepedia/en_us/entries/giveallpokemon_command.json,False,False,"{ ""name"": ""book.cobblepedia.entries.giveallpokemon_command"", ""category"": ""cobblepedia:commands"", ""read_by_default"": true, ""icon"": ""cobblemon:upgrade"", ""pages"": [ { ""type"": ""patchouli:text"", ""text"": ""book.cobblepedia.entries.giveallpokemon_command.text"" }, { ""t"
cobblepedia,FactorMoon\mods\Cobblepedia-NeoForge-0.7.1.jar,assets/cobblepedia/patchouli_books/cobblepedia/en_us/entries/givepokemon_command.json,False,False,"{ ""name"": ""book.cobblepedia.entries.givepokemon_command"", ""category"": ""cobblepedia:commands"", ""read_by_default"": true, ""icon"": ""cobblemon:upgrade"", ""pages"": [ { ""type"": ""patchouli:text"", ""text"": ""book.cobblepedia.entries.givepokemon_command.text"" }, { ""type"": "
cobblepedia,FactorMoon\mods\Cobblepedia-NeoForge-0.7.1.jar,assets/cobblepedia/patchouli_books/cobblepedia/en_us/entries/givepokemonother_command.json,False,False,"{ ""name"": ""book.cobblepedia.entries.givepokemonother_command"", ""category"": ""cobblepedia:commands"", ""read_by_default"": true, ""icon"": ""cobblemon:upgrade"", ""pages"": [ { ""type"": ""patchouli:text"", ""text"": ""book.cobblepedia.entries.givepokemonother_command.text"" }, "
cobblepedia,FactorMoon\mods\Cobblepedia-NeoForge-0.7.1.jar,assets/cobblepedia/patchouli_books/cobblepedia/en_us/entries/grass_gem.json,False,False,"{ ""name"": ""item.cobblemon.grass_gem"", ""category"": ""cobblepedia:items"", ""read_by_default"": true, ""icon"": ""cobblemon:grass_gem"", ""pages"": [ { ""type"": ""patchouli:spotlight"", ""item"": ""cobblemon:grass_gem"", ""link_recipe"": true, ""text"": ""book.cobblepedia.entries.gra"
cobblepedia,FactorMoon\mods\Cobblepedia-NeoForge-0.7.1.jar,assets/cobblepedia/patchouli_books/cobblepedia/en_us/entries/great_ball.json,False,False,"{ ""name"": ""item.cobblemon.great_ball"", ""category"": ""cobblepedia:items"", ""read_by_default"": true, ""icon"": ""cobblemon:great_ball"", ""pages"": [ { ""type"": ""patchouli:spotlight"", ""item"": ""cobblemon:great_ball"", ""text"": ""book.cobblepedia.entries.great_ball.text"" }, {"
cobblepedia,FactorMoon\mods\Cobblepedia-NeoForge-0.7.1.jar,assets/cobblepedia/patchouli_books/cobblepedia/en_us/entries/great_rod.json,False,False,"{ ""name"": ""book.cobblepedia.entries.great_rod.name"", ""category"": ""cobblepedia:items"", ""read_by_default"": true, ""icon"": ""cobblemon:great_rod"", ""pages"": [ { ""type"": ""patchouli:spotlight"", ""item"": ""cobblemon:great_rod"", ""text"": ""book.cobblepedia.entries.great_rod"
cobblepedia,FactorMoon\mods\Cobblepedia-NeoForge-0.7.1.jar,assets/cobblepedia/patchouli_books/cobblepedia/en_us/entries/green_apricorn.json,False,False,"{ ""name"": ""item.cobblemon.green_apricorn"", ""category"": ""cobblepedia:items"", ""read_by_default"": true, ""icon"": ""cobblemon:green_apricorn"", ""pages"": [ { ""type"": ""patchouli:spotlight"", ""item"": ""cobblemon:green_apricorn"", ""link_recipe"": true, ""title"": ""item.cobblem"
cobblepedia,FactorMoon\mods\Cobblepedia-NeoForge-0.7.1.jar,assets/cobblepedia/patchouli_books/cobblepedia/en_us/entries/green_apricorn_seed.json,False,False,"{ ""name"": ""item.cobblemon.green_apricorn_seed"", ""category"": ""cobblepedia:items"", ""read_by_default"": true, ""icon"": ""cobblemon:green_apricorn_seed"", ""pages"": [ { ""type"": ""patchouli:spotlight"", ""item"": ""cobblemon:green_apricorn_seed"", ""link_recipe"": true, ""title"""
cobblepedia,FactorMoon\mods\Cobblepedia-NeoForge-0.7.1.jar,assets/cobblepedia/patchouli_books/cobblepedia/en_us/entries/green_gilded_chest.json,False,False,"{ ""name"": ""block.cobblemon.green_gilded_chest"", ""category"": ""cobblepedia:items"", ""read_by_default"": true, ""icon"": ""cobblemon:green_gilded_chest"", ""pages"": [ { ""type"": ""patchouli:spotlight"", ""item"": ""cobblemon:green_gilded_chest"", ""title"": ""block.cobblemon.gree"
cobblepedia,FactorMoon\mods\Cobblepedia-NeoForge-0.7.1.jar,assets/cobblepedia/patchouli_books/cobblepedia/en_us/entries/green_mint_leaf.json,False,False,"{ ""name"": ""item.cobblemon.green_mint_leaf"", ""category"": ""cobblepedia:items"", ""read_by_default"": true, ""icon"": ""cobblemon:green_mint_leaf"", ""pages"": [ { ""type"": ""patchouli:spotlight"", ""item"": ""cobblemon:green_mint_leaf"", ""link_recipe"": true, ""text"": ""book.cobbl"
cobblepedia,FactorMoon\mods\Cobblepedia-NeoForge-0.7.1.jar,assets/cobblepedia/patchouli_books/cobblepedia/en_us/entries/green_mint_seeds.json,False,False,"{ ""name"": ""block.cobblemon.green_mint"", ""category"": ""cobblepedia:items"", ""read_by_default"": true, ""icon"": ""cobblemon:green_mint_seeds"", ""pages"": [ { ""type"": ""patchouli:spotlight"", ""item"": ""cobblemon:green_mint_seeds"", ""link_recipe"": true, ""text"": ""book.cobblep"
cobblepedia,FactorMoon\mods\Cobblepedia-NeoForge-0.7.1.jar,assets/cobblepedia/patchouli_books/cobblepedia/en_us/entries/grepa_berry.json,False,False,"{ ""name"": ""item.cobblemon.grepa_berry"", ""category"": ""cobblepedia:items"", ""read_by_default"": true, ""icon"": ""cobblemon:grepa_berry"", ""pages"": [ { ""type"": ""cobblepedia:mutated_berry"", ""item"": ""cobblemon:grepa_berry"" }, { ""type"": ""patchouli:text"", ""title"": ""book.c"
cobblepedia,FactorMoon\mods\Cobblepedia-NeoForge-0.7.1.jar,assets/cobblepedia/patchouli_books/cobblepedia/en_us/entries/ground_gem.json,False,False,"{ ""name"": ""item.cobblemon.ground_gem"", ""category"": ""cobblepedia:items"", ""read_by_default"": true, ""icon"": ""cobblemon:ground_gem"", ""pages"": [ { ""type"": ""patchouli:spotlight"", ""item"": ""cobblemon:ground_gem"", ""link_recipe"": true, ""text"": ""book.cobblepedia.entries."
cobblepedia,FactorMoon\mods\Cobblepedia-NeoForge-0.7.1.jar,assets/cobblepedia/patchouli_books/cobblepedia/en_us/entries/growth_mulch.json,False,False,"{ ""name"": ""item.cobblemon.growth_mulch"", ""category"": ""cobblepedia:items"", ""read_by_default"": true, ""icon"": ""cobblemon:growth_mulch"", ""pages"": [ { ""type"": ""patchouli:spotlight"", ""item"": ""cobblemon:growth_mulch"", ""text"": ""book.cobblepedia.entries.growth_mulch.te"
cobblepedia,FactorMoon\mods\Cobblepedia-NeoForge-0.7.1.jar,assets/cobblepedia/patchouli_books/cobblepedia/en_us/entries/guard_spec.json,False,False,"{ ""name"": ""item.cobblemon.guard_spec"", ""category"": ""cobblepedia:items"", ""read_by_default"": true, ""icon"": ""cobblemon:guard_spec"", ""pages"": [ { ""type"": ""patchouli:spotlight"", ""item"": ""cobblemon:guard_spec"", ""text"": ""book.cobblepedia.entries.guard_spec.text"" }, {"
cobblepedia,FactorMoon\mods\Cobblepedia-NeoForge-0.7.1.jar,assets/cobblepedia/patchouli_books/cobblepedia/en_us/entries/haban_berry.json,False,False,"{ ""name"": ""item.cobblemon.haban_berry"", ""category"": ""cobblepedia:items"", ""read_by_default"": true, ""icon"": ""cobblemon:haban_berry"", ""pages"": [ { ""type"": ""cobblepedia:natural_berry"", ""item"": ""cobblemon:haban_berry"" }, { ""type"": ""patchouli:text"", ""title"": ""book.c"
cobblepedia,FactorMoon\mods\Cobblepedia-NeoForge-0.7.1.jar,assets/cobblepedia/patchouli_books/cobblepedia/en_us/entries/hard_stone.json,False,False,"{ ""name"": ""item.cobblemon.hard_stone"", ""category"": ""cobblepedia:items"", ""read_by_default"": true, ""icon"": ""cobblemon:hard_stone"", ""pages"": [ { ""type"": ""patchouli:spotlight"", ""item"": ""cobblemon:hard_stone"", ""text"": ""book.cobblepedia.entries.hard_stone.text"" }, {"
cobblepedia,FactorMoon\mods\Cobblepedia-NeoForge-0.7.1.jar,assets/cobblepedia/patchouli_books/cobblepedia/en_us/entries/hasty_mint.json,False,False,"{ ""name"": ""item.cobblemon.hasty_mint"", ""category"": ""cobblepedia:items"", ""read_by_default"": true, ""icon"": ""cobblemon:hasty_mint"", ""pages"": [ { ""type"": ""patchouli:spotlight"", ""item"": ""cobblemon:hasty_mint"", ""text"": ""book.cobblepedia.entries.hasty_mint.text"" }, {"
cobblepedia,FactorMoon\mods\Cobblepedia-NeoForge-0.7.1.jar,assets/cobblepedia/patchouli_books/cobblepedia/en_us/entries/heal_ball.json,False,False,"{ ""name"": ""item.cobblemon.heal_ball"", ""category"": ""cobblepedia:items"", ""read_by_default"": true, ""icon"": ""cobblemon:heal_ball"", ""pages"": [ { ""type"": ""patchouli:spotlight"", ""item"": ""cobblemon:heal_ball"", ""text"": ""book.cobblepedia.entries.heal_ball.text"" }, { ""ty"
cobblepedia,FactorMoon\mods\Cobblepedia-NeoForge-0.7.1.jar,assets/cobblepedia/patchouli_books/cobblepedia/en_us/entries/heal_powder.json,False,False,"{ ""name"": ""item.cobblemon.heal_powder"", ""category"": ""cobblepedia:items"", ""read_by_default"": true, ""icon"": ""cobblemon:heal_powder"", ""pages"": [ { ""type"": ""patchouli:spotlight"", ""item"": ""cobblemon:heal_powder"", ""text"": ""book.cobblepedia.entries.heal_powder.text"" "
cobblepedia,FactorMoon\mods\Cobblepedia-NeoForge-0.7.1.jar,assets/cobblepedia/patchouli_books/cobblepedia/en_us/entries/heal_rod.json,False,False,"{ ""name"": ""book.cobblepedia.entries.heal_rod.name"", ""category"": ""cobblepedia:items"", ""read_by_default"": true, ""icon"": ""cobblemon:heal_rod"", ""pages"": [ { ""type"": ""patchouli:spotlight"", ""item"": ""cobblemon:heal_rod"", ""text"": ""book.cobblepedia.entries.heal_rod.tex"
cobblepedia,FactorMoon\mods\Cobblepedia-NeoForge-0.7.1.jar,assets/cobblepedia/patchouli_books/cobblepedia/en_us/entries/healing_machine.json,False,False,"{ ""name"": ""block.cobblemon.healing_machine"", ""category"": ""cobblepedia:items"", ""read_by_default"": true, ""icon"": ""cobblemon:healing_machine"", ""pages"": [ { ""type"": ""patchouli:spotlight"", ""item"": ""cobblemon:healing_machine"", ""title"": ""block.cobblemon.healing_machi"
cobblepedia,FactorMoon\mods\Cobblepedia-NeoForge-0.7.1.jar,assets/cobblepedia/patchouli_books/cobblepedia/en_us/entries/healpokemon_command.json,False,False,"{ ""name"": ""book.cobblepedia.entries.healpokemon_command"", ""category"": ""cobblepedia:commands"", ""read_by_default"": true, ""icon"": ""cobblemon:healing_machine"", ""pages"": [ { ""type"": ""patchouli:text"", ""text"": ""book.cobblepedia.entries.healpokemon_command.text"" }, { "
cobblepedia,FactorMoon\mods\Cobblepedia-NeoForge-0.7.1.jar,assets/cobblepedia/patchouli_books/cobblepedia/en_us/entries/health_feather.json,False,False,"{ ""name"": ""item.cobblemon.health_feather"", ""category"": ""cobblepedia:items"", ""read_by_default"": true, ""icon"": ""cobblemon:health_feather"", ""pages"": [ { ""type"": ""patchouli:spotlight"", ""item"": ""cobblemon:health_feather"", ""link_recipe"": true, ""text"": ""book.cobblepe"
cobblepedia,FactorMoon\mods\Cobblepedia-NeoForge-0.7.1.jar,assets/cobblepedia/patchouli_books/cobblepedia/en_us/entries/heat_rock.json,False,False,"{ ""name"": ""item.cobblemon.heat_rock"", ""category"": ""cobblepedia:items"", ""read_by_default"": true, ""icon"": ""cobblemon:heat_rock"", ""pages"": [ { ""type"": ""patchouli:spotlight"", ""item"": ""cobblemon:heat_rock"", ""text"": ""book.cobblepedia.entries.heat_rock.text"" }, { ""ty"
cobblepedia,FactorMoon\mods\Cobblepedia-NeoForge-0.7.1.jar,assets/cobblepedia/patchouli_books/cobblepedia/en_us/entries/heavy_ball.json,False,False,"{ ""name"": ""item.cobblemon.heavy_ball"", ""category"": ""cobblepedia:items"", ""read_by_default"": true, ""icon"": ""cobblemon:heavy_ball"", ""pages"": [ { ""type"": ""patchouli:spotlight"", ""item"": ""cobblemon:heavy_ball"", ""text"": ""book.cobblepedia.entries.heavy_ball.text"" }, {"
cobblepedia,FactorMoon\mods\Cobblepedia-NeoForge-0.7.1.jar,assets/cobblepedia/patchouli_books/cobblepedia/en_us/entries/heavy_duty_boots.json,False,False,"{ ""name"": ""item.cobblemon.heavy_duty_boots"", ""category"": ""cobblepedia:items"", ""read_by_default"": true, ""icon"": ""cobblemon:heavy_duty_boots"", ""pages"": [ { ""type"": ""patchouli:spotlight"", ""item"": ""cobblemon:heavy_duty_boots"", ""text"": ""book.cobblepedia.entries.hea"
cobblepedia,FactorMoon\mods\Cobblepedia-NeoForge-0.7.1.jar,assets/cobblepedia/patchouli_books/cobblepedia/en_us/entries/heavy_rod.json,False,False,"{ ""name"": ""book.cobblepedia.entries.heavy_rod.name"", ""category"": ""cobblepedia:items"", ""read_by_default"": true, ""icon"": ""cobblemon:heavy_rod"", ""pages"": [ { ""type"": ""patchouli:spotlight"", ""item"": ""cobblemon:heavy_rod"", ""text"": ""book.cobblepedia.entries.heavy_rod"
cobblepedia,FactorMoon\mods\Cobblepedia-NeoForge-0.7.1.jar,assets/cobblepedia/patchouli_books/cobblepedia/en_us/entries/held_item_command.json,False,False,"{ ""name"": ""book.cobblepedia.entries.held_item_command"", ""category"": ""cobblepedia:commands"", ""read_by_default"": true, ""icon"": ""cobblemon:exp_share"", ""pages"": [ { ""type"": ""patchouli:text"", ""text"": ""book.cobblepedia.entries.held_item_command.text"" }, { ""type"": ""p"
cobblepedia,FactorMoon\mods\Cobblepedia-NeoForge-0.7.1.jar,assets/cobblepedia/patchouli_books/cobblepedia/en_us/entries/held_items_list.json,False,False,"{ ""name"": ""book.cobblepedia.entries.held_items_list"", ""category"": ""cobblepedia:held_items"", ""icon"": ""cobblemon:assault_vest"", ""priority"": true, ""pages"": [ { ""type"": ""patchouli:relations"", ""title"": ""book.cobblepedia.entries.held_items_list"", ""entries"": [ ""cobbl"
cobblepedia,FactorMoon\mods\Cobblepedia-NeoForge-0.7.1.jar,assets/cobblepedia/patchouli_books/cobblepedia/en_us/entries/helix_fossil.json,False,False,"{ ""name"": ""item.cobblemon.helix_fossil"", ""category"": ""cobblepedia:items"", ""read_by_default"": true, ""icon"": ""cobblemon:helix_fossil"", ""pages"": [ { ""type"": ""patchouli:spotlight"", ""title"": ""item.cobblemon.helix_fossil"", ""item"": ""cobblemon:helix_fossil"", ""link_rec"
cobblepedia,FactorMoon\mods\Cobblepedia-NeoForge-0.7.1.jar,assets/cobblepedia/patchouli_books/cobblepedia/en_us/entries/helix_sherd.json,False,False,"{ ""name"": ""item.cobblemon.helix_sherd"", ""category"": ""cobblepedia:items"", ""read_by_default"": true, ""icon"": ""cobblemon:helix_sherd"", ""pages"": [ { ""type"": ""patchouli:spotlight"", ""item"": ""cobblemon:helix_sherd"", ""link_recipe"": true, ""text"": ""book.cobblepedia.entri"
cobblepedia,FactorMoon\mods\Cobblepedia-NeoForge-0.7.1.jar,assets/cobblepedia/patchouli_books/cobblepedia/en_us/entries/herb.json,False,False,"{ ""name"": ""book.cobblepedia.entries.herb"", ""category"": ""cobblepedia:held_items"", ""icon"": ""cobblemon:revival_herb"", ""pages"": [ { ""type"": ""patchouli:spotlight"", ""title"": ""book.cobblepedia.entries.herb"", ""item"": ""tag:cobblemon:herbs"", ""text"": ""book.cobblepedia.en"
cobblepedia,FactorMoon\mods\Cobblepedia-NeoForge-0.7.1.jar,assets/cobblepedia/patchouli_books/cobblepedia/en_us/entries/hidden_bunker_ruins.json,False,False,"{ ""name"": ""book.cobblepedia.entries.hidden_bunker_ruins.name"", ""category"": ""cobblepedia:structures"", ""read_by_default"": true, ""icon"": ""minecraft:snow_block"", ""pages"": [ { ""type"": ""patchouli:text"", ""text"": ""book.cobblepedia.entries.hidden_bunker_ruins.text"" }, "
cobblepedia,FactorMoon\mods\Cobblepedia-NeoForge-0.7.1.jar,assets/cobblepedia/patchouli_books/cobblepedia/en_us/entries/holding_evolution_item.json,False,False,"{ ""name"": ""book.cobblepedia.entries.holding_evolution_item"", ""category"": ""cobblepedia:evolution_items"", ""icon"": ""cobblemon:oval_stone"", ""priority"": true, ""pages"": [ { ""type"": ""patchouli:text"", ""title"": ""book.cobblepedia.entries.holding_evolution_item"", ""text"":"
cobblepedia,FactorMoon\mods\Cobblepedia-NeoForge-0.7.1.jar,assets/cobblepedia/patchouli_books/cobblepedia/en_us/entries/hondew_berry.json,False,False,"{ ""name"": ""item.cobblemon.hondew_berry"", ""category"": ""cobblepedia:items"", ""read_by_default"": true, ""icon"": ""cobblemon:hondew_berry"", ""pages"": [ { ""type"": ""cobblepedia:mutated_berry"", ""item"": ""cobblemon:hondew_berry"" }, { ""type"": ""patchouli:text"", ""title"": ""boo"
cobblepedia,FactorMoon\mods\Cobblepedia-NeoForge-0.7.1.jar,assets/cobblepedia/patchouli_books/cobblepedia/en_us/entries/hopo_berry.json,False,False,"{ ""name"": ""item.cobblemon.hopo_berry"", ""category"": ""cobblepedia:items"", ""read_by_default"": true, ""icon"": ""cobblemon:hopo_berry"", ""pages"": [ { ""type"": ""cobblepedia:mutated_berry"", ""item"": ""cobblemon:hopo_berry"" }, { ""type"": ""patchouli:text"", ""title"": ""book.cobb"
cobblepedia,FactorMoon\mods\Cobblepedia-NeoForge-0.7.1.jar,assets/cobblepedia/patchouli_books/cobblepedia/en_us/entries/hp_up.json,False,False,"{ ""name"": ""item.cobblemon.hp_up"", ""category"": ""cobblepedia:items"", ""read_by_default"": true, ""icon"": ""cobblemon:hp_up"", ""pages"": [ { ""type"": ""patchouli:spotlight"", ""item"": ""cobblemon:hp_up"", ""text"": ""book.cobblepedia.entries.hp_up.text"" }, { ""type"": ""patchouli:"
cobblepedia,FactorMoon\mods\Cobblepedia-NeoForge-0.7.1.jar,assets/cobblepedia/patchouli_books/cobblepedia/en_us/entries/humid_mulch.json,False,False,"{ ""name"": ""item.cobblemon.humid_mulch"", ""category"": ""cobblepedia:items"", ""read_by_default"": true, ""icon"": ""cobblemon:humid_mulch"", ""pages"": [ { ""type"": ""patchouli:spotlight"", ""item"": ""cobblemon:humid_mulch"", ""text"": ""book.cobblepedia.entries.humid_mulch.text"" "
cobblepedia,FactorMoon\mods\Cobblepedia-NeoForge-0.7.1.jar,assets/cobblepedia/patchouli_books/cobblepedia/en_us/entries/hyper_potion.json,False,False,"{ ""name"": ""item.cobblemon.hyper_potion"", ""category"": ""cobblepedia:items"", ""read_by_default"": true, ""icon"": ""cobblemon:hyper_potion"", ""pages"": [ { ""type"": ""patchouli:spotlight"", ""item"": ""cobblemon:hyper_potion"", ""text"": ""book.cobblepedia.entries.hyper_potion.te"
cobblepedia,FactorMoon\mods\Cobblepedia-NeoForge-0.7.1.jar,assets/cobblepedia/patchouli_books/cobblepedia/en_us/entries/iapapa_berry.json,False,False,"{ ""name"": ""item.cobblemon.iapapa_berry"", ""category"": ""cobblepedia:items"", ""read_by_default"": true, ""icon"": ""cobblemon:iapapa_berry"", ""pages"": [ { ""type"": ""cobblepedia:mutated_berry"", ""item"": ""cobblemon:iapapa_berry"" }, { ""type"": ""patchouli:text"", ""title"": ""boo"
cobblepedia,FactorMoon\mods\Cobblepedia-NeoForge-0.7.1.jar,assets/cobblepedia/patchouli_books/cobblepedia/en_us/entries/ice_gem.json,False,False,"{ ""name"": ""item.cobblemon.ice_gem"", ""category"": ""cobblepedia:items"", ""read_by_default"": true, ""icon"": ""cobblemon:ice_gem"", ""pages"": [ { ""type"": ""patchouli:spotlight"", ""item"": ""cobblemon:ice_gem"", ""link_recipe"": true, ""text"": ""book.cobblepedia.entries.ice_gem.t"
cobblepedia,FactorMoon\mods\Cobblepedia-NeoForge-0.7.1.jar,assets/cobblepedia/patchouli_books/cobblepedia/en_us/entries/ice_heal.json,False,False,"{ ""name"": ""item.cobblemon.ice_heal"", ""category"": ""cobblepedia:items"", ""read_by_default"": true, ""icon"": ""cobblemon:ice_heal"", ""pages"": [ { ""type"": ""patchouli:spotlight"", ""item"": ""cobblemon:ice_heal"", ""text"": ""book.cobblepedia.entries.ice_heal.text"" }, { ""type"":"
cobblepedia,FactorMoon\mods\Cobblepedia-NeoForge-0.7.1.jar,assets/cobblepedia/patchouli_books/cobblepedia/en_us/entries/ice_stone.json,False,False,"{ ""name"": ""item.cobblemon.ice_stone"", ""category"": ""cobblepedia:items"", ""read_by_default"": true, ""icon"": ""cobblemon:ice_stone"", ""pages"": [ { ""type"": ""patchouli:spotlight"", ""item"": ""cobblemon:ice_stone"", ""title"": ""item.cobblemon.ice_stone"", ""text"": ""book.cobblep"
cobblepedia,FactorMoon\mods\Cobblepedia-NeoForge-0.7.1.jar,assets/cobblepedia/patchouli_books/cobblepedia/en_us/entries/ice_stone_block.json,False,False,"{ ""name"": ""block.cobblemon.ice_stone_block"", ""category"": ""cobblepedia:items"", ""read_by_default"": true, ""icon"": ""cobblemon:ice_stone_block"", ""pages"": [ { ""type"": ""patchouli:spotlight"", ""item"": ""cobblemon:ice_stone_block"", ""text"": ""book.cobblepedia.entries.ice_s"
cobblepedia,FactorMoon\mods\Cobblepedia-NeoForge-0.7.1.jar,assets/cobblepedia/patchouli_books/cobblepedia/en_us/entries/ice_stone_ore.json,False,False,"{ ""name"": ""block.cobblemon.ice_stone_ore"", ""category"": ""cobblepedia:items"", ""read_by_default"": true, ""icon"": ""cobblemon:ice_stone_ore"", ""pages"": [ { ""type"": ""patchouli:spotlight"", ""item"": ""cobblemon:ice_stone_ore"", ""link_recipe"": true, ""title"": ""block.cobblemo"
cobblepedia,FactorMoon\mods\Cobblepedia-NeoForge-0.7.1.jar,assets/cobblepedia/patchouli_books/cobblepedia/en_us/entries/icy_rock.json,False,False,"{ ""name"": ""item.cobblemon.icy_rock"", ""category"": ""cobblepedia:items"", ""read_by_default"": true, ""icon"": ""cobblemon:icy_rock"", ""pages"": [ { ""type"": ""patchouli:spotlight"", ""item"": ""cobblemon:icy_rock"", ""text"": ""book.cobblepedia.entries.icy_rock.text"" }, { ""type"":"
cobblepedia,FactorMoon\mods\Cobblepedia-NeoForge-0.7.1.jar,assets/cobblepedia/patchouli_books/cobblepedia/en_us/entries/impish_mint.json,False,False,"{ ""name"": ""item.cobblemon.impish_mint"", ""category"": ""cobblepedia:items"", ""read_by_default"": true, ""icon"": ""cobblemon:impish_mint"", ""pages"": [ { ""type"": ""patchouli:spotlight"", ""item"": ""cobblemon:impish_mint"", ""text"": ""book.cobblepedia.entries.impish_mint.text"" "
cobblepedia,FactorMoon\mods\Cobblepedia-NeoForge-0.7.1.jar,assets/cobblepedia/patchouli_books/cobblepedia/en_us/entries/iron.json,False,False,"{ ""name"": ""item.cobblemon.iron"", ""category"": ""cobblepedia:items"", ""read_by_default"": true, ""icon"": ""cobblemon:iron"", ""pages"": [ { ""type"": ""patchouli:spotlight"", ""item"": ""cobblemon:iron"", ""text"": ""book.cobblepedia.entries.iron.text"" }, { ""type"": ""patchouli:craf"
cobblepedia,FactorMoon\mods\Cobblepedia-NeoForge-0.7.1.jar,assets/cobblepedia/patchouli_books/cobblepedia/en_us/entries/iron_ball.json,False,False,"{ ""name"": ""item.cobblemon.iron_ball"", ""category"": ""cobblepedia:items"", ""read_by_default"": true, ""icon"": ""cobblemon:iron_ball"", ""pages"": [ { ""type"": ""patchouli:spotlight"", ""item"": ""cobblemon:iron_ball"", ""text"": ""book.cobblepedia.entries.iron_ball.text"" }, { ""ty"
cobblepedia,FactorMoon\mods\Cobblepedia-NeoForge-0.7.1.jar,assets/cobblepedia/patchouli_books/cobblepedia/en_us/entries/jaboca_berry.json,False,False,"{ ""name"": ""item.cobblemon.jaboca_berry"", ""category"": ""cobblepedia:items"", ""read_by_default"": true, ""icon"": ""cobblemon:jaboca_berry"", ""pages"": [ { ""type"": ""cobblepedia:mutated_berry"", ""item"": ""cobblemon:jaboca_berry"" }, { ""type"": ""patchouli:text"", ""title"": ""boo"
cobblepedia,FactorMoon\mods\Cobblepedia-NeoForge-0.7.1.jar,assets/cobblepedia/patchouli_books/cobblepedia/en_us/entries/jaw_fossil.json,False,False,"{ ""name"": ""item.cobblemon.jaw_fossil"", ""category"": ""cobblepedia:items"", ""read_by_default"": true, ""icon"": ""cobblemon:jaw_fossil"", ""pages"": [ { ""type"": ""patchouli:spotlight"", ""title"": ""item.cobblemon.jaw_fossil"", ""item"": ""cobblemon:jaw_fossil"", ""link_recipe"": tr"
cobblepedia,FactorMoon\mods\Cobblepedia-NeoForge-0.7.1.jar,assets/cobblepedia/patchouli_books/cobblepedia/en_us/entries/jolly_mint.json,False,False,"{ ""name"": ""item.cobblemon.jolly_mint"", ""category"": ""cobblepedia:items"", ""read_by_default"": true, ""icon"": ""cobblemon:jolly_mint"", ""pages"": [ { ""type"": ""patchouli:spotlight"", ""item"": ""cobblemon:jolly_mint"", ""text"": ""book.cobblepedia.entries.jolly_mint.text"" }, {"
cobblepedia,FactorMoon\mods\Cobblepedia-NeoForge-0.7.1.jar,assets/cobblepedia/patchouli_books/cobblepedia/en_us/entries/kasib_berry.json,False,False,"{ ""name"": ""item.cobblemon.kasib_berry"", ""category"": ""cobblepedia:items"", ""read_by_default"": true, ""icon"": ""cobblemon:kasib_berry"", ""pages"": [ { ""type"": ""cobblepedia:natural_berry"", ""item"": ""cobblemon:kasib_berry"" }, { ""type"": ""patchouli:text"", ""title"": ""book.c"
cobblepedia,FactorMoon\mods\Cobblepedia-NeoForge-0.7.1.jar,assets/cobblepedia/patchouli_books/cobblepedia/en_us/entries/kebia_berry.json,False,False,"{ ""name"": ""item.cobblemon.kebia_berry"", ""category"": ""cobblepedia:items"", ""read_by_default"": true, ""icon"": ""cobblemon:kebia_berry"", ""pages"": [ { ""type"": ""cobblepedia:natural_berry"", ""item"": ""cobblemon:kebia_berry"" }, { ""type"": ""patchouli:text"", ""title"": ""book.c"
cobblepedia,FactorMoon\mods\Cobblepedia-NeoForge-0.7.1.jar,assets/cobblepedia/patchouli_books/cobblepedia/en_us/entries/kee_berry.json,False,False,"{ ""name"": ""item.cobblemon.kee_berry"", ""category"": ""cobblepedia:items"", ""read_by_default"": true, ""icon"": ""cobblemon:kee_berry"", ""pages"": [ { ""type"": ""cobblepedia:mutated_berry"", ""item"": ""cobblemon:kee_berry"" }, { ""type"": ""patchouli:text"", ""title"": ""book.cobblep"
cobblepedia,FactorMoon\mods\Cobblepedia-NeoForge-0.7.1.jar,assets/cobblepedia/patchouli_books/cobblepedia/en_us/entries/kelpsy_berry.json,False,False,"{ ""name"": ""item.cobblemon.kelpsy_berry"", ""category"": ""cobblepedia:items"", ""read_by_default"": true, ""icon"": ""cobblemon:kelpsy_berry"", ""pages"": [ { ""type"": ""cobblepedia:mutated_berry"", ""item"": ""cobblemon:kelpsy_berry"" }, { ""type"": ""patchouli:text"", ""title"": ""boo"
cobblepedia,FactorMoon\mods\Cobblepedia-NeoForge-0.7.1.jar,assets/cobblepedia/patchouli_books/cobblepedia/en_us/entries/kings_rock.json,False,False,"{ ""name"": ""item.cobblemon.kings_rock"", ""category"": ""cobblepedia:items"", ""read_by_default"": true, ""icon"": ""cobblemon:kings_rock"", ""pages"": [ { ""type"": ""patchouli:spotlight"", ""item"": ""cobblemon:kings_rock"", ""link_recipe"": true, ""title"": ""item.cobblemon.kings_roc"
cobblepedia,FactorMoon\mods\Cobblepedia-NeoForge-0.7.1.jar,assets/cobblepedia/patchouli_books/cobblepedia/en_us/entries/lansat_berry.json,False,False,"{ ""name"": ""item.cobblemon.lansat_berry"", ""category"": ""cobblepedia:items"", ""read_by_default"": true, ""icon"": ""cobblemon:lansat_berry"", ""pages"": [ { ""type"": ""cobblepedia:mutated_berry"", ""item"": ""cobblemon:lansat_berry"" }, { ""type"": ""patchouli:text"", ""title"": ""boo"
cobblepedia,FactorMoon\mods\Cobblepedia-NeoForge-0.7.1.jar,assets/cobblepedia/patchouli_books/cobblepedia/en_us/entries/lax_mint.json,False,False,"{ ""name"": ""item.cobblemon.lax_mint"", ""category"": ""cobblepedia:items"", ""read_by_default"": true, ""icon"": ""cobblemon:lax_mint"", ""pages"": [ { ""type"": ""patchouli:spotlight"", ""item"": ""cobblemon:lax_mint"", ""text"": ""book.cobblepedia.entries.lax_mint.text"" }, { ""type"":"
cobblepedia,FactorMoon\mods\Cobblepedia-NeoForge-0.7.1.jar,assets/cobblepedia/patchouli_books/cobblepedia/en_us/entries/leaf_stone.json,False,False,"{ ""name"": ""item.cobblemon.leaf_stone"", ""category"": ""cobblepedia:items"", ""read_by_default"": true, ""icon"": ""cobblemon:leaf_stone"", ""pages"": [ { ""type"": ""patchouli:spotlight"", ""item"": ""cobblemon:leaf_stone"", ""title"": ""item.cobblemon.leaf_stone"", ""text"": ""book.cob"
cobblepedia,FactorMoon\mods\Cobblepedia-NeoForge-0.7.1.jar,assets/cobblepedia/patchouli_books/cobblepedia/en_us/entries/leaf_stone_block.json,False,False,"{ ""name"": ""block.cobblemon.leaf_stone_block"", ""category"": ""cobblepedia:items"", ""read_by_default"": true, ""icon"": ""cobblemon:leaf_stone_block"", ""pages"": [ { ""type"": ""patchouli:spotlight"", ""item"": ""cobblemon:leaf_stone_block"", ""text"": ""book.cobblepedia.entries.le"
cobblepedia,FactorMoon\mods\Cobblepedia-NeoForge-0.7.1.jar,assets/cobblepedia/patchouli_books/cobblepedia/en_us/entries/leaf_stone_ore.json,False,False,"{ ""name"": ""block.cobblemon.leaf_stone_ore"", ""category"": ""cobblepedia:items"", ""read_by_default"": true, ""icon"": ""cobblemon:leaf_stone_ore"", ""pages"": [ { ""type"": ""patchouli:spotlight"", ""item"": ""cobblemon:leaf_stone_ore"", ""link_recipe"": true, ""title"": ""block.cobbl"
cobblepedia,FactorMoon\mods\Cobblepedia-NeoForge-0.7.1.jar,assets/cobblepedia/patchouli_books/cobblepedia/en_us/entries/leek_and_potato_stew.json,False,False,"{ ""name"": ""item.cobblemon.leek_and_potato_stew"", ""category"": ""cobblepedia:items"", ""read_by_default"": true, ""icon"": ""cobblemon:leek_and_potato_stew"", ""pages"": [ { ""type"": ""patchouli:spotlight"", ""item"": ""cobblemon:leek_and_potato_stew"", ""text"": ""book.cobblepedia"
cobblepedia,FactorMoon\mods\Cobblepedia-NeoForge-0.7.1.jar,assets/cobblepedia/patchouli_books/cobblepedia/en_us/entries/leftovers.json,False,False,"{ ""name"": ""item.cobblemon.leftovers"", ""category"": ""cobblepedia:items"", ""read_by_default"": true, ""icon"": ""cobblemon:leftovers"", ""pages"": [ { ""type"": ""patchouli:spotlight"", ""item"": ""cobblemon:leftovers"", ""link_recipe"": true, ""text"": ""book.cobblepedia.entries.lef"
cobblepedia,FactorMoon\mods\Cobblepedia-NeoForge-0.7.1.jar,assets/cobblepedia/patchouli_books/cobblepedia/en_us/entries/leppa_berry.json,False,False,"{ ""name"": ""item.cobblemon.leppa_berry"", ""category"": ""cobblepedia:items"", ""read_by_default"": true, ""icon"": ""cobblemon:leppa_berry"", ""pages"": [ { ""type"": ""cobblepedia:mutated_berry"", ""item"": ""cobblemon:leppa_berry"" }, { ""type"": ""patchouli:text"", ""title"": ""book.c"
cobblepedia,FactorMoon\mods\Cobblepedia-NeoForge-0.7.1.jar,assets/cobblepedia/patchouli_books/cobblepedia/en_us/entries/level_ball.json,False,False,"{ ""name"": ""item.cobblemon.level_ball"", ""category"": ""cobblepedia:items"", ""read_by_default"": true, ""icon"": ""cobblemon:level_ball"", ""pages"": [ { ""type"": ""patchouli:spotlight"", ""item"": ""cobblemon:level_ball"", ""text"": ""book.cobblepedia.entries.level_ball.text"" }, {"
cobblepedia,FactorMoon\mods\Cobblepedia-NeoForge-0.7.1.jar,assets/cobblepedia/patchouli_books/cobblepedia/en_us/entries/level_rod.json,False,False,"{ ""name"": ""book.cobblepedia.entries.level_rod.name"", ""category"": ""cobblepedia:items"", ""read_by_default"": true, ""icon"": ""cobblemon:level_rod"", ""pages"": [ { ""type"": ""patchouli:spotlight"", ""item"": ""cobblemon:level_rod"", ""text"": ""book.cobblepedia.entries.level_rod"
cobblepedia,FactorMoon\mods\Cobblepedia-NeoForge-0.7.1.jar,assets/cobblepedia/patchouli_books/cobblepedia/en_us/entries/levelup_command.json,False,False,"{ ""name"": ""book.cobblepedia.entries.levelup_command"", ""category"": ""cobblepedia:commands"", ""read_by_default"": true, ""icon"": ""cobblemon:rare_candy"", ""pages"": [ { ""type"": ""patchouli:text"", ""text"": ""book.cobblepedia.entries.levelup_command.text"" }, { ""type"": ""patc"
cobblepedia,FactorMoon\mods\Cobblepedia-NeoForge-0.7.1.jar,assets/cobblepedia/patchouli_books/cobblepedia/en_us/entries/liechi_berry.json,False,False,"{ ""name"": ""item.cobblemon.liechi_berry"", ""category"": ""cobblepedia:items"", ""read_by_default"": true, ""icon"": ""cobblemon:liechi_berry"", ""pages"": [ { ""type"": ""cobblepedia:mutated_berry"", ""item"": ""cobblemon:liechi_berry"" }, { ""type"": ""patchouli:text"", ""title"": ""boo"
cobblepedia,FactorMoon\mods\Cobblepedia-NeoForge-0.7.1.jar,assets/cobblepedia/patchouli_books/cobblepedia/en_us/entries/life_orb.json,False,False,"{ ""name"": ""item.cobblemon.life_orb"", ""category"": ""cobblepedia:items"", ""read_by_default"": true, ""icon"": ""cobblemon:life_orb"", ""pages"": [ { ""type"": ""patchouli:spotlight"", ""item"": ""cobblemon:life_orb"", ""text"": ""book.cobblepedia.entries.life_orb.text"" }, { ""type"":"
cobblepedia,FactorMoon\mods\Cobblepedia-NeoForge-0.7.1.jar,assets/cobblepedia/patchouli_books/cobblepedia/en_us/entries/light_ball.json,False,False,"{ ""name"": ""item.cobblemon.light_ball"", ""category"": ""cobblepedia:items"", ""read_by_default"": true, ""icon"": ""cobblemon:light_ball"", ""pages"": [ { ""type"": ""patchouli:spotlight"", ""item"": ""cobblemon:light_ball"", ""link_recipe"": true, ""text"": ""book.cobblepedia.entries."
cobblepedia,FactorMoon\mods\Cobblepedia-NeoForge-0.7.1.jar,assets/cobblepedia/patchouli_books/cobblepedia/en_us/entries/light_clay.json,False,False,"{ ""name"": ""item.cobblemon.light_clay"", ""category"": ""cobblepedia:items"", ""read_by_default"": true, ""icon"": ""cobblemon:light_clay"", ""pages"": [ { ""type"": ""patchouli:spotlight"", ""item"": ""cobblemon:light_clay"", ""text"": ""book.cobblepedia.entries.light_clay.text"" }, {"
cobblepedia,FactorMoon\mods\Cobblepedia-NeoForge-0.7.1.jar,assets/cobblepedia/patchouli_books/cobblepedia/en_us/entries/link_cable.json,False,False,"{ ""name"": ""item.cobblemon.link_cable"", ""category"": ""cobblepedia:items"", ""read_by_default"": true, ""icon"": ""cobblemon:link_cable"", ""pages"": [ { ""type"": ""patchouli:spotlight"", ""item"": ""cobblemon:link_cable"", ""title"": ""item.cobblemon.link_cable"", ""text"": ""book.cob"
cobblepedia,FactorMoon\mods\Cobblepedia-NeoForge-0.7.1.jar,assets/cobblepedia/patchouli_books/cobblepedia/en_us/entries/loaded_dice.json,False,False,"{ ""name"": ""item.cobblemon.loaded_dice"", ""category"": ""cobblepedia:items"", ""read_by_default"": true, ""icon"": ""cobblemon:loaded_dice"", ""pages"": [ { ""type"": ""patchouli:spotlight"", ""item"": ""cobblemon:loaded_dice"", ""text"": ""book.cobblepedia.entries.loaded_dice.text"" "
cobblepedia,FactorMoon\mods\Cobblepedia-NeoForge-0.7.1.jar,assets/cobblepedia/patchouli_books/cobblepedia/en_us/entries/loamy_mulch.json,False,False,"{ ""name"": ""item.cobblemon.loamy_mulch"", ""category"": ""cobblepedia:items"", ""read_by_default"": true, ""icon"": ""cobblemon:loamy_mulch"", ""pages"": [ { ""type"": ""patchouli:spotlight"", ""item"": ""cobblemon:loamy_mulch"", ""text"": ""book.cobblepedia.entries.loamy_mulch.text"" "
cobblepedia,FactorMoon\mods\Cobblepedia-NeoForge-0.7.1.jar,assets/cobblepedia/patchouli_books/cobblepedia/en_us/entries/lonely_mint.json,False,False,"{ ""name"": ""item.cobblemon.lonely_mint"", ""category"": ""cobblepedia:items"", ""read_by_default"": true, ""icon"": ""cobblemon:lonely_mint"", ""pages"": [ { ""type"": ""patchouli:spotlight"", ""item"": ""cobblemon:lonely_mint"", ""text"": ""book.cobblepedia.entries.lonely_mint.text"" "
cobblepedia,FactorMoon\mods\Cobblepedia-NeoForge-0.7.1.jar,assets/cobblepedia/patchouli_books/cobblepedia/en_us/entries/love_ball.json,False,False,"{ ""name"": ""item.cobblemon.love_ball"", ""category"": ""cobblepedia:items"", ""read_by_default"": true, ""icon"": ""cobblemon:love_ball"", ""pages"": [ { ""type"": ""patchouli:spotlight"", ""item"": ""cobblemon:love_ball"", ""text"": ""book.cobblepedia.entries.love_ball.text"" }, { ""ty"
cobblepedia,FactorMoon\mods\Cobblepedia-NeoForge-0.7.1.jar,assets/cobblepedia/patchouli_books/cobblepedia/en_us/entries/love_rod.json,False,False,"{ ""name"": ""book.cobblepedia.entries.love_rod.name"", ""category"": ""cobblepedia:items"", ""read_by_default"": true, ""icon"": ""cobblemon:love_rod"", ""pages"": [ { ""type"": ""patchouli:spotlight"", ""item"": ""cobblemon:love_rod"", ""text"": ""book.cobblepedia.entries.love_rod.tex"
cobblepedia,FactorMoon\mods\Cobblepedia-NeoForge-0.7.1.jar,assets/cobblepedia/patchouli_books/cobblepedia/en_us/entries/love_sweet.json,False,False,"{ ""name"": ""item.cobblemon.love_sweet"", ""category"": ""cobblepedia:items"", ""read_by_default"": true, ""icon"": ""cobblemon:love_sweet"", ""pages"": [ { ""type"": ""patchouli:spotlight"", ""item"": ""cobblemon:love_sweet"", ""title"": ""item.cobblemon.love_sweet"", ""text"": ""book.cob"
cobblepedia,FactorMoon\mods\Cobblepedia-NeoForge-0.7.1.jar,assets/cobblepedia/patchouli_books/cobblepedia/en_us/entries/lucky_egg.json,False,False,"{ ""name"": ""item.cobblemon.lucky_egg"", ""category"": ""cobblepedia:items"", ""read_by_default"": true, ""icon"": ""cobblemon:lucky_egg"", ""pages"": [ { ""type"": ""patchouli:spotlight"", ""item"": ""cobblemon:lucky_egg"", ""link_recipe"": true, ""text"": ""book.cobblepedia.entries.luc"
cobblepedia,FactorMoon\mods\Cobblepedia-NeoForge-0.7.1.jar,assets/cobblepedia/patchouli_books/cobblepedia/en_us/entries/lum_berry.json,False,False,"{ ""name"": ""item.cobblemon.lum_berry"", ""category"": ""cobblepedia:items"", ""read_by_default"": true, ""icon"": ""cobblemon:lum_berry"", ""pages"": [ { ""type"": ""cobblepedia:mutated_berry"", ""item"": ""cobblemon:lum_berry"" }, { ""type"": ""patchouli:text"", ""title"": ""book.cobblep"
cobblepedia,FactorMoon\mods\Cobblepedia-NeoForge-0.7.1.jar,assets/cobblepedia/patchouli_books/cobblepedia/en_us/entries/lure_ball.json,False,False,"{ ""name"": ""item.cobblemon.lure_ball"", ""category"": ""cobblepedia:items"", ""read_by_default"": true, ""icon"": ""cobblemon:lure_ball"", ""pages"": [ { ""type"": ""patchouli:spotlight"", ""item"": ""cobblemon:lure_ball"", ""text"": ""book.cobblepedia.entries.lure_ball.text"" }, { ""ty"
cobblepedia,FactorMoon\mods\Cobblepedia-NeoForge-0.7.1.jar,assets/cobblepedia/patchouli_books/cobblepedia/en_us/entries/lure_rod.json,False,False,"{ ""name"": ""book.cobblepedia.entries.lure_rod.name"", ""category"": ""cobblepedia:items"", ""read_by_default"": true, ""icon"": ""cobblemon:lure_rod"", ""pages"": [ { ""type"": ""patchouli:spotlight"", ""item"": ""cobblemon:lure_rod"", ""text"": ""book.cobblepedia.entries.lure_rod.tex"
cobblepedia,FactorMoon\mods\Cobblepedia-NeoForge-0.7.1.jar,assets/cobblepedia/patchouli_books/cobblepedia/en_us/entries/luxury_ball.json,False,False,"{ ""name"": ""item.cobblemon.luxury_ball"", ""category"": ""cobblepedia:items"", ""read_by_default"": true, ""icon"": ""cobblemon:luxury_ball"", ""pages"": [ { ""type"": ""patchouli:spotlight"", ""item"": ""cobblemon:luxury_ball"", ""text"": ""book.cobblepedia.entries.luxury_ball.text"" "
cobblepedia,FactorMoon\mods\Cobblepedia-NeoForge-0.7.1.jar,assets/cobblepedia/patchouli_books/cobblepedia/en_us/entries/luxury_rod.json,False,False,"{ ""name"": ""book.cobblepedia.entries.luxury_rod.name"", ""category"": ""cobblepedia:items"", ""read_by_default"": true, ""icon"": ""cobblemon:luxury_rod"", ""pages"": [ { ""type"": ""patchouli:spotlight"", ""item"": ""cobblemon:luxury_rod"", ""text"": ""book.cobblepedia.entries.luxury"
cobblepedia,FactorMoon\mods\Cobblepedia-NeoForge-0.7.1.jar,assets/cobblepedia/patchouli_books/cobblepedia/en_us/entries/magmarizer.json,False,False,"{ ""name"": ""item.cobblemon.magmarizer"", ""category"": ""cobblepedia:items"", ""read_by_default"": true, ""icon"": ""cobblemon:magmarizer"", ""pages"": [ { ""type"": ""patchouli:spotlight"", ""item"": ""cobblemon:magmarizer"", ""title"": ""item.cobblemon.magmarizer"", ""text"": ""book.cob"
cobblepedia,FactorMoon\mods\Cobblepedia-NeoForge-0.7.1.jar,assets/cobblepedia/patchouli_books/cobblepedia/en_us/entries/magnet.json,False,False,"{ ""name"": ""item.cobblemon.magnet"", ""category"": ""cobblepedia:items"", ""read_by_default"": true, ""icon"": ""cobblemon:magnet"", ""pages"": [ { ""type"": ""patchouli:spotlight"", ""item"": ""cobblemon:magnet"", ""text"": ""book.cobblepedia.entries.magnet.text"" }, { ""type"": ""patcho"
cobblepedia,FactorMoon\mods\Cobblepedia-NeoForge-0.7.1.jar,assets/cobblepedia/patchouli_books/cobblepedia/en_us/entries/mago_berry.json,False,False,"{ ""name"": ""item.cobblemon.mago_berry"", ""category"": ""cobblepedia:items"", ""read_by_default"": true, ""icon"": ""cobblemon:mago_berry"", ""pages"": [ { ""type"": ""cobblepedia:mutated_berry"", ""item"": ""cobblemon:mago_berry"" }, { ""type"": ""patchouli:text"", ""title"": ""book.cobb"
cobblepedia,FactorMoon\mods\Cobblepedia-NeoForge-0.7.1.jar,assets/cobblepedia/patchouli_books/cobblepedia/en_us/entries/magost_berry.json,False,False,"{ ""name"": ""item.cobblemon.magost_berry"", ""category"": ""cobblepedia:items"", ""read_by_default"": true, ""icon"": ""cobblemon:magost_berry"", ""pages"": [ { ""type"": ""cobblepedia:mutated_berry"", ""item"": ""cobblemon:magost_berry"" }, { ""type"": ""patchouli:text"", ""title"": ""boo"
cobblepedia,FactorMoon\mods\Cobblepedia-NeoForge-0.7.1.jar,assets/cobblepedia/patchouli_books/cobblepedia/en_us/entries/malicious_armor.json,False,False,"{ ""name"": ""item.cobblemon.malicious_armor"", ""category"": ""cobblepedia:items"", ""read_by_default"": true, ""icon"": ""cobblemon:malicious_armor"", ""pages"": [ { ""type"": ""patchouli:spotlight"", ""item"": ""cobblemon:malicious_armor"", ""link_recipe"": true, ""text"": ""book.cobbl"
cobblepedia,FactorMoon\mods\Cobblepedia-NeoForge-0.7.1.jar,assets/cobblepedia/patchouli_books/cobblepedia/en_us/entries/maranga_berry.json,False,False,"{ ""name"": ""item.cobblemon.maranga_berry"", ""category"": ""cobblepedia:items"", ""read_by_default"": true, ""icon"": ""cobblemon:maranga_berry"", ""pages"": [ { ""type"": ""cobblepedia:mutated_berry"", ""item"": ""cobblemon:maranga_berry"" }, { ""type"": ""patchouli:text"", ""title"": """
cobblepedia,FactorMoon\mods\Cobblepedia-NeoForge-0.7.1.jar,assets/cobblepedia/patchouli_books/cobblepedia/en_us/entries/master_ball.json,False,False,"{ ""name"": ""item.cobblemon.master_ball"", ""category"": ""cobblepedia:items"", ""read_by_default"": true, ""icon"": ""cobblemon:master_ball"", ""pages"": [ { ""type"": ""patchouli:spotlight"", ""item"": ""cobblemon:master_ball"", ""text"": ""book.cobblepedia.entries.master_ball.text"" "
cobblepedia,FactorMoon\mods\Cobblepedia-NeoForge-0.7.1.jar,assets/cobblepedia/patchouli_books/cobblepedia/en_us/entries/master_rod.json,False,False,"{ ""name"": ""book.cobblepedia.entries.master_rod.name"", ""category"": ""cobblepedia:items"", ""read_by_default"": true, ""icon"": ""cobblemon:master_rod"", ""pages"": [ { ""type"": ""patchouli:spotlight"", ""item"": ""cobblemon:master_rod"", ""text"": ""book.cobblepedia.entries.master"
cobblepedia,FactorMoon\mods\Cobblepedia-NeoForge-0.7.1.jar,assets/cobblepedia/patchouli_books/cobblepedia/en_us/entries/masterpiece_teacup.json,False,False,"{ ""name"": ""item.cobblemon.masterpiece_teacup"", ""category"": ""cobblepedia:items"", ""read_by_default"": true, ""icon"": ""cobblemon:masterpiece_teacup"", ""pages"": [ { ""type"": ""patchouli:spotlight"", ""item"": ""cobblemon:masterpiece_teacup"", ""link_recipe"": true, ""title"": """
cobblepedia,FactorMoon\mods\Cobblepedia-NeoForge-0.7.1.jar,assets/cobblepedia/patchouli_books/cobblepedia/en_us/entries/max_elixir.json,False,False,"{ ""name"": ""item.cobblemon.max_elixir"", ""category"": ""cobblepedia:items"", ""read_by_default"": true, ""icon"": ""cobblemon:max_elixir"", ""pages"": [ { ""type"": ""patchouli:spotlight"", ""item"": ""cobblemon:max_elixir"", ""text"": ""book.cobblepedia.entries.max_elixir.text"" }, {"
cobblepedia,FactorMoon\mods\Cobblepedia-NeoForge-0.7.1.jar,assets/cobblepedia/patchouli_books/cobblepedia/en_us/entries/max_ether.json,False,False,"{ ""name"": ""item.cobblemon.max_ether"", ""category"": ""cobblepedia:items"", ""read_by_default"": true, ""icon"": ""cobblemon:max_ether"", ""pages"": [ { ""type"": ""patchouli:spotlight"", ""item"": ""cobblemon:max_ether"", ""text"": ""book.cobblepedia.entries.max_ether.text"" }, { ""ty"
cobblepedia,FactorMoon\mods\Cobblepedia-NeoForge-0.7.1.jar,assets/cobblepedia/patchouli_books/cobblepedia/en_us/entries/max_potion.json,False,False,"{ ""name"": ""item.cobblemon.max_potion"", ""category"": ""cobblepedia:items"", ""read_by_default"": true, ""icon"": ""cobblemon:max_potion"", ""pages"": [ { ""type"": ""patchouli:spotlight"", ""item"": ""cobblemon:max_potion"", ""text"": ""book.cobblepedia.entries.max_potion.text"" }, {"
cobblepedia,FactorMoon\mods\Cobblepedia-NeoForge-0.7.1.jar,assets/cobblepedia/patchouli_books/cobblepedia/en_us/entries/max_revive.json,False,False,"{ ""name"": ""item.cobblemon.max_revive"", ""category"": ""cobblepedia:items"", ""read_by_default"": true, ""icon"": ""cobblemon:max_revive"", ""pages"": [ { ""type"": ""patchouli:spotlight"", ""item"": ""cobblemon:max_revive"", ""text"": ""book.cobblepedia.entries.max_revive.text"" }, {"
cobblepedia,FactorMoon\mods\Cobblepedia-NeoForge-0.7.1.jar,assets/cobblepedia/patchouli_books/cobblepedia/en_us/entries/medicinal_brew.json,False,False,"{ ""name"": ""item.cobblemon.medicinal_brew"", ""category"": ""cobblepedia:items"", ""read_by_default"": true, ""icon"": ""cobblemon:medicinal_brew"", ""pages"": [ { ""type"": ""patchouli:spotlight"", ""item"": ""cobblemon:medicinal_brew"", ""text"": ""book.cobblepedia.entries.medicinal"
cobblepedia,FactorMoon\mods\Cobblepedia-NeoForge-0.7.1.jar,assets/cobblepedia/patchouli_books/cobblepedia/en_us/entries/medicinal_leek.json,False,False,"{ ""name"": ""item.cobblemon.medicinal_leek"", ""category"": ""cobblepedia:items"", ""read_by_default"": true, ""icon"": ""cobblemon:medicinal_leek"", ""pages"": [ { ""type"": ""patchouli:spotlight"", ""item"": ""cobblemon:medicinal_leek"", ""link_recipe"": true, ""text"": ""book.cobblepe"
cobblepedia,FactorMoon\mods\Cobblepedia-NeoForge-0.7.1.jar,assets/cobblepedia/patchouli_books/cobblepedia/en_us/entries/medicine.json,False,False,"{ ""name"": ""book.cobblepedia.entries.medicine"", ""category"": ""cobblepedia:consumables"", ""icon"": ""cobblemon:heal_powder"", ""pages"": [ { ""type"": ""patchouli:text"", ""text"": ""book.cobblepedia.entries.medicine.text"" }, { ""type"": ""patchouli:relations"", ""entries"": [ ""cob"
cobblepedia,FactorMoon\mods\Cobblepedia-NeoForge-0.7.1.jar,assets/cobblepedia/patchouli_books/cobblepedia/en_us/entries/mental_herb.json,False,False,"{ ""name"": ""item.cobblemon.mental_herb"", ""category"": ""cobblepedia:items"", ""read_by_default"": true, ""icon"": ""cobblemon:mental_herb"", ""pages"": [ { ""type"": ""patchouli:spotlight"", ""item"": ""cobblemon:mental_herb"", ""link_recipe"": true, ""text"": ""book.cobblepedia.entri"
cobblepedia,FactorMoon\mods\Cobblepedia-NeoForge-0.7.1.jar,assets/cobblepedia/patchouli_books/cobblepedia/en_us/entries/metal_coat.json,False,False,"{ ""name"": ""item.cobblemon.metal_coat"", ""category"": ""cobblepedia:items"", ""read_by_default"": true, ""icon"": ""cobblemon:metal_coat"", ""pages"": [ { ""type"": ""patchouli:spotlight"", ""item"": ""cobblemon:metal_coat"", ""title"": ""item.cobblemon.metal_coat"", ""text"": ""book.cob"
cobblepedia,FactorMoon\mods\Cobblepedia-NeoForge-0.7.1.jar,assets/cobblepedia/patchouli_books/cobblepedia/en_us/entries/metal_powder.json,False,False,"{ ""name"": ""item.cobblemon.metal_powder"", ""category"": ""cobblepedia:items"", ""read_by_default"": true, ""icon"": ""cobblemon:metal_powder"", ""pages"": [ { ""type"": ""patchouli:spotlight"", ""item"": ""cobblemon:metal_powder"", ""link_recipe"": true, ""text"": ""book.cobblepedia.en"
cobblepedia,FactorMoon\mods\Cobblepedia-NeoForge-0.7.1.jar,assets/cobblepedia/patchouli_books/cobblepedia/en_us/entries/metronome.json,False,False,"{ ""name"": ""item.cobblemon.metronome"", ""category"": ""cobblepedia:items"", ""read_by_default"": true, ""icon"": ""cobblemon:metronome"", ""pages"": [ { ""type"": ""patchouli:spotlight"", ""item"": ""cobblemon:metronome"", ""text"": ""book.cobblepedia.entries.metronome.text"" }, { ""ty"
cobblepedia,FactorMoon\mods\Cobblepedia-NeoForge-0.7.1.jar,assets/cobblepedia/patchouli_books/cobblepedia/en_us/entries/micle_berry.json,False,False,"{ ""name"": ""item.cobblemon.micle_berry"", ""category"": ""cobblepedia:items"", ""read_by_default"": true, ""icon"": ""cobblemon:micle_berry"", ""pages"": [ { ""type"": ""cobblepedia:mutated_berry"", ""item"": ""cobblemon:micle_berry"" }, { ""type"": ""patchouli:text"", ""title"": ""book.c"
cobblepedia,FactorMoon\mods\Cobblepedia-NeoForge-0.7.1.jar,assets/cobblepedia/patchouli_books/cobblepedia/en_us/entries/mild_mint.json,False,False,"{ ""name"": ""item.cobblemon.mild_mint"", ""category"": ""cobblepedia:items"", ""read_by_default"": true, ""icon"": ""cobblemon:mild_mint"", ""pages"": [ { ""type"": ""patchouli:spotlight"", ""item"": ""cobblemon:mild_mint"", ""text"": ""book.cobblepedia.entries.mild_mint.text"" }, { ""ty"
cobblepedia,FactorMoon\mods\Cobblepedia-NeoForge-0.7.1.jar,assets/cobblepedia/patchouli_books/cobblepedia/en_us/entries/mint.json,False,False,"{ ""name"": ""book.cobblepedia.entries.mint"", ""category"": ""cobblepedia:consumables"", ""icon"": ""cobblemon:lonely_mint"", ""pages"": [ { ""type"": ""patchouli:spotlight"", ""title"": ""book.cobblepedia.entries.mint"", ""item"": ""tag:cobblemon:mints"", ""text"": ""book.cobblepedia.en"
cobblepedia,FactorMoon\mods\Cobblepedia-NeoForge-0.7.1.jar,assets/cobblepedia/patchouli_books/cobblepedia/en_us/entries/mint_leaf.json,False,False,"{ ""name"": ""book.cobblepedia.entries.mint_leaf"", ""category"": ""cobblepedia:agriculture"", ""icon"": ""cobblemon:red_mint_leaf"", ""pages"": [ { ""type"": ""patchouli:spotlight"", ""title"": ""book.cobblepedia.entries.mint_leaf"", ""item"": ""tag:cobblemon:mint_leaf"", ""text"": ""boo"
cobblepedia,FactorMoon\mods\Cobblepedia-NeoForge-0.7.1.jar,assets/cobblepedia/patchouli_books/cobblepedia/en_us/entries/mint_seeds.json,False,False,"{ ""name"": ""book.cobblepedia.entries.mint_seeds"", ""category"": ""cobblepedia:agriculture"", ""icon"": ""cobblemon:red_mint_seeds"", ""pages"": [ { ""type"": ""patchouli:spotlight"", ""title"": ""book.cobblepedia.entries.mint_seeds"", ""item"": ""tag:cobblemon:mint_seeds"", ""text"": "
cobblepedia,FactorMoon\mods\Cobblepedia-NeoForge-0.7.1.jar,assets/cobblepedia/patchouli_books/cobblepedia/en_us/entries/miracle_seed.json,False,False,"{ ""name"": ""item.cobblemon.miracle_seed"", ""category"": ""cobblepedia:items"", ""read_by_default"": true, ""icon"": ""cobblemon:miracle_seed"", ""pages"": [ { ""type"": ""patchouli:spotlight"", ""item"": ""cobblemon:miracle_seed"", ""text"": ""book.cobblepedia.entries.miracle_seed.te"
cobblepedia,FactorMoon\mods\Cobblepedia-NeoForge-0.7.1.jar,assets/cobblepedia/patchouli_books/cobblepedia/en_us/entries/mirror_herb.json,False,False,"{ ""name"": ""item.cobblemon.mirror_herb"", ""category"": ""cobblepedia:items"", ""read_by_default"": true, ""icon"": ""cobblemon:mirror_herb"", ""pages"": [ { ""type"": ""patchouli:spotlight"", ""item"": ""cobblemon:mirror_herb"", ""link_recipe"": true, ""text"": ""book.cobblepedia.entri"
cobblepedia,FactorMoon\mods\Cobblepedia-NeoForge-0.7.1.jar,assets/cobblepedia/patchouli_books/cobblepedia/en_us/entries/modest_mint.json,False,False,"{ ""name"": ""item.cobblemon.modest_mint"", ""category"": ""cobblepedia:items"", ""read_by_default"": true, ""icon"": ""cobblemon:modest_mint"", ""pages"": [ { ""type"": ""patchouli:spotlight"", ""item"": ""cobblemon:modest_mint"", ""text"": ""book.cobblepedia.entries.modest_mint.text"" "
cobblepedia,FactorMoon\mods\Cobblepedia-NeoForge-0.7.1.jar,assets/cobblepedia/patchouli_books/cobblepedia/en_us/entries/monitor.json,False,False,"{ ""name"": ""block.cobblemon.monitor"", ""category"": ""cobblepedia:items"", ""read_by_default"": true, ""icon"": ""cobblemon:monitor"", ""pages"": [ { ""type"": ""patchouli:spotlight"", ""item"": ""cobblemon:monitor"", ""title"": ""block.cobblemon.monitor"", ""text"": ""book.cobblepedia.e"
cobblepedia,FactorMoon\mods\Cobblepedia-NeoForge-0.7.1.jar,assets/cobblepedia/patchouli_books/cobblepedia/en_us/entries/moon_ball.json,False,False,"{ ""name"": ""item.cobblemon.moon_ball"", ""category"": ""cobblepedia:items"", ""read_by_default"": true, ""icon"": ""cobblemon:moon_ball"", ""pages"": [ { ""type"": ""patchouli:spotlight"", ""item"": ""cobblemon:moon_ball"", ""text"": ""book.cobblepedia.entries.moon_ball.text"" }, { ""ty"
cobblepedia,FactorMoon\mods\Cobblepedia-NeoForge-0.7.1.jar,assets/cobblepedia/patchouli_books/cobblepedia/en_us/entries/moon_rod.json,False,False,"{ ""name"": ""book.cobblepedia.entries.moon_rod.name"", ""category"": ""cobblepedia:items"", ""read_by_default"": true, ""icon"": ""cobblemon:moon_rod"", ""pages"": [ { ""type"": ""patchouli:spotlight"", ""item"": ""cobblemon:moon_rod"", ""text"": ""book.cobblepedia.entries.moon_rod.tex"
cobblepedia,FactorMoon\mods\Cobblepedia-NeoForge-0.7.1.jar,assets/cobblepedia/patchouli_books/cobblepedia/en_us/entries/moon_stone.json,False,False,"{ ""name"": ""item.cobblemon.moon_stone"", ""category"": ""cobblepedia:items"", ""read_by_default"": true, ""icon"": ""cobblemon:moon_stone"", ""pages"": [ { ""type"": ""patchouli:spotlight"", ""item"": ""cobblemon:moon_stone"", ""title"": ""item.cobblemon.moon_stone"", ""text"": ""book.cob"
cobblepedia,FactorMoon\mods\Cobblepedia-NeoForge-0.7.1.jar,assets/cobblepedia/patchouli_books/cobblepedia/en_us/entries/moon_stone_block.json,False,False,"{ ""name"": ""block.cobblemon.moon_stone_block"", ""category"": ""cobblepedia:items"", ""read_by_default"": true, ""icon"": ""cobblemon:moon_stone_block"", ""pages"": [ { ""type"": ""patchouli:spotlight"", ""item"": ""cobblemon:moon_stone_block"", ""text"": ""book.cobblepedia.entries.mo"
cobblepedia,FactorMoon\mods\Cobblepedia-NeoForge-0.7.1.jar,assets/cobblepedia/patchouli_books/cobblepedia/en_us/entries/moon_stone_ore.json,False,False,"{ ""name"": ""block.cobblemon.moon_stone_ore"", ""category"": ""cobblepedia:items"", ""read_by_default"": true, ""icon"": ""cobblemon:moon_stone_ore"", ""pages"": [ { ""type"": ""patchouli:spotlight"", ""item"": ""cobblemon:moon_stone_ore"", ""link_recipe"": true, ""title"": ""block.cobbl"
cobblepedia,FactorMoon\mods\Cobblepedia-NeoForge-0.7.1.jar,assets/cobblepedia/patchouli_books/cobblepedia/en_us/entries/mossy_oubliette_ruins.json,False,False,"{ ""name"": ""book.cobblepedia.entries.mossy_oubliette_ruins.name"", ""category"": ""cobblepedia:structures"", ""read_by_default"": true, ""icon"": ""minecraft:mossy_stone_bricks"", ""pages"": [ { ""type"": ""patchouli:text"", ""text"": ""book.cobblepedia.entries.mossy_oubliette_rui"
cobblepedia,FactorMoon\mods\Cobblepedia-NeoForge-0.7.1.jar,assets/cobblepedia/patchouli_books/cobblepedia/en_us/entries/mulch.json,False,False,"{ ""name"": ""book.cobblepedia.entries.mulch"", ""category"": ""cobblepedia:agriculture"", ""icon"": ""cobblemon:mulch_base"", ""pages"": [ { ""type"": ""patchouli:spotlight"", ""title"": ""book.cobblepedia.entries.mulch"", ""item"": ""tag:cobblepedia:mulches"", ""text"": ""book.cobbleped"
cobblepedia,FactorMoon\mods\Cobblepedia-NeoForge-0.7.1.jar,assets/cobblepedia/patchouli_books/cobblepedia/en_us/entries/mulch_base.json,False,False,"{ ""name"": ""item.cobblemon.mulch_base"", ""category"": ""cobblepedia:items"", ""read_by_default"": true, ""icon"": ""cobblemon:mulch_base"", ""pages"": [ { ""type"": ""patchouli:spotlight"", ""item"": ""cobblemon:mulch_base"", ""text"": ""book.cobblepedia.entries.mulch_base.text"" }, {"
cobblepedia,FactorMoon\mods\Cobblepedia-NeoForge-0.7.1.jar,assets/cobblepedia/patchouli_books/cobblepedia/en_us/entries/muscle_band.json,False,False,"{ ""name"": ""item.cobblemon.muscle_band"", ""category"": ""cobblepedia:items"", ""read_by_default"": true, ""icon"": ""cobblemon:muscle_band"", ""pages"": [ { ""type"": ""patchouli:spotlight"", ""item"": ""cobblemon:muscle_band"", ""text"": ""book.cobblepedia.entries.muscle_band.text"" "
cobblepedia,FactorMoon\mods\Cobblepedia-NeoForge-0.7.1.jar,assets/cobblepedia/patchouli_books/cobblepedia/en_us/entries/muscle_feather.json,False,False,"{ ""name"": ""item.cobblemon.muscle_feather"", ""category"": ""cobblepedia:items"", ""read_by_default"": true, ""icon"": ""cobblemon:muscle_feather"", ""pages"": [ { ""type"": ""patchouli:spotlight"", ""item"": ""cobblemon:muscle_feather"", ""link_recipe"": true, ""text"": ""book.cobblepe"
cobblepedia,FactorMoon\mods\Cobblepedia-NeoForge-0.7.1.jar,assets/cobblepedia/patchouli_books/cobblepedia/en_us/entries/mutated_berry.json,False,False,"{ ""name"": ""book.cobblepedia.entries.mutated_berry"", ""category"": ""cobblepedia:agriculture"", ""icon"": ""cobblemon:leppa_berry"", ""pages"": [ { ""type"": ""patchouli:spotlight"", ""title"": ""book.cobblepedia.entries.mutated_berry"", ""item"": ""tag:cobblemon:mutated_berries"", "
cobblepedia,FactorMoon\mods\Cobblepedia-NeoForge-0.7.1.jar,assets/cobblepedia/patchouli_books/cobblepedia/en_us/entries/mystic_water.json,False,False,"{ ""name"": ""item.cobblemon.mystic_water"", ""category"": ""cobblepedia:items"", ""read_by_default"": true, ""icon"": ""cobblemon:mystic_water"", ""pages"": [ { ""type"": ""patchouli:spotlight"", ""item"": ""cobblemon:mystic_water"", ""text"": ""book.cobblepedia.entries.mystic_water.te"
cobblepedia,FactorMoon\mods\Cobblepedia-NeoForge-0.7.1.jar,assets/cobblepedia/patchouli_books/cobblepedia/en_us/entries/naive_mint.json,False,False,"{ ""name"": ""item.cobblemon.naive_mint"", ""category"": ""cobblepedia:items"", ""read_by_default"": true, ""icon"": ""cobblemon:naive_mint"", ""pages"": [ { ""type"": ""patchouli:spotlight"", ""item"": ""cobblemon:naive_mint"", ""text"": ""book.cobblepedia.entries.naive_mint.text"" }, {"
cobblepedia,FactorMoon\mods\Cobblepedia-NeoForge-0.7.1.jar,assets/cobblepedia/patchouli_books/cobblepedia/en_us/entries/nanab_berry.json,False,False,"{ ""name"": ""item.cobblemon.nanab_berry"", ""category"": ""cobblepedia:items"", ""read_by_default"": true, ""icon"": ""cobblemon:nanab_berry"", ""pages"": [ { ""type"": ""cobblepedia:natural_berry"", ""item"": ""cobblemon:nanab_berry"" }, { ""type"": ""patchouli:text"", ""title"": ""book.c"
cobblepedia,FactorMoon\mods\Cobblepedia-NeoForge-0.7.1.jar,assets/cobblepedia/patchouli_books/cobblepedia/en_us/entries/natural_berry.json,False,False,"{ ""name"": ""book.cobblepedia.entries.natural_berry"", ""category"": ""cobblepedia:agriculture"", ""icon"": ""cobblemon:cheri_berry"", ""pages"": [ { ""type"": ""patchouli:spotlight"", ""title"": ""book.cobblepedia.entries.natural_berry"", ""item"": ""tag:cobblepedia:natural_berries"""
cobblepedia,FactorMoon\mods\Cobblepedia-NeoForge-0.7.1.jar,assets/cobblepedia/patchouli_books/cobblepedia/en_us/entries/naughty_mint.json,False,False,"{ ""name"": ""item.cobblemon.naughty_mint"", ""category"": ""cobblepedia:items"", ""read_by_default"": true, ""icon"": ""cobblemon:naughty_mint"", ""pages"": [ { ""type"": ""patchouli:spotlight"", ""item"": ""cobblemon:naughty_mint"", ""text"": ""book.cobblepedia.entries.naughty_mint.te"
cobblepedia,FactorMoon\mods\Cobblepedia-NeoForge-0.7.1.jar,assets/cobblepedia/patchouli_books/cobblepedia/en_us/entries/nest_ball.json,False,False,"{ ""name"": ""item.cobblemon.nest_ball"", ""category"": ""cobblepedia:items"", ""read_by_default"": true, ""icon"": ""cobblemon:nest_ball"", ""pages"": [ { ""type"": ""patchouli:spotlight"", ""item"": ""cobblemon:nest_ball"", ""text"": ""book.cobblepedia.entries.nest_ball.text"" }, { ""ty"
cobblepedia,FactorMoon\mods\Cobblepedia-NeoForge-0.7.1.jar,assets/cobblepedia/patchouli_books/cobblepedia/en_us/entries/nest_rod.json,False,False,"{ ""name"": ""book.cobblepedia.entries.nest_rod.name"", ""category"": ""cobblepedia:items"", ""read_by_default"": true, ""icon"": ""cobblemon:nest_rod"", ""pages"": [ { ""type"": ""patchouli:spotlight"", ""item"": ""cobblemon:nest_rod"", ""text"": ""book.cobblepedia.entries.nest_rod.tex"
cobblepedia,FactorMoon\mods\Cobblepedia-NeoForge-0.7.1.jar,assets/cobblepedia/patchouli_books/cobblepedia/en_us/entries/net_ball.json,False,False,"{ ""name"": ""item.cobblemon.net_ball"", ""category"": ""cobblepedia:items"", ""read_by_default"": true, ""icon"": ""cobblemon:net_ball"", ""pages"": [ { ""type"": ""patchouli:spotlight"", ""item"": ""cobblemon:net_ball"", ""text"": ""book.cobblepedia.entries.net_ball.text"" }, { ""type"":"
cobblepedia,FactorMoon\mods\Cobblepedia-NeoForge-0.7.1.jar,assets/cobblepedia/patchouli_books/cobblepedia/en_us/entries/net_rod.json,False,False,"{ ""name"": ""book.cobblepedia.entries.net_rod.name"", ""category"": ""cobblepedia:items"", ""read_by_default"": true, ""icon"": ""cobblemon:net_rod"", ""pages"": [ { ""type"": ""patchouli:spotlight"", ""item"": ""cobblemon:net_rod"", ""text"": ""book.cobblepedia.entries.net_rod.text"" }"
cobblepedia,FactorMoon\mods\Cobblepedia-NeoForge-0.7.1.jar,assets/cobblepedia/patchouli_books/cobblepedia/en_us/entries/nether_fire_stone_ore.json,False,False,"{ ""name"": ""block.cobblemon.nether_fire_stone_ore"", ""category"": ""cobblepedia:items"", ""read_by_default"": true, ""icon"": ""cobblemon:nether_fire_stone_ore"", ""pages"": [ { ""type"": ""patchouli:spotlight"", ""item"": ""cobblemon:nether_fire_stone_ore"", ""link_recipe"": true, "
cobblepedia,FactorMoon\mods\Cobblepedia-NeoForge-0.7.1.jar,assets/cobblepedia/patchouli_books/cobblepedia/en_us/entries/never_melt_ice.json,False,False,"{ ""name"": ""item.cobblemon.never_melt_ice"", ""category"": ""cobblepedia:items"", ""read_by_default"": true, ""icon"": ""cobblemon:never_melt_ice"", ""pages"": [ { ""type"": ""patchouli:spotlight"", ""item"": ""cobblemon:never_melt_ice"", ""text"": ""book.cobblepedia.entries.never_mel"
cobblepedia,FactorMoon\mods\Cobblepedia-NeoForge-0.7.1.jar,assets/cobblepedia/patchouli_books/cobblepedia/en_us/entries/nomel_berry.json,False,False,"{ ""name"": ""item.cobblemon.nomel_berry"", ""category"": ""cobblepedia:items"", ""read_by_default"": true, ""icon"": ""cobblemon:nomel_berry"", ""pages"": [ { ""type"": ""cobblepedia:mutated_berry"", ""item"": ""cobblemon:nomel_berry"" }, { ""type"": ""patchouli:text"", ""title"": ""book.c"
cobblepedia,FactorMoon\mods\Cobblepedia-NeoForge-0.7.1.jar,assets/cobblepedia/patchouli_books/cobblepedia/en_us/entries/normal_gem.json,False,False,"{ ""name"": ""item.cobblemon.normal_gem"", ""category"": ""cobblepedia:items"", ""read_by_default"": true, ""icon"": ""cobblemon:normal_gem"", ""pages"": [ { ""type"": ""patchouli:spotlight"", ""item"": ""cobblemon:normal_gem"", ""link_recipe"": true, ""text"": ""book.cobblepedia.entries."
cobblepedia,FactorMoon\mods\Cobblepedia-NeoForge-0.7.1.jar,assets/cobblepedia/patchouli_books/cobblepedia/en_us/entries/nostalgic_sherd.json,False,False,"{ ""name"": ""item.cobblemon.nostalgic_sherd"", ""category"": ""cobblepedia:items"", ""read_by_default"": true, ""icon"": ""cobblemon:nostalgic_sherd"", ""pages"": [ { ""type"": ""patchouli:spotlight"", ""item"": ""cobblemon:nostalgic_sherd"", ""link_recipe"": true, ""text"": ""book.cobbl"
cobblepedia,FactorMoon\mods\Cobblepedia-NeoForge-0.7.1.jar,assets/cobblepedia/patchouli_books/cobblepedia/en_us/entries/nurse_villager.json,False,False,"{ ""name"": ""book.cobblepedia.entries.nurse_villager.name"", ""category"": ""cobblepedia:structures"", ""read_by_default"": true, ""icon"": ""cobblemon:healing_machine"", ""pages"": [ { ""type"": ""patchouli:text"", ""text"": ""book.cobblepedia.entries.nurse_villager.text"" }, { ""ty"
cobblepedia,FactorMoon\mods\Cobblepedia-NeoForge-0.7.1.jar,assets/cobblepedia/patchouli_books/cobblepedia/en_us/entries/occa_berry.json,False,False,"{ ""name"": ""item.cobblemon.occa_berry"", ""category"": ""cobblepedia:items"", ""read_by_default"": true, ""icon"": ""cobblemon:occa_berry"", ""pages"": [ { ""type"": ""cobblepedia:natural_berry"", ""item"": ""cobblemon:occa_berry"" }, { ""type"": ""patchouli:text"", ""title"": ""book.cobb"
cobblepedia,FactorMoon\mods\Cobblepedia-NeoForge-0.7.1.jar,assets/cobblepedia/patchouli_books/cobblepedia/en_us/entries/old_amber_fossil.json,False,False,"{ ""name"": ""item.cobblemon.old_amber_fossil"", ""category"": ""cobblepedia:items"", ""read_by_default"": true, ""icon"": ""cobblemon:old_amber_fossil"", ""pages"": [ { ""type"": ""patchouli:spotlight"", ""title"": ""item.cobblemon.old_amber_fossil"", ""item"": ""cobblemon:old_amber_fo"
cobblepedia,FactorMoon\mods\Cobblepedia-NeoForge-0.7.1.jar,assets/cobblepedia/patchouli_books/cobblepedia/en_us/entries/openstarterscreen_command.json,False,False,"{ ""name"": ""book.cobblepedia.entries.openstarterscreen_command"", ""category"": ""cobblepedia:commands"", ""read_by_default"": true, ""icon"": ""cobblemon:upgrade"", ""pages"": [ { ""type"": ""patchouli:text"", ""text"": ""book.cobblepedia.entries.openstarterscreen_command.text"" }"
cobblepedia,FactorMoon\mods\Cobblepedia-NeoForge-0.7.1.jar,assets/cobblepedia/patchouli_books/cobblepedia/en_us/entries/oran_berry.json,False,False,"{ ""name"": ""item.cobblemon.oran_berry"", ""category"": ""cobblepedia:items"", ""read_by_default"": true, ""icon"": ""cobblemon:oran_berry"", ""pages"": [ { ""type"": ""cobblepedia:natural_berry"", ""item"": ""cobblemon:oran_berry"" }, { ""type"": ""patchouli:text"", ""title"": ""book.cobb"
cobblepedia,FactorMoon\mods\Cobblepedia-NeoForge-0.7.1.jar,assets/cobblepedia/patchouli_books/cobblepedia/en_us/entries/oval_stone.json,False,False,"{ ""name"": ""item.cobblemon.oval_stone"", ""category"": ""cobblepedia:items"", ""read_by_default"": true, ""icon"": ""cobblemon:oval_stone"", ""pages"": [ { ""type"": ""patchouli:spotlight"", ""item"": ""cobblemon:oval_stone"", ""link_recipe"": true, ""title"": ""item.cobblemon.oval_ston"
cobblepedia,FactorMoon\mods\Cobblepedia-NeoForge-0.7.1.jar,assets/cobblepedia/patchouli_books/cobblepedia/en_us/entries/pamtre_berry.json,False,False,"{ ""name"": ""item.cobblemon.pamtre_berry"", ""category"": ""cobblepedia:items"", ""read_by_default"": true, ""icon"": ""cobblemon:pamtre_berry"", ""pages"": [ { ""type"": ""cobblepedia:mutated_berry"", ""item"": ""cobblemon:pamtre_berry"" }, { ""type"": ""patchouli:text"", ""title"": ""boo"
cobblepedia,FactorMoon\mods\Cobblepedia-NeoForge-0.7.1.jar,assets/cobblepedia/patchouli_books/cobblepedia/en_us/entries/paralyze_heal.json,False,False,"{ ""name"": ""item.cobblemon.paralyze_heal"", ""category"": ""cobblepedia:items"", ""read_by_default"": true, ""icon"": ""cobblemon:paralyze_heal"", ""pages"": [ { ""type"": ""patchouli:spotlight"", ""item"": ""cobblemon:paralyze_heal"", ""text"": ""book.cobblepedia.entries.paralyze_hea"
cobblepedia,FactorMoon\mods\Cobblepedia-NeoForge-0.7.1.jar,assets/cobblepedia/patchouli_books/cobblepedia/en_us/entries/park_ball.json,False,False,"{ ""name"": ""item.cobblemon.park_ball"", ""category"": ""cobblepedia:items"", ""read_by_default"": true, ""icon"": ""cobblemon:park_ball"", ""pages"": [ { ""type"": ""patchouli:spotlight"", ""item"": ""cobblemon:park_ball"", ""text"": ""book.cobblepedia.entries.park_ball.text"" }, { ""ty"
cobblepedia,FactorMoon\mods\Cobblepedia-NeoForge-0.7.1.jar,assets/cobblepedia/patchouli_books/cobblepedia/en_us/entries/park_rod.json,False,False,"{ ""name"": ""book.cobblepedia.entries.park_rod.name"", ""category"": ""cobblepedia:items"", ""read_by_default"": true, ""icon"": ""cobblemon:park_rod"", ""pages"": [ { ""type"": ""patchouli:spotlight"", ""item"": ""cobblemon:park_rod"", ""text"": ""book.cobblepedia.entries.park_rod.tex"
cobblepedia,FactorMoon\mods\Cobblepedia-NeoForge-0.7.1.jar,assets/cobblepedia/patchouli_books/cobblepedia/en_us/entries/passho_berry.json,False,False,"{ ""name"": ""item.cobblemon.passho_berry"", ""category"": ""cobblepedia:items"", ""read_by_default"": true, ""icon"": ""cobblemon:passho_berry"", ""pages"": [ { ""type"": ""cobblepedia:natural_berry"", ""item"": ""cobblemon:passho_berry"" }, { ""type"": ""patchouli:text"", ""title"": ""boo"
cobblepedia,FactorMoon\mods\Cobblepedia-NeoForge-0.7.1.jar,assets/cobblepedia/patchouli_books/cobblepedia/en_us/entries/pasture.json,False,False,"{ ""name"": ""block.cobblemon.pasture"", ""category"": ""cobblepedia:items"", ""read_by_default"": true, ""icon"": ""cobblemon:pasture"", ""pages"": [ { ""type"": ""patchouli:spotlight"", ""item"": ""cobblemon:pasture"", ""title"": ""block.cobblemon.pasture"", ""text"": ""book.cobblepedia.e"
cobblepedia,FactorMoon\mods\Cobblepedia-NeoForge-0.7.1.jar,assets/cobblepedia/patchouli_books/cobblepedia/en_us/entries/payapa_berry.json,False,False,"{ ""name"": ""item.cobblemon.payapa_berry"", ""category"": ""cobblepedia:items"", ""read_by_default"": true, ""icon"": ""cobblemon:payapa_berry"", ""pages"": [ { ""type"": ""cobblepedia:natural_berry"", ""item"": ""cobblemon:payapa_berry"" }, { ""type"": ""patchouli:text"", ""title"": ""boo"
cobblepedia,FactorMoon\mods\Cobblepedia-NeoForge-0.7.1.jar,assets/cobblepedia/patchouli_books/cobblepedia/en_us/entries/pc.json,False,False,"{ ""name"": ""block.cobblemon.pc"", ""category"": ""cobblepedia:items"", ""read_by_default"": true, ""icon"": ""cobblemon:pc"", ""pages"": [ { ""type"": ""patchouli:spotlight"", ""item"": ""cobblemon:pc"", ""title"": ""block.cobblemon.pc"", ""text"": ""book.cobblepedia.entries.pc.text"" }, {"
cobblepedia,FactorMoon\mods\Cobblepedia-NeoForge-0.7.1.jar,assets/cobblepedia/patchouli_books/cobblepedia/en_us/entries/pc_command.json,False,False,"{ ""name"": ""book.cobblepedia.entries.pc_command"", ""category"": ""cobblepedia:commands"", ""read_by_default"": true, ""icon"": ""cobblemon:pc"", ""pages"": [ { ""type"": ""patchouli:text"", ""text"": ""book.cobblepedia.entries.pc_command.text"" }, { ""type"": ""patchouli:text"", ""titl"
cobblepedia,FactorMoon\mods\Cobblepedia-NeoForge-0.7.1.jar,assets/cobblepedia/patchouli_books/cobblepedia/en_us/entries/peat_block.json,False,False,"{ ""name"": ""item.cobblemon.peat_block"", ""category"": ""cobblepedia:items"", ""read_by_default"": true, ""icon"": ""cobblemon:peat_block"", ""pages"": [ { ""type"": ""patchouli:spotlight"", ""item"": ""cobblemon:peat_block"", ""link_recipe"": true, ""title"": ""item.cobblemon.peat_bloc"
cobblepedia,FactorMoon\mods\Cobblepedia-NeoForge-0.7.1.jar,assets/cobblepedia/patchouli_books/cobblepedia/en_us/entries/peat_mulch.json,False,False,"{ ""name"": ""item.cobblemon.peat_mulch"", ""category"": ""cobblepedia:items"", ""read_by_default"": true, ""icon"": ""cobblemon:peat_mulch"", ""pages"": [ { ""type"": ""patchouli:spotlight"", ""item"": ""cobblemon:peat_mulch"", ""text"": ""book.cobblepedia.entries.peat_mulch.text"" }, {"
cobblepedia,FactorMoon\mods\Cobblepedia-NeoForge-0.7.1.jar,assets/cobblepedia/patchouli_books/cobblepedia/en_us/entries/pecha_berry.json,False,False,"{ ""name"": ""item.cobblemon.pecha_berry"", ""category"": ""cobblepedia:items"", ""read_by_default"": true, ""icon"": ""cobblemon:pecha_berry"", ""pages"": [ { ""type"": ""cobblepedia:natural_berry"", ""item"": ""cobblemon:pecha_berry"" }, { ""type"": ""patchouli:text"", ""title"": ""book.c"
cobblepedia,FactorMoon\mods\Cobblepedia-NeoForge-0.7.1.jar,assets/cobblepedia/patchouli_books/cobblepedia/en_us/entries/pep_up_flower.json,False,False,"{ ""name"": ""block.cobblemon.pep_up_flower"", ""category"": ""cobblepedia:items"", ""read_by_default"": true, ""icon"": ""cobblemon:pep_up_flower"", ""pages"": [ { ""type"": ""patchouli:spotlight"", ""item"": ""cobblemon:pep_up_flower"", ""link_recipe"": true, ""text"": ""book.cobblepedi"
cobblepedia,FactorMoon\mods\Cobblepedia-NeoForge-0.7.1.jar,assets/cobblepedia/patchouli_books/cobblepedia/en_us/entries/persim_berry.json,False,False,"{ ""name"": ""item.cobblemon.persim_berry"", ""category"": ""cobblepedia:items"", ""read_by_default"": true, ""icon"": ""cobblemon:persim_berry"", ""pages"": [ { ""type"": ""cobblepedia:natural_berry"", ""item"": ""cobblemon:persim_berry"" }, { ""type"": ""patchouli:text"", ""title"": ""boo"
cobblepedia,FactorMoon\mods\Cobblepedia-NeoForge-0.7.1.jar,assets/cobblepedia/patchouli_books/cobblepedia/en_us/entries/petaya_berry.json,False,False,"{ ""name"": ""item.cobblemon.petaya_berry"", ""category"": ""cobblepedia:items"", ""read_by_default"": true, ""icon"": ""cobblemon:petaya_berry"", ""pages"": [ { ""type"": ""cobblepedia:mutated_berry"", ""item"": ""cobblemon:petaya_berry"" }, { ""type"": ""patchouli:text"", ""title"": ""boo"
cobblepedia,FactorMoon\mods\Cobblepedia-NeoForge-0.7.1.jar,assets/cobblepedia/patchouli_books/cobblepedia/en_us/entries/pinap_berry.json,False,False,"{ ""name"": ""item.cobblemon.pinap_berry"", ""category"": ""cobblepedia:items"", ""read_by_default"": true, ""icon"": ""cobblemon:pinap_berry"", ""pages"": [ { ""type"": ""cobblepedia:natural_berry"", ""item"": ""cobblemon:pinap_berry"" }, { ""type"": ""patchouli:text"", ""title"": ""book.c"
cobblepedia,FactorMoon\mods\Cobblepedia-NeoForge-0.7.1.jar,assets/cobblepedia/patchouli_books/cobblepedia/en_us/entries/pink_apricorn.json,False,False,"{ ""name"": ""item.cobblemon.pink_apricorn"", ""category"": ""cobblepedia:items"", ""read_by_default"": true, ""icon"": ""cobblemon:pink_apricorn"", ""pages"": [ { ""type"": ""patchouli:spotlight"", ""item"": ""cobblemon:pink_apricorn"", ""link_recipe"": true, ""title"": ""item.cobblemon."
cobblepedia,FactorMoon\mods\Cobblepedia-NeoForge-0.7.1.jar,assets/cobblepedia/patchouli_books/cobblepedia/en_us/entries/pink_apricorn_seed.json,False,False,"{ ""name"": ""item.cobblemon.pink_apricorn_seed"", ""category"": ""cobblepedia:items"", ""read_by_default"": true, ""icon"": ""cobblemon:pink_apricorn_seed"", ""pages"": [ { ""type"": ""patchouli:spotlight"", ""item"": ""cobblemon:pink_apricorn_seed"", ""link_recipe"": true, ""title"": """
cobblepedia,FactorMoon\mods\Cobblepedia-NeoForge-0.7.1.jar,assets/cobblepedia/patchouli_books/cobblepedia/en_us/entries/pink_gilded_chest.json,False,False,"{ ""name"": ""block.cobblemon.pink_gilded_chest"", ""category"": ""cobblepedia:items"", ""read_by_default"": true, ""icon"": ""cobblemon:pink_gilded_chest"", ""pages"": [ { ""type"": ""patchouli:spotlight"", ""item"": ""cobblemon:pink_gilded_chest"", ""title"": ""block.cobblemon.pink_gi"
cobblepedia,FactorMoon\mods\Cobblepedia-NeoForge-0.7.1.jar,assets/cobblepedia/patchouli_books/cobblepedia/en_us/entries/pink_mint_leaf.json,False,False,"{ ""name"": ""item.cobblemon.pink_mint_leaf"", ""category"": ""cobblepedia:items"", ""read_by_default"": true, ""icon"": ""cobblemon:pink_mint_leaf"", ""pages"": [ { ""type"": ""patchouli:spotlight"", ""item"": ""cobblemon:pink_mint_leaf"", ""link_recipe"": true, ""text"": ""book.cobblepe"
cobblepedia,FactorMoon\mods\Cobblepedia-NeoForge-0.7.1.jar,assets/cobblepedia/patchouli_books/cobblepedia/en_us/entries/pink_mint_seeds.json,False,False,"{ ""name"": ""block.cobblemon.pink_mint"", ""category"": ""cobblepedia:items"", ""read_by_default"": true, ""icon"": ""cobblemon:pink_mint_seeds"", ""pages"": [ { ""type"": ""patchouli:spotlight"", ""item"": ""cobblemon:pink_mint_seeds"", ""link_recipe"": true, ""text"": ""book.cobblepedi"
cobblepedia,FactorMoon\mods\Cobblepedia-NeoForge-0.7.1.jar,assets/cobblepedia/patchouli_books/cobblepedia/en_us/entries/plume_fossil.json,False,False,"{ ""name"": ""item.cobblemon.plume_fossil"", ""category"": ""cobblepedia:items"", ""read_by_default"": true, ""icon"": ""cobblemon:plume_fossil"", ""pages"": [ { ""type"": ""patchouli:spotlight"", ""title"": ""item.cobblemon.plume_fossil"", ""item"": ""cobblemon:plume_fossil"", ""link_rec"
cobblepedia,FactorMoon\mods\Cobblepedia-NeoForge-0.7.1.jar,assets/cobblepedia/patchouli_books/cobblepedia/en_us/entries/poison_barb.json,False,False,"{ ""name"": ""item.cobblemon.poison_barb"", ""category"": ""cobblepedia:items"", ""read_by_default"": true, ""icon"": ""cobblemon:poison_barb"", ""pages"": [ { ""type"": ""patchouli:spotlight"", ""item"": ""cobblemon:poison_barb"", ""text"": ""book.cobblepedia.entries.poison_barb.text"" "
cobblepedia,FactorMoon\mods\Cobblepedia-NeoForge-0.7.1.jar,assets/cobblepedia/patchouli_books/cobblepedia/en_us/entries/poison_gem.json,False,False,"{ ""name"": ""item.cobblemon.poison_gem"", ""category"": ""cobblepedia:items"", ""read_by_default"": true, ""icon"": ""cobblemon:poison_gem"", ""pages"": [ { ""type"": ""patchouli:spotlight"", ""item"": ""cobblemon:poison_gem"", ""link_recipe"": true, ""text"": ""book.cobblepedia.entries."
cobblepedia,FactorMoon\mods\Cobblepedia-NeoForge-0.7.1.jar,assets/cobblepedia/patchouli_books/cobblepedia/en_us/entries/poke_ball.json,False,False,"{ ""name"": ""item.cobblemon.poke_ball"", ""category"": ""cobblepedia:items"", ""read_by_default"": true, ""icon"": ""cobblemon:poke_ball"", ""pages"": [ { ""type"": ""patchouli:spotlight"", ""item"": ""cobblemon:poke_ball"", ""text"": ""book.cobblepedia.entries.poke_ball.text"" }, { ""ty"
cobblepedia,FactorMoon\mods\Cobblepedia-NeoForge-0.7.1.jar,assets/cobblepedia/patchouli_books/cobblepedia/en_us/entries/poke_ball_intro.json,False,False,"{ ""name"": ""book.cobblepedia.entries.poke_ball_intro"", ""category"": ""cobblepedia:poke_balls"", ""icon"": ""cobblemon:poke_ball"", ""turnin"": ""cobblemon:craft_poke_ball"", ""priority"": true, ""pages"": [ { ""type"": ""patchouli:spotlight"", ""title"": ""book.cobblepedia.entries.p"
cobblepedia,FactorMoon\mods\Cobblepedia-NeoForge-0.7.1.jar,assets/cobblepedia/patchouli_books/cobblepedia/en_us/entries/poke_ball_tiers.json,False,False,"{ ""name"": ""book.cobblepedia.entries.poke_ball_tiers"", ""category"": ""cobblepedia:poke_balls"", ""icon"": ""cobblemon:luxury_ball"", ""sortnum"": 3, ""pages"": [ { ""type"": ""patchouli:spotlight"", ""title"": ""book.cobblepedia.entries.poke_ball_tiers"", ""item"": ""tag:cobblepedia"
cobblepedia,FactorMoon\mods\Cobblepedia-NeoForge-0.7.1.jar,assets/cobblepedia/patchouli_books/cobblepedia/en_us/entries/poke_rod.json,False,False,"{ ""name"": ""item.cobblemon.poke_rod"", ""category"": ""cobblepedia:items"", ""read_by_default"": true, ""icon"": ""cobblemon:poke_rod"", ""pages"": [ { ""type"": ""patchouli:spotlight"", ""item"": ""cobblemon:poke_rod"", ""text"": ""book.cobblepedia.entries.poke_rod.text"" }, { ""type"":"
cobblepedia,FactorMoon\mods\Cobblepedia-NeoForge-0.7.1.jar,assets/cobblepedia/patchouli_books/cobblepedia/en_us/entries/pokebox_command.json,False,False,"{ ""name"": ""book.cobblepedia.entries.pokebox_command"", ""category"": ""cobblepedia:commands"", ""read_by_default"": true, ""icon"": ""cobblemon:pc"", ""pages"": [ { ""type"": ""patchouli:text"", ""text"": ""book.cobblepedia.entries.pokebox_command.text"" }, { ""type"": ""patchouli:te"
cobblepedia,FactorMoon\mods\Cobblepedia-NeoForge-0.7.1.jar,assets/cobblepedia/patchouli_books/cobblepedia/en_us/entries/pokedex.json,False,False,"{ ""name"": ""book.cobblepedia.entries.pokedex.name"", ""category"": ""cobblepedia:getting_started"", ""icon"": ""cobblemon:pokedex_red"", ""pages"": [ { ""type"": ""patchouli:spotlight"", ""title"": ""book.cobblepedia.entries.pokedex.name"", ""item"": ""tag:cobblemon:pokedex"", ""text"""
cobblepedia,FactorMoon\mods\Cobblepedia-NeoForge-0.7.1.jar,assets/cobblepedia/patchouli_books/cobblepedia/en_us/entries/pokedex_black.json,False,False,"{ ""name"": ""book.cobblepedia.entries.pokedex_black.name"", ""category"": ""cobblepedia:items"", ""read_by_default"": true, ""icon"": ""cobblemon:pokedex_black"", ""pages"": [ { ""type"": ""patchouli:spotlight"", ""item"": ""cobblemon:pokedex_black"", ""text"": ""book.cobblepedia.entri"
cobblepedia,FactorMoon\mods\Cobblepedia-NeoForge-0.7.1.jar,assets/cobblepedia/patchouli_books/cobblepedia/en_us/entries/pokedex_blue.json,False,False,"{ ""name"": ""book.cobblepedia.entries.pokedex_blue.name"", ""category"": ""cobblepedia:items"", ""read_by_default"": true, ""icon"": ""cobblemon:pokedex_blue"", ""pages"": [ { ""type"": ""patchouli:spotlight"", ""item"": ""cobblemon:pokedex_blue"", ""text"": ""book.cobblepedia.entries."
cobblepedia,FactorMoon\mods\Cobblepedia-NeoForge-0.7.1.jar,assets/cobblepedia/patchouli_books/cobblepedia/en_us/entries/pokedex_green.json,False,False,"{ ""name"": ""book.cobblepedia.entries.pokedex_green.name"", ""category"": ""cobblepedia:items"", ""read_by_default"": true, ""icon"": ""cobblemon:pokedex_green"", ""pages"": [ { ""type"": ""patchouli:spotlight"", ""item"": ""cobblemon:pokedex_green"", ""text"": ""book.cobblepedia.entri"
cobblepedia,FactorMoon\mods\Cobblepedia-NeoForge-0.7.1.jar,assets/cobblepedia/patchouli_books/cobblepedia/en_us/entries/pokedex_pink.json,False,False,"{ ""name"": ""book.cobblepedia.entries.pokedex_pink.name"", ""category"": ""cobblepedia:items"", ""read_by_default"": true, ""icon"": ""cobblemon:pokedex_pink"", ""pages"": [ { ""type"": ""patchouli:spotlight"", ""item"": ""cobblemon:pokedex_pink"", ""text"": ""book.cobblepedia.entries."
cobblepedia,FactorMoon\mods\Cobblepedia-NeoForge-0.7.1.jar,assets/cobblepedia/patchouli_books/cobblepedia/en_us/entries/pokedex_red.json,False,False,"{ ""name"": ""book.cobblepedia.entries.pokedex_red.name"", ""category"": ""cobblepedia:items"", ""read_by_default"": true, ""icon"": ""cobblemon:pokedex_red"", ""pages"": [ { ""type"": ""patchouli:spotlight"", ""item"": ""cobblemon:pokedex_red"", ""text"": ""book.cobblepedia.entries.pok"
cobblepedia,FactorMoon\mods\Cobblepedia-NeoForge-0.7.1.jar,assets/cobblepedia/patchouli_books/cobblepedia/en_us/entries/pokedex_white.json,False,False,"{ ""name"": ""book.cobblepedia.entries.pokedex_white.name"", ""category"": ""cobblepedia:items"", ""read_by_default"": true, ""icon"": ""cobblemon:pokedex_white"", ""pages"": [ { ""type"": ""patchouli:spotlight"", ""item"": ""cobblemon:pokedex_white"", ""text"": ""book.cobblepedia.entri"
cobblepedia,FactorMoon\mods\Cobblepedia-NeoForge-0.7.1.jar,assets/cobblepedia/patchouli_books/cobblepedia/en_us/entries/pokedex_yellow.json,False,False,"{ ""name"": ""book.cobblepedia.entries.pokedex_yellow.name"", ""category"": ""cobblepedia:items"", ""read_by_default"": true, ""icon"": ""cobblemon:pokedex_yellow"", ""pages"": [ { ""type"": ""patchouli:spotlight"", ""item"": ""cobblemon:pokedex_yellow"", ""text"": ""book.cobblepedia.en"
cobblepedia,FactorMoon\mods\Cobblepedia-NeoForge-0.7.1.jar,assets/cobblepedia/patchouli_books/cobblepedia/en_us/entries/pokemon_drops.json,False,False,"{ ""name"": ""book.cobblepedia.entries.pokemon_drops"", ""category"": ""cobblepedia:pokemon"", ""icon"": ""cobblemon:soft_sand"", ""pages"": [ { ""type"": ""patchouli:text"", ""text"": ""book.cobblepedia.entries.pokemon_drops.text"" }, { ""type"": ""patchouli:link"", ""url"": ""https://wi"
cobblepedia,FactorMoon\mods\Cobblepedia-NeoForge-0.7.1.jar,assets/cobblepedia/patchouli_books/cobblepedia/en_us/entries/pokemon_spawning.json,False,False,"{ ""name"": ""book.cobblepedia.entries.pokemon_spawning"", ""category"": ""cobblepedia:pokemon"", ""icon"": ""cobblemon:lucky_egg"", ""pages"": [ { ""type"": ""patchouli:text"", ""text"": ""book.cobblepedia.entries.pokemon_spawning.text"" }, { ""type"": ""patchouli:image"", ""border"": t"
cobblepedia,FactorMoon\mods\Cobblepedia-NeoForge-0.7.1.jar,assets/cobblepedia/patchouli_books/cobblepedia/en_us/entries/pokemonedit_command.json,False,False,"{ ""name"": ""book.cobblepedia.entries.pokemonedit_command"", ""category"": ""cobblepedia:commands"", ""read_by_default"": true, ""icon"": ""cobblemon:upgrade"", ""pages"": [ { ""type"": ""patchouli:text"", ""text"": ""book.cobblepedia.entries.pokemonedit_command.text"" }, { ""type"": "
cobblepedia,FactorMoon\mods\Cobblepedia-NeoForge-0.7.1.jar,assets/cobblepedia/patchouli_books/cobblepedia/en_us/entries/pokemoneditother_command.json,False,False,"{ ""name"": ""book.cobblepedia.entries.pokemoneditother_command"", ""category"": ""cobblepedia:commands"", ""read_by_default"": true, ""icon"": ""cobblemon:upgrade"", ""pages"": [ { ""type"": ""patchouli:text"", ""text"": ""book.cobblepedia.entries.pokemoneditother_command.text"" }, "
cobblepedia,FactorMoon\mods\Cobblepedia-NeoForge-0.7.1.jar,assets/cobblepedia/patchouli_books/cobblepedia/en_us/entries/pokerod.json,False,False,"{ ""name"": ""book.cobblepedia.entries.pokerod.name"", ""category"": ""cobblepedia:poke_balls"", ""icon"": ""cobblemon:poke_rod"", ""sortnum"": 3, ""pages"": [ { ""type"": ""patchouli:spotlight"", ""title"": ""book.cobblepedia.entries.pokerod.name"", ""item"": ""tag:cobblemon:poke_rods"""
cobblepedia,FactorMoon\mods\Cobblepedia-NeoForge-0.7.1.jar,assets/cobblepedia/patchouli_books/cobblepedia/en_us/entries/pokerod_smithing_template.json,False,False,"{ ""name"": ""item.cobblemon.pokerod_smithing_template"", ""category"": ""cobblepedia:items"", ""read_by_default"": true, ""icon"": ""cobblemon:pokerod_smithing_template"", ""pages"": [ { ""type"": ""patchouli:spotlight"", ""item"": ""cobblemon:pokerod_smithing_template"", ""text"": ""b"
cobblepedia,FactorMoon\mods\Cobblepedia-NeoForge-0.7.1.jar,assets/cobblepedia/patchouli_books/cobblepedia/en_us/entries/polished_black_tumblestone.json,False,False,"{ ""name"": ""block.cobblemon.polished_black_tumblestone"", ""category"": ""cobblepedia:items"", ""read_by_default"": true, ""icon"": ""cobblemon:polished_black_tumblestone"", ""pages"": [ { ""type"": ""patchouli:spotlight"", ""title"": ""block.cobblemon.polished_black_tumblestone"","
cobblepedia,FactorMoon\mods\Cobblepedia-NeoForge-0.7.1.jar,assets/cobblepedia/patchouli_books/cobblepedia/en_us/entries/polished_black_tumblestone_slab.json,False,False,"{ ""name"": ""block.cobblemon.polished_black_tumblestone_slab"", ""category"": ""cobblepedia:items"", ""read_by_default"": true, ""icon"": ""cobblemon:polished_black_tumblestone_slab"", ""pages"": [ { ""type"": ""patchouli:spotlight"", ""title"": ""block.cobblemon.polished_black_tum"
cobblepedia,FactorMoon\mods\Cobblepedia-NeoForge-0.7.1.jar,assets/cobblepedia/patchouli_books/cobblepedia/en_us/entries/polished_black_tumblestone_stairs.json,False,False,"{ ""name"": ""block.cobblemon.polished_black_tumblestone_stairs"", ""category"": ""cobblepedia:items"", ""read_by_default"": true, ""icon"": ""cobblemon:polished_black_tumblestone_stairs"", ""pages"": [ { ""type"": ""patchouli:spotlight"", ""title"": ""block.cobblemon.polished_black"
cobblepedia,FactorMoon\mods\Cobblepedia-NeoForge-0.7.1.jar,assets/cobblepedia/patchouli_books/cobblepedia/en_us/entries/polished_black_tumblestone_wall.json,False,False,"{ ""name"": ""block.cobblemon.polished_black_tumblestone_wall"", ""category"": ""cobblepedia:items"", ""read_by_default"": true, ""icon"": ""cobblemon:polished_black_tumblestone_wall"", ""pages"": [ { ""type"": ""patchouli:spotlight"", ""title"": ""block.cobblemon.polished_black_tum"
cobblepedia,FactorMoon\mods\Cobblepedia-NeoForge-0.7.1.jar,assets/cobblepedia/patchouli_books/cobblepedia/en_us/entries/polished_sky_tumblestone.json,False,False,"{ ""name"": ""block.cobblemon.polished_sky_tumblestone"", ""category"": ""cobblepedia:items"", ""read_by_default"": true, ""icon"": ""cobblemon:polished_sky_tumblestone"", ""pages"": [ { ""type"": ""patchouli:spotlight"", ""title"": ""block.cobblemon.polished_sky_tumblestone"", ""item"
cobblepedia,FactorMoon\mods\Cobblepedia-NeoForge-0.7.1.jar,assets/cobblepedia/patchouli_books/cobblepedia/en_us/entries/polished_sky_tumblestone_slab.json,False,False,"{ ""name"": ""block.cobblemon.polished_sky_tumblestone_slab"", ""category"": ""cobblepedia:items"", ""read_by_default"": true, ""icon"": ""cobblemon:polished_sky_tumblestone_slab"", ""pages"": [ { ""type"": ""patchouli:spotlight"", ""title"": ""block.cobblemon.polished_sky_tumblesto"
cobblepedia,FactorMoon\mods\Cobblepedia-NeoForge-0.7.1.jar,assets/cobblepedia/patchouli_books/cobblepedia/en_us/entries/polished_sky_tumblestone_stairs.json,False,False,"{ ""name"": ""block.cobblemon.polished_sky_tumblestone_stairs"", ""category"": ""cobblepedia:items"", ""read_by_default"": true, ""icon"": ""cobblemon:polished_sky_tumblestone_stairs"", ""pages"": [ { ""type"": ""patchouli:spotlight"", ""title"": ""block.cobblemon.polished_sky_tumbl"
cobblepedia,FactorMoon\mods\Cobblepedia-NeoForge-0.7.1.jar,assets/cobblepedia/patchouli_books/cobblepedia/en_us/entries/polished_sky_tumblestone_wall.json,False,False,"{ ""name"": ""block.cobblemon.polished_sky_tumblestone_wall"", ""category"": ""cobblepedia:items"", ""read_by_default"": true, ""icon"": ""cobblemon:polished_sky_tumblestone_wall"", ""pages"": [ { ""type"": ""patchouli:spotlight"", ""title"": ""block.cobblemon.polished_sky_tumblesto"
cobblepedia,FactorMoon\mods\Cobblepedia-NeoForge-0.7.1.jar,assets/cobblepedia/patchouli_books/cobblepedia/en_us/entries/polished_tumblestone.json,False,False,"{ ""name"": ""block.cobblemon.polished_tumblestone"", ""category"": ""cobblepedia:items"", ""read_by_default"": true, ""icon"": ""cobblemon:polished_tumblestone"", ""pages"": [ { ""type"": ""patchouli:spotlight"", ""title"": ""block.cobblemon.polished_tumblestone"", ""item"": ""cobblemo"
cobblepedia,FactorMoon\mods\Cobblepedia-NeoForge-0.7.1.jar,assets/cobblepedia/patchouli_books/cobblepedia/en_us/entries/polished_tumblestone_set.json,False,False,"{ ""name"": ""book.cobblepedia.entries.polished_tumblestone_set.name"", ""category"": ""cobblepedia:archaeology"", ""icon"": ""cobblemon:polished_tumblestone"", ""pages"": [ { ""type"": ""patchouli:text"", ""text"": ""book.cobblepedia.entries.polished_tumblestone_set.text"" }, { ""t"
cobblepedia,FactorMoon\mods\Cobblepedia-NeoForge-0.7.1.jar,assets/cobblepedia/patchouli_books/cobblepedia/en_us/entries/polished_tumblestone_slab.json,False,False,"{ ""name"": ""block.cobblemon.polished_tumblestone_slab"", ""category"": ""cobblepedia:items"", ""read_by_default"": true, ""icon"": ""cobblemon:polished_tumblestone_slab"", ""pages"": [ { ""type"": ""patchouli:spotlight"", ""title"": ""block.cobblemon.polished_tumblestone_slab"", ""i"
cobblepedia,FactorMoon\mods\Cobblepedia-NeoForge-0.7.1.jar,assets/cobblepedia/patchouli_books/cobblepedia/en_us/entries/polished_tumblestone_slabs.json,False,False,"{ ""name"": ""book.cobblepedia.entries.polished_tumblestone_slabs.name"", ""category"": ""cobblepedia:items"", ""icon"": ""cobblemon:polished_tumblestone_slab"", ""pages"": [ { ""type"": ""patchouli:spotlight"", ""title"": ""book.cobblepedia.entries.polished_tumblestone_slabs.name"
cobblepedia,FactorMoon\mods\Cobblepedia-NeoForge-0.7.1.jar,assets/cobblepedia/patchouli_books/cobblepedia/en_us/entries/polished_tumblestone_stairs.json,False,False,"{ ""name"": ""block.cobblemon.polished_tumblestone_stairs"", ""category"": ""cobblepedia:items"", ""read_by_default"": true, ""icon"": ""cobblemon:polished_tumblestone_stairs"", ""pages"": [ { ""type"": ""patchouli:spotlight"", ""title"": ""block.cobblemon.polished_tumblestone_stair"
cobblepedia,FactorMoon\mods\Cobblepedia-NeoForge-0.7.1.jar,assets/cobblepedia/patchouli_books/cobblepedia/en_us/entries/polished_tumblestone_wall.json,False,False,"{ ""name"": ""block.cobblemon.polished_tumblestone_wall"", ""category"": ""cobblepedia:items"", ""read_by_default"": true, ""icon"": ""cobblemon:polished_tumblestone_wall"", ""pages"": [ { ""type"": ""patchouli:spotlight"", ""title"": ""block.cobblemon.polished_tumblestone_wall"", ""i"
cobblepedia,FactorMoon\mods\Cobblepedia-NeoForge-0.7.1.jar,assets/cobblepedia/patchouli_books/cobblepedia/en_us/entries/polished_tumblestone_walls.json,False,False,"{ ""name"": ""book.cobblepedia.entries.polished_tumblestone_walls.name"", ""category"": ""cobblepedia:items"", ""icon"": ""cobblemon:polished_tumblestone_wall"", ""pages"": [ { ""type"": ""patchouli:spotlight"", ""title"": ""book.cobblepedia.entries.polished_tumblestone_walls.name"
cobblepedia,FactorMoon\mods\Cobblepedia-NeoForge-0.7.1.jar,assets/cobblepedia/patchouli_books/cobblepedia/en_us/entries/polished_tumblestones.json,False,False,"{ ""name"": ""book.cobblepedia.entries.polished_tumblestones.name"", ""category"": ""cobblepedia:items"", ""icon"": ""cobblemon:polished_tumblestone"", ""pages"": [ { ""type"": ""patchouli:spotlight"", ""title"": ""book.cobblepedia.entries.polished_tumblestones.name"", ""item"": ""cob"
cobblepedia,FactorMoon\mods\Cobblepedia-NeoForge-0.7.1.jar,assets/cobblepedia/patchouli_books/cobblepedia/en_us/entries/polished_tumblestones_stairs.json,False,False,"{ ""name"": ""book.cobblepedia.entries.polished_tumblestones_stairs.name"", ""category"": ""cobblepedia:items"", ""icon"": ""cobblemon:polished_tumblestone_stairs"", ""pages"": [ { ""type"": ""patchouli:spotlight"", ""title"": ""book.cobblepedia.entries.polished_tumblestones_stair"
cobblepedia,FactorMoon\mods\Cobblepedia-NeoForge-0.7.1.jar,assets/cobblepedia/patchouli_books/cobblepedia/en_us/entries/pomeg_berry.json,False,False,"{ ""name"": ""item.cobblemon.pomeg_berry"", ""category"": ""cobblepedia:items"", ""read_by_default"": true, ""icon"": ""cobblemon:pomeg_berry"", ""pages"": [ { ""type"": ""cobblepedia:mutated_berry"", ""item"": ""cobblemon:pomeg_berry"" }, { ""type"": ""patchouli:text"", ""title"": ""book.c"
cobblepedia,FactorMoon\mods\Cobblepedia-NeoForge-0.7.1.jar,assets/cobblepedia/patchouli_books/cobblepedia/en_us/entries/potion.json,False,False,"{ ""name"": ""item.cobblemon.potion"", ""category"": ""cobblepedia:items"", ""read_by_default"": true, ""icon"": ""cobblemon:potion"", ""pages"": [ { ""type"": ""patchouli:spotlight"", ""item"": ""cobblemon:potion"", ""text"": ""book.cobblepedia.entries.potion.text"" }, { ""type"": ""cobble"
cobblepedia,FactorMoon\mods\Cobblepedia-NeoForge-0.7.1.jar,assets/cobblepedia/patchouli_books/cobblepedia/en_us/entries/pottery_sherd.json,False,False,"{ ""name"": ""book.cobblepedia.entries.pottery_sherd.name"", ""category"": ""cobblepedia:archaeology"", ""icon"": ""cobblemon:capture_sherd"", ""pages"": [ { ""type"": ""patchouli:spotlight"", ""title"": ""book.cobblepedia.entries.pottery_sherd.name"", ""item"": ""tag:cobblemon:decora"
cobblepedia,FactorMoon\mods\Cobblepedia-NeoForge-0.7.1.jar,assets/cobblepedia/patchouli_books/cobblepedia/en_us/entries/power_anklet.json,False,False,"{ ""name"": ""item.cobblemon.power_anklet"", ""category"": ""cobblepedia:items"", ""read_by_default"": true, ""icon"": ""cobblemon:power_anklet"", ""pages"": [ { ""type"": ""patchouli:spotlight"", ""item"": ""cobblemon:power_anklet"", ""text"": ""book.cobblepedia.entries.power_anklet.te"
cobblepedia,FactorMoon\mods\Cobblepedia-NeoForge-0.7.1.jar,assets/cobblepedia/patchouli_books/cobblepedia/en_us/entries/power_band.json,False,False,"{ ""name"": ""item.cobblemon.power_band"", ""category"": ""cobblepedia:items"", ""read_by_default"": true, ""icon"": ""cobblemon:power_band"", ""pages"": [ { ""type"": ""patchouli:spotlight"", ""item"": ""cobblemon:power_band"", ""text"": ""book.cobblepedia.entries.power_band.text"" }, {"
cobblepedia,FactorMoon\mods\Cobblepedia-NeoForge-0.7.1.jar,assets/cobblepedia/patchouli_books/cobblepedia/en_us/entries/power_belt.json,False,False,"{ ""name"": ""item.cobblemon.power_belt"", ""category"": ""cobblepedia:items"", ""read_by_default"": true, ""icon"": ""cobblemon:power_belt"", ""pages"": [ { ""type"": ""patchouli:spotlight"", ""item"": ""cobblemon:power_belt"", ""text"": ""book.cobblepedia.entries.power_belt.text"" }, {"
cobblepedia,FactorMoon\mods\Cobblepedia-NeoForge-0.7.1.jar,assets/cobblepedia/patchouli_books/cobblepedia/en_us/entries/power_bracer.json,False,False,"{ ""name"": ""item.cobblemon.power_bracer"", ""category"": ""cobblepedia:items"", ""read_by_default"": true, ""icon"": ""cobblemon:power_bracer"", ""pages"": [ { ""type"": ""patchouli:spotlight"", ""item"": ""cobblemon:power_bracer"", ""text"": ""book.cobblepedia.entries.power_bracer.te"
cobblepedia,FactorMoon\mods\Cobblepedia-NeoForge-0.7.1.jar,assets/cobblepedia/patchouli_books/cobblepedia/en_us/entries/power_herb.json,False,False,"{ ""name"": ""item.cobblemon.power_herb"", ""category"": ""cobblepedia:items"", ""read_by_default"": true, ""icon"": ""cobblemon:power_herb"", ""pages"": [ { ""type"": ""patchouli:spotlight"", ""item"": ""cobblemon:power_herb"", ""link_recipe"": true, ""text"": ""book.cobblepedia.entries."
cobblepedia,FactorMoon\mods\Cobblepedia-NeoForge-0.7.1.jar,assets/cobblepedia/patchouli_books/cobblepedia/en_us/entries/power_item.json,False,False,"{ ""name"": ""book.cobblepedia.entries.power_item"", ""category"": ""cobblepedia:held_items"", ""icon"": ""cobblemon:power_anklet"", ""pages"": [ { ""type"": ""patchouli:spotlight"", ""title"": ""book.cobblepedia.entries.power_item"", ""item"": ""tag:cobblepedia:power_items"", ""text"": "
cobblepedia,FactorMoon\mods\Cobblepedia-NeoForge-0.7.1.jar,assets/cobblepedia/patchouli_books/cobblepedia/en_us/entries/power_lens.json,False,False,"{ ""name"": ""item.cobblemon.power_lens"", ""category"": ""cobblepedia:items"", ""read_by_default"": true, ""icon"": ""cobblemon:power_lens"", ""pages"": [ { ""type"": ""patchouli:spotlight"", ""item"": ""cobblemon:power_lens"", ""text"": ""book.cobblepedia.entries.power_lens.text"" }, {"
cobblepedia,FactorMoon\mods\Cobblepedia-NeoForge-0.7.1.jar,assets/cobblepedia/patchouli_books/cobblepedia/en_us/entries/power_weight.json,False,False,"{ ""name"": ""item.cobblemon.power_weight"", ""category"": ""cobblepedia:items"", ""read_by_default"": true, ""icon"": ""cobblemon:power_weight"", ""pages"": [ { ""type"": ""patchouli:spotlight"", ""item"": ""cobblemon:power_weight"", ""text"": ""book.cobblepedia.entries.power_weight.te"
cobblepedia,FactorMoon\mods\Cobblepedia-NeoForge-0.7.1.jar,assets/cobblepedia/patchouli_books/cobblepedia/en_us/entries/pp_max.json,False,False,"{ ""name"": ""item.cobblemon.pp_max"", ""category"": ""cobblepedia:items"", ""read_by_default"": true, ""icon"": ""cobblemon:pp_max"", ""pages"": [ { ""type"": ""patchouli:spotlight"", ""item"": ""cobblemon:pp_max"", ""text"": ""book.cobblepedia.entries.pp_max.text"" }, { ""type"": ""patcho"
cobblepedia,FactorMoon\mods\Cobblepedia-NeoForge-0.7.1.jar,assets/cobblepedia/patchouli_books/cobblepedia/en_us/entries/pp_up.json,False,False,"{ ""name"": ""item.cobblemon.pp_up"", ""category"": ""cobblepedia:items"", ""read_by_default"": true, ""icon"": ""cobblemon:pp_up"", ""pages"": [ { ""type"": ""patchouli:spotlight"", ""item"": ""cobblemon:pp_up"", ""text"": ""book.cobblepedia.entries.pp_up.text"" }, { ""type"": ""patchouli:"
cobblepedia,FactorMoon\mods\Cobblepedia-NeoForge-0.7.1.jar,assets/cobblepedia/patchouli_books/cobblepedia/en_us/entries/prehistoric_birch_tree.json,False,False,"{ ""name"": ""book.cobblepedia.entries.prehistoric_birch_tree.name"", ""category"": ""cobblepedia:structures"", ""read_by_default"": true, ""icon"": ""minecraft:birch_wood"", ""pages"": [ { ""type"": ""patchouli:text"", ""text"": ""book.cobblepedia.entries.prehistoric_birch_tree.tex"
cobblepedia,FactorMoon\mods\Cobblepedia-NeoForge-0.7.1.jar,assets/cobblepedia/patchouli_books/cobblepedia/en_us/entries/prehistoric_dripstone_oasis.json,False,False,"{ ""name"": ""book.cobblepedia.entries.prehistoric_dripstone_oasis.name"", ""category"": ""cobblepedia:structures"", ""read_by_default"": true, ""icon"": ""minecraft:dripstone_block"", ""pages"": [ { ""type"": ""patchouli:text"", ""text"": ""book.cobblepedia.entries.prehistoric_drip"
cobblepedia,FactorMoon\mods\Cobblepedia-NeoForge-0.7.1.jar,assets/cobblepedia/patchouli_books/cobblepedia/en_us/entries/prehistoric_enhydro_agate.json,False,False,"{ ""name"": ""book.cobblepedia.entries.prehistoric_enhydro_agate.name"", ""category"": ""cobblepedia:structures"", ""read_by_default"": true, ""icon"": ""cobblemon:deepslate_water_stone_ore"", ""pages"": [ { ""type"": ""patchouli:text"", ""text"": ""book.cobblepedia.entries.prehisto"
cobblepedia,FactorMoon\mods\Cobblepedia-NeoForge-0.7.1.jar,assets/cobblepedia/patchouli_books/cobblepedia/en_us/entries/prehistoric_eroded_pillar.json,False,False,"{ ""name"": ""book.cobblepedia.entries.prehistoric_eroded_pillar.name"", ""category"": ""cobblepedia:structures"", ""read_by_default"": true, ""icon"": ""minecraft:red_sand"", ""pages"": [ { ""type"": ""patchouli:text"", ""text"": ""book.cobblepedia.entries.prehistoric_eroded_pillar"
cobblepedia,FactorMoon\mods\Cobblepedia-NeoForge-0.7.1.jar,assets/cobblepedia/patchouli_books/cobblepedia/en_us/entries/prehistoric_frozen_pond.json,False,False,"{ ""name"": ""book.cobblepedia.entries.prehistoric_frozen_pond.name"", ""category"": ""cobblepedia:structures"", ""read_by_default"": true, ""icon"": ""minecraft:ice"", ""pages"": [ { ""type"": ""patchouli:text"", ""text"": ""book.cobblepedia.entries.prehistoric_frozen_pond.text"" },"
cobblepedia,FactorMoon\mods\Cobblepedia-NeoForge-0.7.1.jar,assets/cobblepedia/patchouli_books/cobblepedia/en_us/entries/prehistoric_frozen_spike.json,False,False,"{ ""name"": ""book.cobblepedia.entries.prehistoric_frozen_spike.name"", ""category"": ""cobblepedia:structures"", ""read_by_default"": true, ""icon"": ""minecraft:packed_ice"", ""pages"": [ { ""type"": ""patchouli:text"", ""text"": ""book.cobblepedia.entries.prehistoric_frozen_spike"
cobblepedia,FactorMoon\mods\Cobblepedia-NeoForge-0.7.1.jar,assets/cobblepedia/patchouli_books/cobblepedia/en_us/entries/prehistoric_hydrothermal_vents.json,False,False,"{ ""name"": ""book.cobblepedia.entries.prehistoric_hydrothermal_vents.name"", ""category"": ""cobblepedia:structures"", ""read_by_default"": true, ""icon"": ""minecraft:basalt"", ""pages"": [ { ""type"": ""patchouli:text"", ""text"": ""book.cobblepedia.entries.prehistoric_hydrotherm"
cobblepedia,FactorMoon\mods\Cobblepedia-NeoForge-0.7.1.jar,assets/cobblepedia/patchouli_books/cobblepedia/en_us/entries/prehistoric_lush_den.json,False,False,"{ ""name"": ""book.cobblepedia.entries.prehistoric_lush_den.name"", ""category"": ""cobblepedia:structures"", ""read_by_default"": true, ""icon"": ""minecraft:jungle_leaves"", ""pages"": [ { ""type"": ""patchouli:text"", ""text"": ""book.cobblepedia.entries.prehistoric_lush_den.text"
cobblepedia,FactorMoon\mods\Cobblepedia-NeoForge-0.7.1.jar,assets/cobblepedia/patchouli_books/cobblepedia/en_us/entries/prehistoric_mossy_pond.json,False,False,"{ ""name"": ""book.cobblepedia.entries.prehistoric_mossy_pond.name"", ""category"": ""cobblepedia:structures"", ""read_by_default"": true, ""icon"": ""cobblemon:deepslate_water_stone_ore"", ""pages"": [ { ""type"": ""patchouli:text"", ""text"": ""book.cobblepedia.entries.prehistoric"
cobblepedia,FactorMoon\mods\Cobblepedia-NeoForge-0.7.1.jar,assets/cobblepedia/patchouli_books/cobblepedia/en_us/entries/prehistoric_mud_pit.json,False,False,"{ ""name"": ""book.cobblepedia.entries.prehistoric_mud_pit.name"", ""category"": ""cobblepedia:structures"", ""read_by_default"": true, ""icon"": ""minecraft:mud"", ""pages"": [ { ""type"": ""patchouli:text"", ""text"": ""book.cobblepedia.entries.prehistoric_mud_pit.text"" }, { ""type"
cobblepedia,FactorMoon\mods\Cobblepedia-NeoForge-0.7.1.jar,assets/cobblepedia/patchouli_books/cobblepedia/en_us/entries/prehistoric_oak_tree.json,False,False,"{ ""name"": ""book.cobblepedia.entries.prehistoric_oak_tree.name"", ""category"": ""cobblepedia:structures"", ""read_by_default"": true, ""icon"": ""minecraft:oak_wood"", ""pages"": [ { ""type"": ""patchouli:text"", ""text"": ""book.cobblepedia.entries.prehistoric_oak_tree.text"" }, "
cobblepedia,FactorMoon\mods\Cobblepedia-NeoForge-0.7.1.jar,assets/cobblepedia/patchouli_books/cobblepedia/en_us/entries/prehistoric_powdered_deposit.json,False,False,"{ ""name"": ""book.cobblepedia.entries.prehistoric_powdered_deposit.name"", ""category"": ""cobblepedia:structures"", ""read_by_default"": true, ""icon"": ""minecraft:snow_block"", ""pages"": [ { ""type"": ""patchouli:text"", ""text"": ""book.cobblepedia.entries.prehistoric_powdered"
cobblepedia,FactorMoon\mods\Cobblepedia-NeoForge-0.7.1.jar,assets/cobblepedia/patchouli_books/cobblepedia/en_us/entries/prehistoric_preserved_skeleton.json,False,False,"{ ""name"": ""book.cobblepedia.entries.prehistoric_preserved_skeleton.name"", ""category"": ""cobblepedia:structures"", ""read_by_default"": true, ""icon"": ""minecraft:bone_block"", ""pages"": [ { ""type"": ""patchouli:text"", ""text"": ""book.cobblepedia.entries.prehistoric_preser"
cobblepedia,FactorMoon\mods\Cobblepedia-NeoForge-0.7.1.jar,assets/cobblepedia/patchouli_books/cobblepedia/en_us/entries/prehistoric_rooted_pit.json,False,False,"{ ""name"": ""book.cobblepedia.entries.prehistoric_rooted_pit.name"", ""category"": ""cobblepedia:structures"", ""read_by_default"": true, ""icon"": ""minecraft:mangrove_roots"", ""pages"": [ { ""type"": ""patchouli:text"", ""text"": ""book.cobblepedia.entries.prehistoric_rooted_pit"
cobblepedia,FactorMoon\mods\Cobblepedia-NeoForge-0.7.1.jar,assets/cobblepedia/patchouli_books/cobblepedia/en_us/entries/prehistoric_sandy_den.json,False,False,"{ ""name"": ""book.cobblepedia.entries.prehistoric_sandy_den.name"", ""category"": ""cobblepedia:structures"", ""read_by_default"": true, ""icon"": ""minecraft:sandstone"", ""pages"": [ { ""type"": ""patchouli:text"", ""text"": ""book.cobblepedia.entries.prehistoric_sandy_den.text"" "
cobblepedia,FactorMoon\mods\Cobblepedia-NeoForge-0.7.1.jar,assets/cobblepedia/patchouli_books/cobblepedia/en_us/entries/prehistoric_spruce_tree.json,False,False,"{ ""name"": ""book.cobblepedia.entries.prehistoric_spruce_tree.name"", ""category"": ""cobblepedia:structures"", ""read_by_default"": true, ""icon"": ""minecraft:spruce_wood"", ""pages"": [ { ""type"": ""patchouli:text"", ""text"": ""book.cobblepedia.entries.prehistoric_spruce_tree."
cobblepedia,FactorMoon\mods\Cobblepedia-NeoForge-0.7.1.jar,assets/cobblepedia/patchouli_books/cobblepedia/en_us/entries/prehistoric_submerged_impact.json,False,False,"{ ""name"": ""book.cobblepedia.entries.prehistoric_submerged_impact.name"", ""category"": ""cobblepedia:structures"", ""read_by_default"": true, ""icon"": ""minecraft:gravel"", ""pages"": [ { ""type"": ""patchouli:text"", ""text"": ""book.cobblepedia.entries.prehistoric_submerged_im"
cobblepedia,FactorMoon\mods\Cobblepedia-NeoForge-0.7.1.jar,assets/cobblepedia/patchouli_books/cobblepedia/en_us/entries/prehistoric_submerged_spike.json,False,False,"{ ""name"": ""book.cobblepedia.entries.prehistoric_submerged_spike.name"", ""category"": ""cobblepedia:structures"", ""read_by_default"": true, ""icon"": ""minecraft:stone"", ""pages"": [ { ""type"": ""patchouli:text"", ""text"": ""book.cobblepedia.entries.prehistoric_submerged_spik"
cobblepedia,FactorMoon\mods\Cobblepedia-NeoForge-0.7.1.jar,assets/cobblepedia/patchouli_books/cobblepedia/en_us/entries/prehistoric_sunscorched_den.json,False,False,"{ ""name"": ""book.cobblepedia.entries.prehistoric_sunscorched_den.name"", ""category"": ""cobblepedia:structures"", ""read_by_default"": true, ""icon"": ""minecraft:blue_ice"", ""pages"": [ { ""type"": ""patchouli:text"", ""text"": ""book.cobblepedia.entries.prehistoric_sunscorched"
cobblepedia,FactorMoon\mods\Cobblepedia-NeoForge-0.7.1.jar,assets/cobblepedia/patchouli_books/cobblepedia/en_us/entries/prehistoric_sunscorched_remains.json,False,False,"{ ""name"": ""book.cobblepedia.entries.prehistoric_sunscorched_remains.name"", ""category"": ""cobblepedia:structures"", ""read_by_default"": true, ""icon"": ""minecraft:smooth_basalt"", ""pages"": [ { ""type"": ""patchouli:text"", ""text"": ""book.cobblepedia.entries.prehistoric_su"
cobblepedia,FactorMoon\mods\Cobblepedia-NeoForge-0.7.1.jar,assets/cobblepedia/patchouli_books/cobblepedia/en_us/entries/prehistoric_suspicious_mound.json,False,False,"{ ""name"": ""book.cobblepedia.entries.prehistoric_suspicious_mound.name"", ""category"": ""cobblepedia:structures"", ""read_by_default"": true, ""icon"": ""minecraft:grass_block"", ""pages"": [ { ""type"": ""patchouli:text"", ""text"": ""book.cobblepedia.entries.prehistoric_suspici"
cobblepedia,FactorMoon\mods\Cobblepedia-NeoForge-0.7.1.jar,assets/cobblepedia/patchouli_books/cobblepedia/en_us/entries/prehistoric_underwater_fissure.json,False,False,"{ ""name"": ""book.cobblepedia.entries.prehistoric_underwater_fissure.name"", ""category"": ""cobblepedia:structures"", ""read_by_default"": true, ""icon"": ""minecraft:magma_block"", ""pages"": [ { ""type"": ""patchouli:text"", ""text"": ""book.cobblepedia.entries.prehistoric_under"
cobblepedia,FactorMoon\mods\Cobblepedia-NeoForge-0.7.1.jar,assets/cobblepedia/patchouli_books/cobblepedia/en_us/entries/prehistoric_vibrant_hydrothermal_vents.json,False,False,"{ ""name"": ""book.cobblepedia.entries.prehistoric_vibrant_hydrothermal_vents.name"", ""category"": ""cobblepedia:structures"", ""read_by_default"": true, ""icon"": ""minecraft:basalt"", ""pages"": [ { ""type"": ""patchouli:text"", ""text"": ""book.cobblepedia.entries.prehistoric_vi"
cobblepedia,FactorMoon\mods\Cobblepedia-NeoForge-0.7.1.jar,assets/cobblepedia/patchouli_books/cobblepedia/en_us/entries/premier_ball.json,False,False,"{ ""name"": ""item.cobblemon.premier_ball"", ""category"": ""cobblepedia:items"", ""read_by_default"": true, ""icon"": ""cobblemon:premier_ball"", ""pages"": [ { ""type"": ""patchouli:spotlight"", ""item"": ""cobblemon:premier_ball"", ""text"": ""book.cobblepedia.entries.premier_ball.te"
cobblepedia,FactorMoon\mods\Cobblepedia-NeoForge-0.7.1.jar,assets/cobblepedia/patchouli_books/cobblepedia/en_us/entries/premier_rod.json,False,False,"{ ""name"": ""book.cobblepedia.entries.premier_rod.name"", ""category"": ""cobblepedia:items"", ""read_by_default"": true, ""icon"": ""cobblemon:premier_rod"", ""pages"": [ { ""type"": ""patchouli:spotlight"", ""item"": ""cobblemon:premier_rod"", ""text"": ""book.cobblepedia.entries.pre"
cobblepedia,FactorMoon\mods\Cobblepedia-NeoForge-0.7.1.jar,assets/cobblepedia/patchouli_books/cobblepedia/en_us/entries/prism_scale.json,False,False,"{ ""name"": ""item.cobblemon.prism_scale"", ""category"": ""cobblepedia:items"", ""read_by_default"": true, ""icon"": ""cobblemon:prism_scale"", ""pages"": [ { ""type"": ""patchouli:spotlight"", ""item"": ""cobblemon:prism_scale"", ""link_recipe"": true, ""title"": ""item.cobblemon.prism_"
cobblepedia,FactorMoon\mods\Cobblepedia-NeoForge-0.7.1.jar,assets/cobblepedia/patchouli_books/cobblepedia/en_us/entries/protective_pads.json,False,False,"{ ""name"": ""item.cobblemon.protective_pads"", ""category"": ""cobblepedia:items"", ""read_by_default"": true, ""icon"": ""cobblemon:protective_pads"", ""pages"": [ { ""type"": ""patchouli:spotlight"", ""item"": ""cobblemon:protective_pads"", ""text"": ""book.cobblepedia.entries.protec"
cobblepedia,FactorMoon\mods\Cobblepedia-NeoForge-0.7.1.jar,assets/cobblepedia/patchouli_books/cobblepedia/en_us/entries/protector.json,False,False,"{ ""name"": ""item.cobblemon.protector"", ""category"": ""cobblepedia:items"", ""read_by_default"": true, ""icon"": ""cobblemon:protector"", ""pages"": [ { ""type"": ""patchouli:spotlight"", ""item"": ""cobblemon:protector"", ""title"": ""item.cobblemon.protector"", ""text"": ""book.cobblep"
cobblepedia,FactorMoon\mods\Cobblepedia-NeoForge-0.7.1.jar,assets/cobblepedia/patchouli_books/cobblepedia/en_us/entries/protein.json,False,False,"{ ""name"": ""item.cobblemon.protein"", ""category"": ""cobblepedia:items"", ""read_by_default"": true, ""icon"": ""cobblemon:protein"", ""pages"": [ { ""type"": ""patchouli:spotlight"", ""item"": ""cobblemon:protein"", ""text"": ""book.cobblepedia.entries.protein.text"" }, { ""type"": ""pa"
cobblepedia,FactorMoon\mods\Cobblepedia-NeoForge-0.7.1.jar,assets/cobblepedia/patchouli_books/cobblepedia/en_us/entries/psychic_gem.json,False,False,"{ ""name"": ""item.cobblemon.psychic_gem"", ""category"": ""cobblepedia:items"", ""read_by_default"": true, ""icon"": ""cobblemon:psychic_gem"", ""pages"": [ { ""type"": ""patchouli:spotlight"", ""item"": ""cobblemon:psychic_gem"", ""link_recipe"": true, ""text"": ""book.cobblepedia.entri"
cobblepedia,FactorMoon\mods\Cobblepedia-NeoForge-0.7.1.jar,assets/cobblepedia/patchouli_books/cobblepedia/en_us/entries/punching_glove.json,False,False,"{ ""name"": ""item.cobblemon.punching_glove"", ""category"": ""cobblepedia:items"", ""read_by_default"": true, ""icon"": ""cobblemon:punching_glove"", ""pages"": [ { ""type"": ""patchouli:spotlight"", ""item"": ""cobblemon:punching_glove"", ""text"": ""book.cobblepedia.entries.punching_"
cobblepedia,FactorMoon\mods\Cobblepedia-NeoForge-0.7.1.jar,assets/cobblepedia/patchouli_books/cobblepedia/en_us/entries/qualot_berry.json,False,False,"{ ""name"": ""item.cobblemon.qualot_berry"", ""category"": ""cobblepedia:items"", ""read_by_default"": true, ""icon"": ""cobblemon:qualot_berry"", ""pages"": [ { ""type"": ""cobblepedia:mutated_berry"", ""item"": ""cobblemon:qualot_berry"" }, { ""type"": ""patchouli:text"", ""title"": ""boo"
cobblepedia,FactorMoon\mods\Cobblepedia-NeoForge-0.7.1.jar,assets/cobblepedia/patchouli_books/cobblepedia/en_us/entries/quick_ball.json,False,False,"{ ""name"": ""item.cobblemon.quick_ball"", ""category"": ""cobblepedia:items"", ""read_by_default"": true, ""icon"": ""cobblemon:quick_ball"", ""pages"": [ { ""type"": ""patchouli:spotlight"", ""item"": ""cobblemon:quick_ball"", ""text"": ""book.cobblepedia.entries.quick_ball.text"" }, {"
cobblepedia,FactorMoon\mods\Cobblepedia-NeoForge-0.7.1.jar,assets/cobblepedia/patchouli_books/cobblepedia/en_us/entries/quick_claw.json,False,False,"{ ""name"": ""item.cobblemon.quick_claw"", ""category"": ""cobblepedia:items"", ""read_by_default"": true, ""icon"": ""cobblemon:quick_claw"", ""pages"": [ { ""type"": ""patchouli:spotlight"", ""item"": ""cobblemon:quick_claw"", ""link_recipe"": true, ""text"": ""book.cobblepedia.entries."
cobblepedia,FactorMoon\mods\Cobblepedia-NeoForge-0.7.1.jar,assets/cobblepedia/patchouli_books/cobblepedia/en_us/entries/quick_powder.json,False,False,"{ ""name"": ""item.cobblemon.quick_powder"", ""category"": ""cobblepedia:items"", ""read_by_default"": true, ""icon"": ""cobblemon:quick_powder"", ""pages"": [ { ""type"": ""patchouli:spotlight"", ""item"": ""cobblemon:quick_powder"", ""link_recipe"": true, ""text"": ""book.cobblepedia.en"
cobblepedia,FactorMoon\mods\Cobblepedia-NeoForge-0.7.1.jar,assets/cobblepedia/patchouli_books/cobblepedia/en_us/entries/quick_rod.json,False,False,"{ ""name"": ""book.cobblepedia.entries.premier_rod.name"", ""category"": ""cobblepedia:items"", ""read_by_default"": true, ""icon"": ""cobblemon:quick_rod"", ""pages"": [ { ""type"": ""patchouli:spotlight"", ""item"": ""cobblemon:quick_rod"", ""text"": ""book.cobblepedia.entries.quick_r"
cobblepedia,FactorMoon\mods\Cobblepedia-NeoForge-0.7.1.jar,assets/cobblepedia/patchouli_books/cobblepedia/en_us/entries/quiet_mint.json,False,False,"{ ""name"": ""item.cobblemon.quiet_mint"", ""category"": ""cobblepedia:items"", ""read_by_default"": true, ""icon"": ""cobblemon:quiet_mint"", ""pages"": [ { ""type"": ""patchouli:spotlight"", ""item"": ""cobblemon:quiet_mint"", ""text"": ""book.cobblepedia.entries.quiet_mint.text"" }, {"
cobblepedia,FactorMoon\mods\Cobblepedia-NeoForge-0.7.1.jar,assets/cobblepedia/patchouli_books/cobblepedia/en_us/entries/rabuta_berry.json,False,False,"{ ""name"": ""item.cobblemon.rabuta_berry"", ""category"": ""cobblepedia:items"", ""read_by_default"": true, ""icon"": ""cobblemon:rabuta_berry"", ""pages"": [ { ""type"": ""cobblepedia:mutated_berry"", ""item"": ""cobblemon:rabuta_berry"" }, { ""type"": ""patchouli:text"", ""title"": ""boo"
cobblepedia,FactorMoon\mods\Cobblepedia-NeoForge-0.7.1.jar,assets/cobblepedia/patchouli_books/cobblepedia/en_us/entries/rare_candy.json,False,False,"{ ""name"": ""item.cobblemon.rare_candy"", ""category"": ""cobblepedia:items"", ""read_by_default"": true, ""icon"": ""cobblemon:rare_candy"", ""pages"": [ { ""type"": ""patchouli:spotlight"", ""item"": ""cobblemon:rare_candy"", ""link_recipe"": true, ""text"": ""book.cobblepedia.entries."
cobblepedia,FactorMoon\mods\Cobblepedia-NeoForge-0.7.1.jar,assets/cobblepedia/patchouli_books/cobblepedia/en_us/entries/rash_mint.json,False,False,"{ ""name"": ""item.cobblemon.rash_mint"", ""category"": ""cobblepedia:items"", ""read_by_default"": true, ""icon"": ""cobblemon:rash_mint"", ""pages"": [ { ""type"": ""patchouli:spotlight"", ""item"": ""cobblemon:rash_mint"", ""text"": ""book.cobblepedia.entries.rash_mint.text"" }, { ""ty"
cobblepedia,FactorMoon\mods\Cobblepedia-NeoForge-0.7.1.jar,assets/cobblepedia/patchouli_books/cobblepedia/en_us/entries/rawst_berry.json,False,False,"{ ""name"": ""item.cobblemon.rawst_berry"", ""category"": ""cobblepedia:items"", ""read_by_default"": true, ""icon"": ""cobblemon:rawst_berry"", ""pages"": [ { ""type"": ""cobblepedia:natural_berry"", ""item"": ""cobblemon:rawst_berry"" }, { ""type"": ""patchouli:text"", ""title"": ""book.c"
cobblepedia,FactorMoon\mods\Cobblepedia-NeoForge-0.7.1.jar,assets/cobblepedia/patchouli_books/cobblepedia/en_us/entries/razor_claw.json,False,False,"{ ""name"": ""item.cobblemon.razor_claw"", ""category"": ""cobblepedia:items"", ""read_by_default"": true, ""icon"": ""cobblemon:razor_claw"", ""pages"": [ { ""type"": ""patchouli:spotlight"", ""item"": ""cobblemon:razor_claw"", ""link_recipe"": true, ""text"": ""book.cobblepedia.entries."
cobblepedia,FactorMoon\mods\Cobblepedia-NeoForge-0.7.1.jar,assets/cobblepedia/patchouli_books/cobblepedia/en_us/entries/razor_fang.json,False,False,"{ ""name"": ""item.cobblemon.razor_fang"", ""category"": ""cobblepedia:items"", ""read_by_default"": true, ""icon"": ""cobblemon:razor_fang"", ""pages"": [ { ""type"": ""patchouli:spotlight"", ""item"": ""cobblemon:razor_fang"", ""link_recipe"": true, ""text"": ""book.cobblepedia.entries."
cobblepedia,FactorMoon\mods\Cobblepedia-NeoForge-0.7.1.jar,assets/cobblepedia/patchouli_books/cobblepedia/en_us/entries/razz_berry.json,False,False,"{ ""name"": ""item.cobblemon.razz_berry"", ""category"": ""cobblepedia:items"", ""read_by_default"": true, ""icon"": ""cobblemon:razz_berry"", ""pages"": [ { ""type"": ""cobblepedia:natural_berry"", ""item"": ""cobblemon:razz_berry"" }, { ""type"": ""patchouli:text"", ""title"": ""book.cobb"
cobblepedia,FactorMoon\mods\Cobblepedia-NeoForge-0.7.1.jar,assets/cobblepedia/patchouli_books/cobblepedia/en_us/entries/reaper_cloth.json,False,False,"{ ""name"": ""item.cobblemon.reaper_cloth"", ""category"": ""cobblepedia:items"", ""read_by_default"": true, ""icon"": ""cobblemon:reaper_cloth"", ""pages"": [ { ""type"": ""patchouli:spotlight"", ""item"": ""cobblemon:reaper_cloth"", ""title"": ""item.cobblemon.reaper_cloth"", ""text"": """
cobblepedia,FactorMoon\mods\Cobblepedia-NeoForge-0.7.1.jar,assets/cobblepedia/patchouli_books/cobblepedia/en_us/entries/red_apricorn.json,False,False,"{ ""name"": ""item.cobblemon.red_apricorn"", ""category"": ""cobblepedia:items"", ""read_by_default"": true, ""icon"": ""cobblemon:red_apricorn"", ""pages"": [ { ""type"": ""patchouli:spotlight"", ""item"": ""cobblemon:red_apricorn"", ""link_recipe"": true, ""title"": ""item.cobblemon.red"
cobblepedia,FactorMoon\mods\Cobblepedia-NeoForge-0.7.1.jar,assets/cobblepedia/patchouli_books/cobblepedia/en_us/entries/red_apricorn_seed.json,False,False,"{ ""name"": ""item.cobblemon.red_apricorn_seed"", ""category"": ""cobblepedia:items"", ""read_by_default"": true, ""icon"": ""cobblemon:red_apricorn_seed"", ""pages"": [ { ""type"": ""patchouli:spotlight"", ""item"": ""cobblemon:red_apricorn_seed"", ""link_recipe"": true, ""title"": ""ite"
cobblepedia,FactorMoon\mods\Cobblepedia-NeoForge-0.7.1.jar,assets/cobblepedia/patchouli_books/cobblepedia/en_us/entries/red_card.json,False,False,"{ ""name"": ""item.cobblemon.red_card"", ""category"": ""cobblepedia:items"", ""read_by_default"": true, ""icon"": ""cobblemon:red_card"", ""pages"": [ { ""type"": ""patchouli:spotlight"", ""item"": ""cobblemon:red_card"", ""text"": ""book.cobblepedia.entries.red_card.text"" }, { ""type"":"
cobblepedia,FactorMoon\mods\Cobblepedia-NeoForge-0.7.1.jar,assets/cobblepedia/patchouli_books/cobblepedia/en_us/entries/red_mint_leaf.json,False,False,"{ ""name"": ""item.cobblemon.red_mint_leaf"", ""category"": ""cobblepedia:items"", ""read_by_default"": true, ""icon"": ""cobblemon:red_mint_leaf"", ""pages"": [ { ""type"": ""patchouli:spotlight"", ""item"": ""cobblemon:red_mint_leaf"", ""link_recipe"": true, ""text"": ""book.cobblepedia"
cobblepedia,FactorMoon\mods\Cobblepedia-NeoForge-0.7.1.jar,assets/cobblepedia/patchouli_books/cobblepedia/en_us/entries/red_mint_seeds.json,False,False,"{ ""name"": ""block.cobblemon.red_mint"", ""category"": ""cobblepedia:items"", ""read_by_default"": true, ""icon"": ""cobblemon:red_mint_seeds"", ""pages"": [ { ""type"": ""patchouli:spotlight"", ""item"": ""cobblemon:red_mint_seeds"", ""link_recipe"": true, ""text"": ""book.cobblepedia.e"
cobblepedia,FactorMoon\mods\Cobblepedia-NeoForge-0.7.1.jar,assets/cobblepedia/patchouli_books/cobblepedia/en_us/entries/relaxed_mint.json,False,False,"{ ""name"": ""item.cobblemon.relaxed_mint"", ""category"": ""cobblepedia:items"", ""read_by_default"": true, ""icon"": ""cobblemon:relaxed_mint"", ""pages"": [ { ""type"": ""patchouli:spotlight"", ""item"": ""cobblemon:relaxed_mint"", ""text"": ""book.cobblepedia.entries.relaxed_mint.te"
cobblepedia,FactorMoon\mods\Cobblepedia-NeoForge-0.7.1.jar,assets/cobblepedia/patchouli_books/cobblepedia/en_us/entries/relic_coin.json,False,False,"{ ""name"": ""item.cobblemon.relic_coin"", ""category"": ""cobblepedia:items"", ""read_by_default"": true, ""icon"": ""cobblemon:relic_coin"", ""pages"": [ { ""type"": ""patchouli:spotlight"", ""item"": ""cobblemon:relic_coin"", ""title"": ""item.cobblemon.relic_coin"", ""text"": ""book.cob"
cobblepedia,FactorMoon\mods\Cobblepedia-NeoForge-0.7.1.jar,assets/cobblepedia/patchouli_books/cobblepedia/en_us/entries/relic_coin_pouch.json,False,False,"{ ""name"": ""block.cobblemon.relic_coin_pouch"", ""category"": ""cobblepedia:items"", ""read_by_default"": true, ""icon"": ""cobblemon:relic_coin_pouch"", ""pages"": [ { ""type"": ""patchouli:spotlight"", ""item"": ""cobblemon:relic_coin_pouch"", ""title"": ""block.cobblemon.relic_coin"
cobblepedia,FactorMoon\mods\Cobblepedia-NeoForge-0.7.1.jar,assets/cobblepedia/patchouli_books/cobblepedia/en_us/entries/relic_coin_sack.json,False,False,"{ ""name"": ""block.cobblemon.relic_coin_sack"", ""category"": ""cobblepedia:items"", ""read_by_default"": true, ""icon"": ""cobblemon:relic_coin_sack"", ""pages"": [ { ""type"": ""patchouli:spotlight"", ""item"": ""cobblemon:relic_coin_sack"", ""title"": ""block.cobblemon.relic_coin_sa"
cobblepedia,FactorMoon\mods\Cobblepedia-NeoForge-0.7.1.jar,assets/cobblepedia/patchouli_books/cobblepedia/en_us/entries/remedy.json,False,False,"{ ""name"": ""item.cobblemon.remedy"", ""category"": ""cobblepedia:items"", ""read_by_default"": true, ""icon"": ""cobblemon:remedy"", ""pages"": [ { ""type"": ""patchouli:spotlight"", ""item"": ""cobblemon:remedy"", ""text"": ""book.cobblepedia.entries.remedy.text"" }, { ""type"": ""patcho"
cobblepedia,FactorMoon\mods\Cobblepedia-NeoForge-0.7.1.jar,assets/cobblepedia/patchouli_books/cobblepedia/en_us/entries/repeat_ball.json,False,False,"{ ""name"": ""item.cobblemon.repeat_ball"", ""category"": ""cobblepedia:items"", ""read_by_default"": true, ""icon"": ""cobblemon:repeat_ball"", ""pages"": [ { ""type"": ""patchouli:spotlight"", ""item"": ""cobblemon:repeat_ball"", ""text"": ""book.cobblepedia.entries.repeat_ball.text"" "
cobblepedia,FactorMoon\mods\Cobblepedia-NeoForge-0.7.1.jar,assets/cobblepedia/patchouli_books/cobblepedia/en_us/entries/repeat_rod.json,False,False,"{ ""name"": ""book.cobblepedia.entries.repeat_rod.name"", ""category"": ""cobblepedia:items"", ""read_by_default"": true, ""icon"": ""cobblemon:poke_rod"", ""pages"": [ { ""type"": ""patchouli:spotlight"", ""item"": ""cobblemon:poke_rod"", ""text"": ""book.cobblepedia.entries.poke_rod.t"
cobblepedia,FactorMoon\mods\Cobblepedia-NeoForge-0.7.1.jar,assets/cobblepedia/patchouli_books/cobblepedia/en_us/entries/resist_feather.json,False,False,"{ ""name"": ""item.cobblemon.resist_feather"", ""category"": ""cobblepedia:items"", ""read_by_default"": true, ""icon"": ""cobblemon:resist_feather"", ""pages"": [ { ""type"": ""patchouli:spotlight"", ""item"": ""cobblemon:resist_feather"", ""link_recipe"": true, ""text"": ""book.cobblepe"
cobblepedia,FactorMoon\mods\Cobblepedia-NeoForge-0.7.1.jar,assets/cobblepedia/patchouli_books/cobblepedia/en_us/entries/restoration_tank.json,False,False,"{ ""name"": ""block.cobblemon.restoration_tank"", ""category"": ""cobblepedia:items"", ""read_by_default"": true, ""icon"": ""cobblemon:restoration_tank"", ""pages"": [ { ""type"": ""patchouli:spotlight"", ""item"": ""cobblemon:restoration_tank"", ""title"": ""block.cobblemon.restoratio"
cobblepedia,FactorMoon\mods\Cobblepedia-NeoForge-0.7.1.jar,assets/cobblepedia/patchouli_books/cobblepedia/en_us/entries/resurrection_machine.json,False,False,"{ ""name"": ""book.cobblepedia.entries.resurrection_machine.name"", ""category"": ""cobblepedia:archaeology"", ""icon"": ""cobblemon:restoration_tank"", ""pages"": [ { ""type"": ""patchouli:text"", ""title"": ""block.cobblemon.resurrection_machine"", ""text"": ""book.cobblepedia.entri"
cobblepedia,FactorMoon\mods\Cobblepedia-NeoForge-0.7.1.jar,assets/cobblepedia/patchouli_books/cobblepedia/en_us/entries/revival_herb.json,False,False,"{ ""name"": ""item.cobblemon.revival_herb"", ""category"": ""cobblepedia:items"", ""read_by_default"": true, ""icon"": ""cobblemon:revival_herb"", ""pages"": [ { ""type"": ""patchouli:spotlight"", ""item"": ""cobblemon:revival_herb"", ""link_recipe"": true, ""text"": ""book.cobblepedia.en"
cobblepedia,FactorMoon\mods\Cobblepedia-NeoForge-0.7.1.jar,assets/cobblepedia/patchouli_books/cobblepedia/en_us/entries/revive.json,False,False,"{ ""name"": ""item.cobblemon.revive"", ""category"": ""cobblepedia:items"", ""read_by_default"": true, ""icon"": ""cobblemon:revive"", ""pages"": [ { ""type"": ""patchouli:spotlight"", ""item"": ""cobblemon:revive"", ""text"": ""book.cobblepedia.entries.revive.text"" }, { ""type"": ""patcho"
cobblepedia,FactorMoon\mods\Cobblepedia-NeoForge-0.7.1.jar,assets/cobblepedia/patchouli_books/cobblepedia/en_us/entries/ribbon_sweet.json,False,False,"{ ""name"": ""item.cobblemon.ribbon_sweet"", ""category"": ""cobblepedia:items"", ""read_by_default"": true, ""icon"": ""cobblemon:ribbon_sweet"", ""pages"": [ { ""type"": ""patchouli:spotlight"", ""item"": ""cobblemon:ribbon_sweet"", ""title"": ""item.cobblemon.ribbon_sweet"", ""text"": """
cobblepedia,FactorMoon\mods\Cobblepedia-NeoForge-0.7.1.jar,assets/cobblepedia/patchouli_books/cobblepedia/en_us/entries/rich_mulch.json,False,False,"{ ""name"": ""item.cobblemon.rich_mulch"", ""category"": ""cobblepedia:items"", ""read_by_default"": true, ""icon"": ""cobblemon:rich_mulch"", ""pages"": [ { ""type"": ""patchouli:spotlight"", ""item"": ""cobblemon:rich_mulch"", ""text"": ""book.cobblepedia.entries.rich_mulch.text"" }, {"
cobblepedia,FactorMoon\mods\Cobblepedia-NeoForge-0.7.1.jar,assets/cobblepedia/patchouli_books/cobblepedia/en_us/entries/rindo_berry.json,False,False,"{ ""name"": ""item.cobblemon.rindo_berry"", ""category"": ""cobblepedia:items"", ""read_by_default"": true, ""icon"": ""cobblemon:rindo_berry"", ""pages"": [ { ""type"": ""cobblepedia:natural_berry"", ""item"": ""cobblemon:rindo_berry"" }, { ""type"": ""patchouli:text"", ""title"": ""book.c"
cobblepedia,FactorMoon\mods\Cobblepedia-NeoForge-0.7.1.jar,assets/cobblepedia/patchouli_books/cobblepedia/en_us/entries/ring_target.json,False,False,"{ ""name"": ""item.cobblemon.ring_target"", ""category"": ""cobblepedia:items"", ""read_by_default"": true, ""icon"": ""cobblemon:ring_target"", ""pages"": [ { ""type"": ""patchouli:spotlight"", ""item"": ""cobblemon:ring_target"", ""text"": ""book.cobblepedia.entries.ring_target.text"" "
cobblepedia,FactorMoon\mods\Cobblepedia-NeoForge-0.7.1.jar,assets/cobblepedia/patchouli_books/cobblepedia/en_us/entries/roasted_leek.json,False,False,"{ ""name"": ""item.cobblemon.roasted_leek"", ""category"": ""cobblepedia:items"", ""read_by_default"": true, ""icon"": ""cobblemon:roasted_leek"", ""pages"": [ { ""type"": ""patchouli:spotlight"", ""item"": ""cobblemon:roasted_leek"", ""text"": ""book.cobblepedia.entries.roasted_leek.te"
cobblepedia,FactorMoon\mods\Cobblepedia-NeoForge-0.7.1.jar,assets/cobblepedia/patchouli_books/cobblepedia/en_us/entries/rock_gem.json,False,False,"{ ""name"": ""item.cobblemon.rock_gem"", ""category"": ""cobblepedia:items"", ""read_by_default"": true, ""icon"": ""cobblemon:rock_gem"", ""pages"": [ { ""type"": ""patchouli:spotlight"", ""item"": ""cobblemon:rock_gem"", ""link_recipe"": true, ""text"": ""book.cobblepedia.entries.rock_g"
cobblepedia,FactorMoon\mods\Cobblepedia-NeoForge-0.7.1.jar,assets/cobblepedia/patchouli_books/cobblepedia/en_us/entries/rocky_helmet.json,False,False,"{ ""name"": ""item.cobblemon.rocky_helmet"", ""category"": ""cobblepedia:items"", ""read_by_default"": true, ""icon"": ""cobblemon:rocky_helmet"", ""pages"": [ { ""type"": ""patchouli:spotlight"", ""item"": ""cobblemon:rocky_helmet"", ""text"": ""book.cobblepedia.entries.rocky_helmet.te"
cobblepedia,FactorMoon\mods\Cobblepedia-NeoForge-0.7.1.jar,assets/cobblepedia/patchouli_books/cobblepedia/en_us/entries/room_service.json,False,False,"{ ""name"": ""item.cobblemon.room_service"", ""category"": ""cobblepedia:items"", ""read_by_default"": true, ""icon"": ""cobblemon:room_service"", ""pages"": [ { ""type"": ""patchouli:spotlight"", ""item"": ""cobblemon:room_service"", ""text"": ""book.cobblepedia.entries.room_service.te"
cobblepedia,FactorMoon\mods\Cobblepedia-NeoForge-0.7.1.jar,assets/cobblepedia/patchouli_books/cobblepedia/en_us/entries/root_fossil.json,False,False,"{ ""name"": ""item.cobblemon.root_fossil"", ""category"": ""cobblepedia:items"", ""read_by_default"": true, ""icon"": ""cobblemon:root_fossil"", ""pages"": [ { ""type"": ""patchouli:spotlight"", ""title"": ""item.cobblemon.root_fossil"", ""item"": ""cobblemon:root_fossil"", ""link_recipe"""
cobblepedia,FactorMoon\mods\Cobblepedia-NeoForge-0.7.1.jar,assets/cobblepedia/patchouli_books/cobblepedia/en_us/entries/rooted_arch_ruins.json,False,False,"{ ""name"": ""book.cobblepedia.entries.rooted_arch_ruins.name"", ""category"": ""cobblepedia:structures"", ""read_by_default"": true, ""icon"": ""minecraft:rooted_dirt"", ""pages"": [ { ""type"": ""patchouli:text"", ""text"": ""book.cobblepedia.entries.rooted_arch_ruins.text"" }, { """
cobblepedia,FactorMoon\mods\Cobblepedia-NeoForge-0.7.1.jar,assets/cobblepedia/patchouli_books/cobblepedia/en_us/entries/roseate_ball.json,False,False,"{ ""name"": ""item.cobblemon.roseate_ball"", ""category"": ""cobblepedia:items"", ""read_by_default"": true, ""icon"": ""cobblemon:roseate_ball"", ""pages"": [ { ""type"": ""patchouli:spotlight"", ""item"": ""cobblemon:roseate_ball"", ""text"": ""book.cobblepedia.entries.roseate_ball.te"
cobblepedia,FactorMoon\mods\Cobblepedia-NeoForge-0.7.1.jar,assets/cobblepedia/patchouli_books/cobblepedia/en_us/entries/roseate_rod.json,False,False,"{ ""name"": ""book.cobblepedia.entries.roseate_rod.name"", ""category"": ""cobblepedia:items"", ""read_by_default"": true, ""icon"": ""cobblemon:roseate_rod"", ""pages"": [ { ""type"": ""patchouli:spotlight"", ""item"": ""cobblemon:roseate_rod"", ""text"": ""book.cobblepedia.entries.ros"
cobblepedia,FactorMoon\mods\Cobblepedia-NeoForge-0.7.1.jar,assets/cobblepedia/patchouli_books/cobblepedia/en_us/entries/roseli_berry.json,False,False,"{ ""name"": ""item.cobblemon.roseli_berry"", ""category"": ""cobblepedia:items"", ""read_by_default"": true, ""icon"": ""cobblemon:roseli_berry"", ""pages"": [ { ""type"": ""cobblepedia:natural_berry"", ""item"": ""cobblemon:roseli_berry"" }, { ""type"": ""patchouli:text"", ""title"": ""boo"
cobblepedia,FactorMoon\mods\Cobblepedia-NeoForge-0.7.1.jar,assets/cobblepedia/patchouli_books/cobblepedia/en_us/entries/rowap_berry.json,False,False,"{ ""name"": ""item.cobblemon.rowap_berry"", ""category"": ""cobblepedia:items"", ""read_by_default"": true, ""icon"": ""cobblemon:rowap_berry"", ""pages"": [ { ""type"": ""cobblepedia:mutated_berry"", ""item"": ""cobblemon:rowap_berry"" }, { ""type"": ""patchouli:text"", ""title"": ""book.c"
cobblepedia,FactorMoon\mods\Cobblepedia-NeoForge-0.7.1.jar,assets/cobblepedia/patchouli_books/cobblepedia/en_us/entries/ruin_structure.json,False,False,"{ ""name"": ""book.cobblepedia.entries.ruin_structure.name"", ""category"": ""cobblepedia:archaeology"", ""icon"": ""minecraft:cracked_stone_bricks"", ""pages"": [ { ""type"": ""patchouli:text"", ""text"": ""book.cobblepedia.entries.ruin_structure.text"" }, { ""type"": ""patchouli:ima"
cobblepedia,FactorMoon\mods\Cobblepedia-NeoForge-0.7.1.jar,assets/cobblepedia/patchouli_books/cobblepedia/en_us/entries/sachet.json,False,False,"{ ""name"": ""item.cobblemon.sachet"", ""category"": ""cobblepedia:items"", ""read_by_default"": true, ""icon"": ""cobblemon:sachet"", ""pages"": [ { ""type"": ""patchouli:spotlight"", ""item"": ""cobblemon:sachet"", ""title"": ""item.cobblemon.sachet"", ""text"": ""book.cobblepedia.entries"
cobblepedia,FactorMoon\mods\Cobblepedia-NeoForge-0.7.1.jar,assets/cobblepedia/patchouli_books/cobblepedia/en_us/entries/safari_ball.json,False,False,"{ ""name"": ""item.cobblemon.safari_ball"", ""category"": ""cobblepedia:items"", ""read_by_default"": true, ""icon"": ""cobblemon:safari_ball"", ""pages"": [ { ""type"": ""patchouli:spotlight"", ""item"": ""cobblemon:safari_ball"", ""text"": ""book.cobblepedia.entries.safari_ball.text"" "
cobblepedia,FactorMoon\mods\Cobblepedia-NeoForge-0.7.1.jar,assets/cobblepedia/patchouli_books/cobblepedia/en_us/entries/safari_rod.json,False,False,"{ ""name"": ""book.cobblepedia.entries.safari_rod.name"", ""category"": ""cobblepedia:items"", ""read_by_default"": true, ""icon"": ""cobblemon:safari_rod"", ""pages"": [ { ""type"": ""patchouli:spotlight"", ""item"": ""cobblemon:safari_rod"", ""text"": ""book.cobblepedia.entries.safari"
cobblepedia,FactorMoon\mods\Cobblepedia-NeoForge-0.7.1.jar,assets/cobblepedia/patchouli_books/cobblepedia/en_us/entries/safety_goggles.json,False,False,"{ ""name"": ""item.cobblemon.safety_goggles"", ""category"": ""cobblepedia:items"", ""read_by_default"": true, ""icon"": ""cobblemon:safety_goggles"", ""pages"": [ { ""type"": ""patchouli:spotlight"", ""item"": ""cobblemon:safety_goggles"", ""text"": ""book.cobblepedia.entries.safety_go"
cobblepedia,FactorMoon\mods\Cobblepedia-NeoForge-0.7.1.jar,assets/cobblepedia/patchouli_books/cobblepedia/en_us/entries/sail_fossil.json,False,False,"{ ""name"": ""item.cobblemon.sail_fossil"", ""category"": ""cobblepedia:items"", ""read_by_default"": true, ""icon"": ""cobblemon:sail_fossil"", ""pages"": [ { ""type"": ""patchouli:spotlight"", ""title"": ""item.cobblemon.sail_fossil"", ""item"": ""cobblemon:sail_fossil"", ""link_recipe"""
cobblepedia,FactorMoon\mods\Cobblepedia-NeoForge-0.7.1.jar,assets/cobblepedia/patchouli_books/cobblepedia/en_us/entries/salac_berry.json,False,False,"{ ""name"": ""item.cobblemon.salac_berry"", ""category"": ""cobblepedia:items"", ""read_by_default"": true, ""icon"": ""cobblemon:salac_berry"", ""pages"": [ { ""type"": ""cobblepedia:mutated_berry"", ""item"": ""cobblemon:salac_berry"" }, { ""type"": ""patchouli:text"", ""title"": ""book.c"
cobblepedia,FactorMoon\mods\Cobblepedia-NeoForge-0.7.1.jar,assets/cobblepedia/patchouli_books/cobblepedia/en_us/entries/sandy_mulch.json,False,False,"{ ""name"": ""item.cobblemon.sandy_mulch"", ""category"": ""cobblepedia:items"", ""read_by_default"": true, ""icon"": ""cobblemon:sandy_mulch"", ""pages"": [ { ""type"": ""patchouli:spotlight"", ""item"": ""cobblemon:sandy_mulch"", ""text"": ""book.cobblepedia.entries.sandy_mulch.text"" "
cobblepedia,FactorMoon\mods\Cobblepedia-NeoForge-0.7.1.jar,assets/cobblepedia/patchouli_books/cobblepedia/en_us/entries/sassy_mint.json,False,False,"{ ""name"": ""item.cobblemon.sassy_mint"", ""category"": ""cobblepedia:items"", ""read_by_default"": true, ""icon"": ""cobblemon:sassy_mint"", ""pages"": [ { ""type"": ""patchouli:spotlight"", ""item"": ""cobblemon:sassy_mint"", ""text"": ""book.cobblepedia.entries.sassy_mint.text"" }, {"
cobblepedia,FactorMoon\mods\Cobblepedia-NeoForge-0.7.1.jar,assets/cobblepedia/patchouli_books/cobblepedia/en_us/entries/scope_lens.json,False,False,"{ ""name"": ""item.cobblemon.scope_lens"", ""category"": ""cobblepedia:items"", ""read_by_default"": true, ""icon"": ""cobblemon:scope_lens"", ""pages"": [ { ""type"": ""patchouli:spotlight"", ""item"": ""cobblemon:scope_lens"", ""text"": ""book.cobblepedia.entries.scope_lens.text"" }, {"
cobblepedia,FactorMoon\mods\Cobblepedia-NeoForge-0.7.1.jar,assets/cobblepedia/patchouli_books/cobblepedia/en_us/entries/serious_mint.json,False,False,"{ ""name"": ""item.cobblemon.serious_mint"", ""category"": ""cobblepedia:items"", ""read_by_default"": true, ""icon"": ""cobblemon:serious_mint"", ""pages"": [ { ""type"": ""patchouli:spotlight"", ""item"": ""cobblemon:serious_mint"", ""text"": ""book.cobblepedia.entries.serious_mint.te"
cobblepedia,FactorMoon\mods\Cobblepedia-NeoForge-0.7.1.jar,assets/cobblepedia/patchouli_books/cobblepedia/en_us/entries/sharp_beak.json,False,False,"{ ""name"": ""item.cobblemon.sharp_beak"", ""category"": ""cobblepedia:items"", ""read_by_default"": true, ""icon"": ""cobblemon:sharp_beak"", ""pages"": [ { ""type"": ""patchouli:spotlight"", ""item"": ""cobblemon:sharp_beak"", ""link_recipe"": true, ""text"": ""book.cobblepedia.entries."
cobblepedia,FactorMoon\mods\Cobblepedia-NeoForge-0.7.1.jar,assets/cobblepedia/patchouli_books/cobblepedia/en_us/entries/shed_shell.json,False,False,"{ ""name"": ""item.cobblemon.shed_shell"", ""category"": ""cobblepedia:items"", ""read_by_default"": true, ""icon"": ""cobblemon:shed_shell"", ""pages"": [ { ""type"": ""patchouli:spotlight"", ""item"": ""cobblemon:shed_shell"", ""link_recipe"": true, ""text"": ""book.cobblepedia.entries."
cobblepedia,FactorMoon\mods\Cobblepedia-NeoForge-0.7.1.jar,assets/cobblepedia/patchouli_books/cobblepedia/en_us/entries/shell_bell.json,False,False,"{ ""name"": ""item.cobblemon.shell_bell"", ""category"": ""cobblepedia:items"", ""read_by_default"": true, ""icon"": ""cobblemon:shell_bell"", ""pages"": [ { ""type"": ""patchouli:spotlight"", ""item"": ""cobblemon:shell_bell"", ""text"": ""book.cobblepedia.entries.shell_bell.text"" }, {"
cobblepedia,FactorMoon\mods\Cobblepedia-NeoForge-0.7.1.jar,assets/cobblepedia/patchouli_books/cobblepedia/en_us/entries/shiny_pokemon.json,False,False,"{ ""name"": ""book.cobblepedia.entries.shiny_pokemon"", ""category"": ""cobblepedia:pokemon"", ""icon"": ""cobblemon:luxury_ball"", ""advancement"": ""cobblemon:first_catch"", ""pages"": [ { ""type"": ""patchouli:text"", ""text"": ""book.cobblepedia.entries.shiny_pokemon.text"" }, { ""t"
cobblepedia,FactorMoon\mods\Cobblepedia-NeoForge-0.7.1.jar,assets/cobblepedia/patchouli_books/cobblepedia/en_us/entries/shiny_stone.json,False,False,"{ ""name"": ""item.cobblemon.shiny_stone"", ""category"": ""cobblepedia:items"", ""read_by_default"": true, ""icon"": ""cobblemon:shiny_stone"", ""pages"": [ { ""type"": ""patchouli:spotlight"", ""item"": ""cobblemon:shiny_stone"", ""title"": ""item.cobblemon.shiny_stone"", ""text"": ""book"
cobblepedia,FactorMoon\mods\Cobblepedia-NeoForge-0.7.1.jar,assets/cobblepedia/patchouli_books/cobblepedia/en_us/entries/shiny_stone_block.json,False,False,"{ ""name"": ""block.cobblemon.shiny_stone_block"", ""category"": ""cobblepedia:items"", ""read_by_default"": true, ""icon"": ""cobblemon:shiny_stone_block"", ""pages"": [ { ""type"": ""patchouli:spotlight"", ""item"": ""cobblemon:shiny_stone_block"", ""text"": ""book.cobblepedia.entries"
cobblepedia,FactorMoon\mods\Cobblepedia-NeoForge-0.7.1.jar,assets/cobblepedia/patchouli_books/cobblepedia/en_us/entries/shiny_stone_ore.json,False,False,"{ ""name"": ""block.cobblemon.shiny_stone_ore"", ""category"": ""cobblepedia:items"", ""read_by_default"": true, ""icon"": ""cobblemon:shiny_stone_ore"", ""pages"": [ { ""type"": ""patchouli:spotlight"", ""item"": ""cobblemon:shiny_stone_ore"", ""link_recipe"": true, ""title"": ""block.co"
cobblepedia,FactorMoon\mods\Cobblepedia-NeoForge-0.7.1.jar,assets/cobblepedia/patchouli_books/cobblepedia/en_us/entries/shoulder_mount.json,False,False,"{ ""name"": ""book.cobblepedia.entries.shoulder_mount"", ""category"": ""cobblepedia:pokemon"", ""icon"": ""cobblemon:love_sweet"", ""pages"": [ { ""type"": ""patchouli:text"", ""text"": ""book.cobblepedia.entries.shoulder_mount.text"" }, { ""type"": ""patchouli:image"", ""border"": true"
cobblepedia,FactorMoon\mods\Cobblepedia-NeoForge-0.7.1.jar,assets/cobblepedia/patchouli_books/cobblepedia/en_us/entries/shuca_berry.json,False,False,"{ ""name"": ""item.cobblemon.shuca_berry"", ""category"": ""cobblepedia:items"", ""read_by_default"": true, ""icon"": ""cobblemon:shuca_berry"", ""pages"": [ { ""type"": ""cobblepedia:natural_berry"", ""item"": ""cobblemon:shuca_berry"" }, { ""type"": ""patchouli:text"", ""title"": ""book.c"
cobblepedia,FactorMoon\mods\Cobblepedia-NeoForge-0.7.1.jar,assets/cobblepedia/patchouli_books/cobblepedia/en_us/entries/silk_scarf.json,False,False,"{ ""name"": ""item.cobblemon.silk_scarf"", ""category"": ""cobblepedia:items"", ""read_by_default"": true, ""icon"": ""cobblemon:silk_scarf"", ""pages"": [ { ""type"": ""patchouli:spotlight"", ""item"": ""cobblemon:silk_scarf"", ""text"": ""book.cobblepedia.entries.silk_scarf.text"" }, {"
cobblepedia,FactorMoon\mods\Cobblepedia-NeoForge-0.7.1.jar,assets/cobblepedia/patchouli_books/cobblepedia/en_us/entries/silver_powder.json,False,False,"{ ""name"": ""item.cobblemon.silver_powder"", ""category"": ""cobblepedia:items"", ""read_by_default"": true, ""icon"": ""cobblemon:silver_powder"", ""pages"": [ { ""type"": ""patchouli:spotlight"", ""item"": ""cobblemon:silver_powder"", ""link_recipe"": true, ""text"": ""book.cobblepedia"
cobblepedia,FactorMoon\mods\Cobblepedia-NeoForge-0.7.1.jar,assets/cobblepedia/patchouli_books/cobblepedia/en_us/entries/sitrus_berry.json,False,False,"{ ""name"": ""item.cobblemon.sitrus_berry"", ""category"": ""cobblepedia:items"", ""read_by_default"": true, ""icon"": ""cobblemon:sitrus_berry"", ""pages"": [ { ""type"": ""cobblepedia:mutated_berry"", ""item"": ""cobblemon:sitrus_berry"" }, { ""type"": ""patchouli:text"", ""title"": ""boo"
cobblepedia,FactorMoon\mods\Cobblepedia-NeoForge-0.7.1.jar,assets/cobblepedia/patchouli_books/cobblepedia/en_us/entries/skull_fossil.json,False,False,"{ ""name"": ""item.cobblemon.skull_fossil"", ""category"": ""cobblepedia:items"", ""read_by_default"": true, ""icon"": ""cobblemon:skull_fossil"", ""pages"": [ { ""type"": ""patchouli:spotlight"", ""title"": ""item.cobblemon.skull_fossil"", ""item"": ""cobblemon:skull_fossil"", ""link_rec"
cobblepedia,FactorMoon\mods\Cobblepedia-NeoForge-0.7.1.jar,assets/cobblepedia/patchouli_books/cobblepedia/en_us/entries/sky_tumblestone.json,False,False,"{ ""name"": ""item.cobblemon.sky_tumblestone"", ""category"": ""cobblepedia:items"", ""read_by_default"": true, ""icon"": ""cobblemon:sky_tumblestone"", ""pages"": [ { ""type"": ""patchouli:spotlight"", ""title"": ""item.cobblemon.sky_tumblestone"", ""item"": ""cobblemon:sky_tumblestone"
cobblepedia,FactorMoon\mods\Cobblepedia-NeoForge-0.7.1.jar,assets/cobblepedia/patchouli_books/cobblepedia/en_us/entries/sky_tumblestone_block.json,False,False,"{ ""name"": ""block.cobblemon.sky_tumblestone_block"", ""category"": ""cobblepedia:items"", ""read_by_default"": true, ""icon"": ""cobblemon:sky_tumblestone_block"", ""pages"": [ { ""type"": ""patchouli:spotlight"", ""title"": ""block.cobblemon.sky_tumblestone_block"", ""item"": ""cobbl"
cobblepedia,FactorMoon\mods\Cobblepedia-NeoForge-0.7.1.jar,assets/cobblepedia/patchouli_books/cobblepedia/en_us/entries/sky_tumblestone_brick_slab.json,False,False,"{ ""name"": ""block.cobblemon.sky_tumblestone_brick_slab"", ""category"": ""cobblepedia:items"", ""read_by_default"": true, ""icon"": ""cobblemon:sky_tumblestone_brick_slab"", ""pages"": [ { ""type"": ""patchouli:spotlight"", ""title"": ""block.cobblemon.sky_tumblestone_brick_slab"","
cobblepedia,FactorMoon\mods\Cobblepedia-NeoForge-0.7.1.jar,assets/cobblepedia/patchouli_books/cobblepedia/en_us/entries/sky_tumblestone_brick_stairs.json,False,False,"{ ""name"": ""block.cobblemon.sky_tumblestone_brick_stairs"", ""category"": ""cobblepedia:items"", ""read_by_default"": true, ""icon"": ""cobblemon:sky_tumblestone_brick_stairs"", ""pages"": [ { ""type"": ""patchouli:spotlight"", ""title"": ""block.cobblemon.sky_tumblestone_brick_st"
cobblepedia,FactorMoon\mods\Cobblepedia-NeoForge-0.7.1.jar,assets/cobblepedia/patchouli_books/cobblepedia/en_us/entries/sky_tumblestone_brick_wall.json,False,False,"{ ""name"": ""block.cobblemon.sky_tumblestone_brick_wall"", ""category"": ""cobblepedia:items"", ""read_by_default"": true, ""icon"": ""cobblemon:sky_tumblestone_brick_wall"", ""pages"": [ { ""type"": ""patchouli:spotlight"", ""title"": ""block.cobblemon.sky_tumblestone_brick_wall"","
cobblepedia,FactorMoon\mods\Cobblepedia-NeoForge-0.7.1.jar,assets/cobblepedia/patchouli_books/cobblepedia/en_us/entries/sky_tumblestone_bricks.json,False,False,"{ ""name"": ""block.cobblemon.sky_tumblestone_bricks"", ""category"": ""cobblepedia:items"", ""read_by_default"": true, ""icon"": ""cobblemon:sky_tumblestone_bricks"", ""pages"": [ { ""type"": ""patchouli:spotlight"", ""title"": ""block.cobblemon.sky_tumblestone_bricks"", ""item"": ""co"
cobblepedia,FactorMoon\mods\Cobblepedia-NeoForge-0.7.1.jar,assets/cobblepedia/patchouli_books/cobblepedia/en_us/entries/sky_tumblestone_cluster.json,False,False,"{ ""name"": ""block.cobblemon.sky_tumblestone_cluster"", ""category"": ""cobblepedia:items"", ""read_by_default"": true, ""icon"": ""cobblemon:sky_tumblestone_cluster"", ""pages"": [ { ""type"": ""patchouli:spotlight"", ""title"": ""block.cobblemon.sky_tumblestone_cluster"", ""item"": "
cobblepedia,FactorMoon\mods\Cobblepedia-NeoForge-0.7.1.jar,assets/cobblepedia/patchouli_books/cobblepedia/en_us/entries/slate_ball.json,False,False,"{ ""name"": ""item.cobblemon.slate_ball"", ""category"": ""cobblepedia:items"", ""read_by_default"": true, ""icon"": ""cobblemon:slate_ball"", ""pages"": [ { ""type"": ""patchouli:spotlight"", ""item"": ""cobblemon:slate_ball"", ""text"": ""book.cobblepedia.entries.slate_ball.text"" }, {"
cobblepedia,FactorMoon\mods\Cobblepedia-NeoForge-0.7.1.jar,assets/cobblepedia/patchouli_books/cobblepedia/en_us/entries/slate_rod.json,False,False,"{ ""name"": ""book.cobblepedia.entries.slate_rod.name"", ""category"": ""cobblepedia:items"", ""read_by_default"": true, ""icon"": ""cobblemon:slate_rod"", ""pages"": [ { ""type"": ""patchouli:spotlight"", ""item"": ""cobblemon:slate_rod"", ""text"": ""book.cobblepedia.entries.slate_rod"
cobblepedia,FactorMoon\mods\Cobblepedia-NeoForge-0.7.1.jar,assets/cobblepedia/patchouli_books/cobblepedia/en_us/entries/smithing_template.json,False,False,"{ ""name"": ""book.cobblepedia.entries.smithing_template.name"", ""category"": ""cobblepedia:archaeology"", ""icon"": ""cobblemon:automaton_armor_trim_smithing_template"", ""pages"": [ { ""type"": ""patchouli:spotlight"", ""title"": ""book.cobblepedia.entries.smithing_template.nam"
cobblepedia,FactorMoon\mods\Cobblepedia-NeoForge-0.7.1.jar,assets/cobblepedia/patchouli_books/cobblepedia/en_us/entries/smoke_ball.json,False,False,"{ ""name"": ""item.cobblemon.smoke_ball"", ""category"": ""cobblepedia:items"", ""read_by_default"": true, ""icon"": ""cobblemon:smoke_ball"", ""pages"": [ { ""type"": ""patchouli:spotlight"", ""item"": ""cobblemon:smoke_ball"", ""link_recipe"": true, ""text"": ""book.cobblepedia.entries."
cobblepedia,FactorMoon\mods\Cobblepedia-NeoForge-0.7.1.jar,assets/cobblepedia/patchouli_books/cobblepedia/en_us/entries/smooth_rock.json,False,False,"{ ""name"": ""item.cobblemon.smooth_rock"", ""category"": ""cobblepedia:items"", ""read_by_default"": true, ""icon"": ""cobblemon:smooth_rock"", ""pages"": [ { ""type"": ""patchouli:spotlight"", ""item"": ""cobblemon:smooth_rock"", ""text"": ""book.cobblepedia.entries.smooth_rock.text"" "
cobblepedia,FactorMoon\mods\Cobblepedia-NeoForge-0.7.1.jar,assets/cobblepedia/patchouli_books/cobblepedia/en_us/entries/soft_sand.json,False,False,"{ ""name"": ""item.cobblemon.soft_sand"", ""category"": ""cobblepedia:items"", ""read_by_default"": true, ""icon"": ""cobblemon:soft_sand"", ""pages"": [ { ""type"": ""patchouli:spotlight"", ""item"": ""cobblemon:soft_sand"", ""text"": ""book.cobblepedia.entries.soft_sand.text"" }, { ""ty"
cobblepedia,FactorMoon\mods\Cobblepedia-NeoForge-0.7.1.jar,assets/cobblepedia/patchouli_books/cobblepedia/en_us/entries/soothe_bell.json,False,False,"{ ""name"": ""item.cobblemon.soothe_bell"", ""category"": ""cobblepedia:items"", ""read_by_default"": true, ""icon"": ""cobblemon:soothe_bell"", ""pages"": [ { ""type"": ""patchouli:spotlight"", ""item"": ""cobblemon:soothe_bell"", ""text"": ""book.cobblepedia.entries.soothe_bell.text"" "
cobblepedia,FactorMoon\mods\Cobblepedia-NeoForge-0.7.1.jar,assets/cobblepedia/patchouli_books/cobblepedia/en_us/entries/spawnallpokemon_command.json,False,False,"{ ""name"": ""book.cobblepedia.entries.spawnallpokemon_command"", ""category"": ""cobblepedia:commands"", ""read_by_default"": true, ""icon"": ""cobblemon:lucky_egg"", ""pages"": [ { ""type"": ""patchouli:text"", ""text"": ""book.cobblepedia.entries.spawnallpokemon_command.text"" }, "
cobblepedia,FactorMoon\mods\Cobblepedia-NeoForge-0.7.1.jar,assets/cobblepedia/patchouli_books/cobblepedia/en_us/entries/spawnpokemon_command.json,False,False,"{ ""name"": ""book.cobblepedia.entries.spawnpokemon_command"", ""category"": ""cobblepedia:commands"", ""read_by_default"": true, ""icon"": ""cobblemon:lucky_egg"", ""pages"": [ { ""type"": ""patchouli:text"", ""text"": ""book.cobblepedia.entries.spawnpokemon_command.text"" }, { ""typ"
cobblepedia,FactorMoon\mods\Cobblepedia-NeoForge-0.7.1.jar,assets/cobblepedia/patchouli_books/cobblepedia/en_us/entries/spawnpokemonat_command.json,False,False,"{ ""name"": ""book.cobblepedia.entries.spawnpokemonat_command"", ""category"": ""cobblepedia:commands"", ""read_by_default"": true, ""icon"": ""cobblemon:lucky_egg"", ""pages"": [ { ""type"": ""patchouli:text"", ""text"": ""book.cobblepedia.entries.spawnpokemonat_command.text"" }, { "
cobblepedia,FactorMoon\mods\Cobblepedia-NeoForge-0.7.1.jar,assets/cobblepedia/patchouli_books/cobblepedia/en_us/entries/spell_tag.json,False,False,"{ ""name"": ""item.cobblemon.spell_tag"", ""category"": ""cobblepedia:items"", ""read_by_default"": true, ""icon"": ""cobblemon:spell_tag"", ""pages"": [ { ""type"": ""patchouli:spotlight"", ""item"": ""cobblemon:spell_tag"", ""text"": ""book.cobblepedia.entries.spell_tag.text"" }, { ""ty"
cobblepedia,FactorMoon\mods\Cobblepedia-NeoForge-0.7.1.jar,assets/cobblepedia/patchouli_books/cobblepedia/en_us/entries/spelon_berry.json,False,False,"{ ""name"": ""item.cobblemon.spelon_berry"", ""category"": ""cobblepedia:items"", ""read_by_default"": true, ""icon"": ""cobblemon:spelon_berry"", ""pages"": [ { ""type"": ""cobblepedia:mutated_berry"", ""item"": ""cobblemon:spelon_berry"" }, { ""type"": ""patchouli:text"", ""title"": ""boo"
cobblepedia,FactorMoon\mods\Cobblepedia-NeoForge-0.7.1.jar,assets/cobblepedia/patchouli_books/cobblepedia/en_us/entries/sport_ball.json,False,False,"{ ""name"": ""item.cobblemon.sport_ball"", ""category"": ""cobblepedia:items"", ""read_by_default"": true, ""icon"": ""cobblemon:sport_ball"", ""pages"": [ { ""type"": ""patchouli:spotlight"", ""item"": ""cobblemon:sport_ball"", ""text"": ""book.cobblepedia.entries.sport_ball.text"" }, {"
cobblepedia,FactorMoon\mods\Cobblepedia-NeoForge-0.7.1.jar,assets/cobblepedia/patchouli_books/cobblepedia/en_us/entries/sport_rod.json,False,False,"{ ""name"": ""book.cobblepedia.entries.sport_rod.name"", ""category"": ""cobblepedia:items"", ""read_by_default"": true, ""icon"": ""cobblemon:sport_rod"", ""pages"": [ { ""type"": ""patchouli:spotlight"", ""item"": ""cobblemon:sport_rod"", ""text"": ""book.cobblepedia.entries.sport_rod"
cobblepedia,FactorMoon\mods\Cobblepedia-NeoForge-0.7.1.jar,assets/cobblepedia/patchouli_books/cobblepedia/en_us/entries/star_sweet.json,False,False,"{ ""name"": ""item.cobblemon.star_sweet"", ""category"": ""cobblepedia:items"", ""read_by_default"": true, ""icon"": ""cobblemon:star_sweet"", ""pages"": [ { ""type"": ""patchouli:spotlight"", ""item"": ""cobblemon:star_sweet"", ""title"": ""item.cobblemon.star_sweet"", ""text"": ""book.cob"
cobblepedia,FactorMoon\mods\Cobblepedia-NeoForge-0.7.1.jar,assets/cobblepedia/patchouli_books/cobblepedia/en_us/entries/starf_berry.json,False,False,"{ ""name"": ""item.cobblemon.starf_berry"", ""category"": ""cobblepedia:items"", ""read_by_default"": true, ""icon"": ""cobblemon:starf_berry"", ""pages"": [ { ""type"": ""cobblepedia:mutated_berry"", ""item"": ""cobblemon:starf_berry"" }, { ""type"": ""patchouli:text"", ""title"": ""book.c"
cobblepedia,FactorMoon\mods\Cobblepedia-NeoForge-0.7.1.jar,assets/cobblepedia/patchouli_books/cobblepedia/en_us/entries/steel_gem.json,False,False,"{ ""name"": ""item.cobblemon.steel_gem"", ""category"": ""cobblepedia:items"", ""read_by_default"": true, ""icon"": ""cobblemon:steel_gem"", ""pages"": [ { ""type"": ""patchouli:spotlight"", ""item"": ""cobblemon:steel_gem"", ""link_recipe"": true, ""text"": ""book.cobblepedia.entries.ste"
cobblepedia,FactorMoon\mods\Cobblepedia-NeoForge-0.7.1.jar,assets/cobblepedia/patchouli_books/cobblepedia/en_us/entries/sticky_barb.json,False,False,"{ ""name"": ""item.cobblemon.sticky_barb"", ""category"": ""cobblepedia:items"", ""read_by_default"": true, ""icon"": ""cobblemon:sticky_barb"", ""pages"": [ { ""type"": ""patchouli:spotlight"", ""item"": ""cobblemon:sticky_barb"", ""link_recipe"": true, ""text"": ""book.cobblepedia.entri"
cobblepedia,FactorMoon\mods\Cobblepedia-NeoForge-0.7.1.jar,assets/cobblepedia/patchouli_books/cobblepedia/en_us/entries/stopbattle_command.json,False,False,"{ ""name"": ""book.cobblepedia.entries.stopbattle_command"", ""category"": ""cobblepedia:commands"", ""read_by_default"": true, ""icon"": ""cobblemon:upgrade"", ""pages"": [ { ""type"": ""patchouli:text"", ""text"": ""book.cobblepedia.entries.stopbattle_command.text"" }, { ""type"": ""p"
cobblepedia,FactorMoon\mods\Cobblepedia-NeoForge-0.7.1.jar,assets/cobblepedia/patchouli_books/cobblepedia/en_us/entries/strawberry_sweet.json,False,False,"{ ""name"": ""item.cobblemon.strawberry_sweet"", ""category"": ""cobblepedia:items"", ""read_by_default"": true, ""icon"": ""cobblemon:strawberry_sweet"", ""pages"": [ { ""type"": ""patchouli:spotlight"", ""item"": ""cobblemon:strawberry_sweet"", ""title"": ""item.cobblemon.strawberry_s"
cobblepedia,FactorMoon\mods\Cobblepedia-NeoForge-0.7.1.jar,assets/cobblepedia/patchouli_books/cobblepedia/en_us/entries/stripped_apricorn_log.json,False,False,"{ ""name"": ""block.cobblemon.stripped_apricorn_log"", ""category"": ""cobblepedia:items"", ""read_by_default"": true, ""icon"": ""cobblemon:stripped_apricorn_log"", ""pages"": [ { ""type"": ""patchouli:spotlight"", ""item"": ""cobblemon:stripped_apricorn_log"", ""link_recipe"": true, "
cobblepedia,FactorMoon\mods\Cobblepedia-NeoForge-0.7.1.jar,assets/cobblepedia/patchouli_books/cobblepedia/en_us/entries/stripped_apricorn_wood.json,False,False,"{ ""name"": ""block.cobblemon.stripped_apricorn_wood"", ""category"": ""cobblepedia:items"", ""read_by_default"": true, ""icon"": ""cobblemon:stripped_apricorn_wood"", ""pages"": [ { ""type"": ""patchouli:spotlight"", ""item"": ""cobblemon:stripped_apricorn_wood"", ""title"": ""block.co"
cobblepedia,FactorMoon\mods\Cobblepedia-NeoForge-0.7.1.jar,assets/cobblepedia/patchouli_books/cobblepedia/en_us/entries/sun_stone.json,False,False,"{ ""name"": ""item.cobblemon.sun_stone"", ""category"": ""cobblepedia:items"", ""read_by_default"": true, ""icon"": ""cobblemon:sun_stone"", ""pages"": [ { ""type"": ""patchouli:spotlight"", ""item"": ""cobblemon:sun_stone"", ""title"": ""item.cobblemon.sun_stone"", ""text"": ""book.cobblep"
cobblepedia,FactorMoon\mods\Cobblepedia-NeoForge-0.7.1.jar,assets/cobblepedia/patchouli_books/cobblepedia/en_us/entries/sun_stone_block.json,False,False,"{ ""name"": ""block.cobblemon.sun_stone_block"", ""category"": ""cobblepedia:items"", ""read_by_default"": true, ""icon"": ""cobblemon:sun_stone_block"", ""pages"": [ { ""type"": ""patchouli:spotlight"", ""item"": ""cobblemon:sun_stone_block"", ""text"": ""book.cobblepedia.entries.sun_s"
cobblepedia,FactorMoon\mods\Cobblepedia-NeoForge-0.7.1.jar,assets/cobblepedia/patchouli_books/cobblepedia/en_us/entries/sun_stone_ore.json,False,False,"{ ""name"": ""block.cobblemon.sun_stone_ore"", ""category"": ""cobblepedia:items"", ""read_by_default"": true, ""icon"": ""cobblemon:sun_stone_ore"", ""pages"": [ { ""type"": ""patchouli:spotlight"", ""item"": ""cobblemon:sun_stone_ore"", ""link_recipe"": true, ""title"": ""block.cobblemo"
cobblepedia,FactorMoon\mods\Cobblepedia-NeoForge-0.7.1.jar,assets/cobblepedia/patchouli_books/cobblepedia/en_us/entries/super_potion.json,False,False,"{ ""name"": ""item.cobblemon.super_potion"", ""category"": ""cobblepedia:items"", ""read_by_default"": true, ""icon"": ""cobblemon:super_potion"", ""pages"": [ { ""type"": ""patchouli:spotlight"", ""item"": ""cobblemon:super_potion"", ""text"": ""book.cobblepedia.entries.super_potion.te"
cobblepedia,FactorMoon\mods\Cobblepedia-NeoForge-0.7.1.jar,assets/cobblepedia/patchouli_books/cobblepedia/en_us/entries/superb_remedy.json,False,False,"{ ""name"": ""item.cobblemon.superb_remedy"", ""category"": ""cobblepedia:items"", ""read_by_default"": true, ""icon"": ""cobblemon:superb_remedy"", ""pages"": [ { ""type"": ""patchouli:spotlight"", ""item"": ""cobblemon:superb_remedy"", ""text"": ""book.cobblepedia.entries.superb_remed"
cobblepedia,FactorMoon\mods\Cobblepedia-NeoForge-0.7.1.jar,assets/cobblepedia/patchouli_books/cobblepedia/en_us/entries/surprise_mulch.json,False,False,"{ ""name"": ""item.cobblemon.surprise_mulch"", ""category"": ""cobblepedia:items"", ""read_by_default"": true, ""icon"": ""cobblemon:surprise_mulch"", ""pages"": [ { ""type"": ""patchouli:spotlight"", ""item"": ""cobblemon:surprise_mulch"", ""text"": ""book.cobblepedia.entries.surprise_"
cobblepedia,FactorMoon\mods\Cobblepedia-NeoForge-0.7.1.jar,assets/cobblepedia/patchouli_books/cobblepedia/en_us/entries/suspicious_sherd.json,False,False,"{ ""name"": ""item.cobblemon.suspicious_sherd"", ""category"": ""cobblepedia:items"", ""read_by_default"": true, ""icon"": ""cobblemon:suspicious_sherd"", ""pages"": [ { ""type"": ""patchouli:spotlight"", ""item"": ""cobblemon:suspicious_sherd"", ""link_recipe"": true, ""text"": ""book.co"
cobblepedia,FactorMoon\mods\Cobblepedia-NeoForge-0.7.1.jar,assets/cobblepedia/patchouli_books/cobblepedia/en_us/entries/sweet.json,False,False,"{ ""name"": ""book.cobblepedia.entries.sweet"", ""category"": ""cobblepedia:evolution_items"", ""icon"": ""cobblemon:strawberry_sweet"", ""pages"": [ { ""type"": ""patchouli:spotlight"", ""title"": ""book.cobblepedia.entries.sweet"", ""item"": ""tag:cobblemon:sweets"", ""text"": ""book.co"
cobblepedia,FactorMoon\mods\Cobblepedia-NeoForge-0.7.1.jar,assets/cobblepedia/patchouli_books/cobblepedia/en_us/entries/sweet_apple.json,False,False,"{ ""name"": ""item.cobblemon.sweet_apple"", ""category"": ""cobblepedia:items"", ""read_by_default"": true, ""icon"": ""cobblemon:sweet_apple"", ""pages"": [ { ""type"": ""patchouli:spotlight"", ""item"": ""cobblemon:sweet_apple"", ""link_recipe"": true, ""title"": ""item.cobblemon.sweet_"
cobblepedia,FactorMoon\mods\Cobblepedia-NeoForge-0.7.1.jar,assets/cobblepedia/patchouli_books/cobblepedia/en_us/entries/swift_feather.json,False,False,"{ ""name"": ""item.cobblemon.swift_feather"", ""category"": ""cobblepedia:items"", ""read_by_default"": true, ""icon"": ""cobblemon:swift_feather"", ""pages"": [ { ""type"": ""patchouli:spotlight"", ""item"": ""cobblemon:swift_feather"", ""link_recipe"": true, ""text"": ""book.cobblepedia"
cobblepedia,FactorMoon\mods\Cobblepedia-NeoForge-0.7.1.jar,assets/cobblepedia/patchouli_books/cobblepedia/en_us/entries/takepokemon_command.json,False,False,"{ ""name"": ""book.cobblepedia.entries.takepokemon_command"", ""category"": ""cobblepedia:commands"", ""read_by_default"": true, ""icon"": ""cobblemon:upgrade"", ""pages"": [ { ""type"": ""patchouli:text"", ""text"": ""book.cobblepedia.entries.takepokemon_command.text"" }, { ""type"": "
cobblepedia,FactorMoon\mods\Cobblepedia-NeoForge-0.7.1.jar,assets/cobblepedia/patchouli_books/cobblepedia/en_us/entries/tamato_berry.json,False,False,"{ ""name"": ""item.cobblemon.tamato_berry"", ""category"": ""cobblepedia:items"", ""read_by_default"": true, ""icon"": ""cobblemon:tamato_berry"", ""pages"": [ { ""type"": ""cobblepedia:mutated_berry"", ""item"": ""cobblemon:tamato_berry"" }, { ""type"": ""patchouli:text"", ""title"": ""boo"
cobblepedia,FactorMoon\mods\Cobblepedia-NeoForge-0.7.1.jar,assets/cobblepedia/patchouli_books/cobblepedia/en_us/entries/tanga_berry.json,False,False,"{ ""name"": ""item.cobblemon.tanga_berry"", ""category"": ""cobblepedia:items"", ""read_by_default"": true, ""icon"": ""cobblemon:tanga_berry"", ""pages"": [ { ""type"": ""cobblepedia:natural_berry"", ""item"": ""cobblemon:tanga_berry"" }, { ""type"": ""patchouli:text"", ""title"": ""book.c"
cobblepedia,FactorMoon\mods\Cobblepedia-NeoForge-0.7.1.jar,assets/cobblepedia/patchouli_books/cobblepedia/en_us/entries/tart_apple.json,False,False,"{ ""name"": ""item.cobblemon.tart_apple"", ""category"": ""cobblepedia:items"", ""read_by_default"": true, ""icon"": ""cobblemon:tart_apple"", ""pages"": [ { ""type"": ""patchouli:spotlight"", ""item"": ""cobblemon:tart_apple"", ""link_recipe"": true, ""title"": ""item.cobblemon.tart_appl"
cobblepedia,FactorMoon\mods\Cobblepedia-NeoForge-0.7.1.jar,assets/cobblepedia/patchouli_books/cobblepedia/en_us/entries/teach_command.json,False,False,"{ ""name"": ""book.cobblepedia.entries.teach_command"", ""category"": ""cobblepedia:commands"", ""read_by_default"": true, ""icon"": ""cobblemon:upgrade"", ""pages"": [ { ""type"": ""patchouli:text"", ""text"": ""book.cobblepedia.entries.teach_command.text"" }, { ""type"": ""patchouli:t"
cobblepedia,FactorMoon\mods\Cobblepedia-NeoForge-0.7.1.jar,assets/cobblepedia/patchouli_books/cobblepedia/en_us/entries/terracotta_sun_stone_ore.json,False,False,"{ ""name"": ""block.cobblemon.terracotta_sun_stone_ore"", ""category"": ""cobblepedia:items"", ""read_by_default"": true, ""icon"": ""cobblemon:terracotta_sun_stone_ore"", ""pages"": [ { ""type"": ""patchouli:spotlight"", ""item"": ""cobblemon:terracotta_sun_stone_ore"", ""link_recipe"
cobblepedia,FactorMoon\mods\Cobblepedia-NeoForge-0.7.1.jar,assets/cobblepedia/patchouli_books/cobblepedia/en_us/entries/terrain_extender.json,False,False,"{ ""name"": ""item.cobblemon.terrain_extender"", ""category"": ""cobblepedia:items"", ""read_by_default"": true, ""icon"": ""cobblemon:terrain_extender"", ""pages"": [ { ""type"": ""patchouli:spotlight"", ""item"": ""cobblemon:terrain_extender"", ""text"": ""book.cobblepedia.entries.ter"
cobblepedia,FactorMoon\mods\Cobblepedia-NeoForge-0.7.1.jar,assets/cobblepedia/patchouli_books/cobblepedia/en_us/entries/throat_spray.json,False,False,"{ ""name"": ""item.cobblemon.throat_spray"", ""category"": ""cobblepedia:items"", ""read_by_default"": true, ""icon"": ""cobblemon:throat_spray"", ""pages"": [ { ""type"": ""patchouli:spotlight"", ""item"": ""cobblemon:throat_spray"", ""text"": ""book.cobblepedia.entries.throat_spray.te"
cobblepedia,FactorMoon\mods\Cobblepedia-NeoForge-0.7.1.jar,assets/cobblepedia/patchouli_books/cobblepedia/en_us/entries/thunder_stone.json,False,False,"{ ""name"": ""item.cobblemon.thunder_stone"", ""category"": ""cobblepedia:items"", ""read_by_default"": true, ""icon"": ""cobblemon:thunder_stone"", ""pages"": [ { ""type"": ""patchouli:spotlight"", ""item"": ""cobblemon:thunder_stone"", ""title"": ""item.cobblemon.thunder_stone"", ""text"
cobblepedia,FactorMoon\mods\Cobblepedia-NeoForge-0.7.1.jar,assets/cobblepedia/patchouli_books/cobblepedia/en_us/entries/thunder_stone_block.json,False,False,"{ ""name"": ""block.cobblemon.thunder_stone_block"", ""category"": ""cobblepedia:items"", ""read_by_default"": true, ""icon"": ""cobblemon:thunder_stone_block"", ""pages"": [ { ""type"": ""patchouli:spotlight"", ""item"": ""cobblemon:thunder_stone_block"", ""text"": ""book.cobblepedia.e"
cobblepedia,FactorMoon\mods\Cobblepedia-NeoForge-0.7.1.jar,assets/cobblepedia/patchouli_books/cobblepedia/en_us/entries/thunder_stone_ore.json,False,False,"{ ""name"": ""block.cobblemon.thunder_stone_ore"", ""category"": ""cobblepedia:items"", ""read_by_default"": true, ""icon"": ""cobblemon:thunder_stone_ore"", ""pages"": [ { ""type"": ""patchouli:spotlight"", ""item"": ""cobblemon:thunder_stone_ore"", ""link_recipe"": true, ""title"": ""bl"
cobblepedia,FactorMoon\mods\Cobblepedia-NeoForge-0.7.1.jar,assets/cobblepedia/patchouli_books/cobblepedia/en_us/entries/timer_ball.json,False,False,"{ ""name"": ""item.cobblemon.timer_ball"", ""category"": ""cobblepedia:items"", ""read_by_default"": true, ""icon"": ""cobblemon:timer_ball"", ""pages"": [ { ""type"": ""patchouli:spotlight"", ""item"": ""cobblemon:timer_ball"", ""text"": ""book.cobblepedia.entries.timer_ball.text"" }, {"
cobblepedia,FactorMoon\mods\Cobblepedia-NeoForge-0.7.1.jar,assets/cobblepedia/patchouli_books/cobblepedia/en_us/entries/timer_rod.json,False,False,"{ ""name"": ""book.cobblepedia.entries.timer_rod.name"", ""category"": ""cobblepedia:items"", ""read_by_default"": true, ""icon"": ""cobblemon:timer_rod"", ""pages"": [ { ""type"": ""patchouli:spotlight"", ""item"": ""cobblemon:timer_rod"", ""text"": ""book.cobblepedia.entries.timer_rod"
cobblepedia,FactorMoon\mods\Cobblepedia-NeoForge-0.7.1.jar,assets/cobblepedia/patchouli_books/cobblepedia/en_us/entries/timid_mint.json,False,False,"{ ""name"": ""item.cobblemon.timid_mint"", ""category"": ""cobblepedia:items"", ""read_by_default"": true, ""icon"": ""cobblemon:timid_mint"", ""pages"": [ { ""type"": ""patchouli:spotlight"", ""item"": ""cobblemon:timid_mint"", ""text"": ""book.cobblepedia.entries.timid_mint.text"" }, {"
cobblepedia,FactorMoon\mods\Cobblepedia-NeoForge-0.7.1.jar,assets/cobblepedia/patchouli_books/cobblepedia/en_us/entries/toppled_pillars_ruins.json,False,False,"{ ""name"": ""book.cobblepedia.entries.toppled_pillars_ruins.name"", ""category"": ""cobblepedia:structures"", ""read_by_default"": true, ""icon"": ""minecraft:chiseled_stone_bricks"", ""pages"": [ { ""type"": ""patchouli:text"", ""text"": ""book.cobblepedia.entries.toppled_pillars_"
cobblepedia,FactorMoon\mods\Cobblepedia-NeoForge-0.7.1.jar,assets/cobblepedia/patchouli_books/cobblepedia/en_us/entries/touga_berry.json,False,False,"{ ""name"": ""item.cobblemon.touga_berry"", ""category"": ""cobblepedia:items"", ""read_by_default"": true, ""icon"": ""cobblemon:touga_berry"", ""pages"": [ { ""type"": ""cobblepedia:mutated_berry"", ""item"": ""cobblemon:touga_berry"" }, { ""type"": ""patchouli:text"", ""title"": ""book.c"
cobblepedia,FactorMoon\mods\Cobblepedia-NeoForge-0.7.1.jar,assets/cobblepedia/patchouli_books/cobblepedia/en_us/entries/toxic_orb.json,False,False,"{ ""name"": ""item.cobblemon.toxic_orb"", ""category"": ""cobblepedia:items"", ""read_by_default"": true, ""icon"": ""cobblemon:toxic_orb"", ""pages"": [ { ""type"": ""patchouli:spotlight"", ""item"": ""cobblemon:toxic_orb"", ""text"": ""book.cobblepedia.entries.toxic_orb.text"" }, { ""ty"
cobblepedia,FactorMoon\mods\Cobblepedia-NeoForge-0.7.1.jar,assets/cobblepedia/patchouli_books/cobblepedia/en_us/entries/trading.json,False,False,"{ ""name"": ""book.cobblepedia.entries.trading"", ""category"": ""cobblepedia:getting_started"", ""icon"": ""cobblemon:link_cable"", ""pages"": [ { ""type"": ""patchouli:text"", ""text"": ""book.cobblepedia.entries.trading.text"" }, { ""type"": ""patchouli:relations"", ""entries"": [ ""co"
cobblepedia,FactorMoon\mods\Cobblepedia-NeoForge-0.7.1.jar,assets/cobblepedia/patchouli_books/cobblepedia/en_us/entries/trading_evolution_item.json,False,False,"{ ""name"": ""book.cobblepedia.entries.trading_evolution_item"", ""category"": ""cobblepedia:evolution_items"", ""icon"": ""cobblemon:link_cable"", ""priority"": true, ""pages"": [ { ""type"": ""patchouli:text"", ""title"": ""book.cobblepedia.entries.trading_evolution_item"", ""text"":"
cobblepedia,FactorMoon\mods\Cobblepedia-NeoForge-0.7.1.jar,assets/cobblepedia/patchouli_books/cobblepedia/en_us/entries/tumblestone.json,False,False,"{ ""name"": ""item.cobblemon.tumblestone"", ""category"": ""cobblepedia:items"", ""read_by_default"": true, ""icon"": ""cobblemon:tumblestone"", ""pages"": [ { ""type"": ""patchouli:spotlight"", ""title"": ""item.cobblemon.tumblestone"", ""item"": ""cobblemon:tumblestone"", ""text"": ""book"
cobblepedia,FactorMoon\mods\Cobblepedia-NeoForge-0.7.1.jar,assets/cobblepedia/patchouli_books/cobblepedia/en_us/entries/tumblestone_block.json,False,False,"{ ""name"": ""block.cobblemon.tumblestone_block"", ""category"": ""cobblepedia:items"", ""read_by_default"": true, ""icon"": ""cobblemon:tumblestone_block"", ""pages"": [ { ""type"": ""patchouli:spotlight"", ""title"": ""block.cobblemon.tumblestone_block"", ""item"": ""cobblemon:tumbles"
cobblepedia,FactorMoon\mods\Cobblepedia-NeoForge-0.7.1.jar,assets/cobblepedia/patchouli_books/cobblepedia/en_us/entries/tumblestone_blocks.json,False,False,"{ ""name"": ""book.cobblepedia.entries.tumblestone_blocks.name"", ""category"": ""cobblepedia:archaeology"", ""icon"": ""cobblemon:tumblestone_block"", ""pages"": [ { ""type"": ""patchouli:spotlight"", ""title"": ""book.cobblepedia.entries.tumblestone_blocks.name"", ""item"": ""cobble"
cobblepedia,FactorMoon\mods\Cobblepedia-NeoForge-0.7.1.jar,assets/cobblepedia/patchouli_books/cobblepedia/en_us/entries/tumblestone_brick_slab.json,False,False,"{ ""name"": ""block.cobblemon.tumblestone_brick_slab"", ""category"": ""cobblepedia:items"", ""read_by_default"": true, ""icon"": ""cobblemon:tumblestone_brick_slab"", ""pages"": [ { ""type"": ""patchouli:spotlight"", ""title"": ""block.cobblemon.tumblestone_brick_slab"", ""item"": ""co"
cobblepedia,FactorMoon\mods\Cobblepedia-NeoForge-0.7.1.jar,assets/cobblepedia/patchouli_books/cobblepedia/en_us/entries/tumblestone_brick_slabs.json,False,False,"{ ""name"": ""book.cobblepedia.entries.tumblestone_brick_slabs.name"", ""category"": ""cobblepedia:items"", ""icon"": ""cobblemon:tumblestone_brick_slab"", ""pages"": [ { ""type"": ""patchouli:spotlight"", ""title"": ""book.cobblepedia.entries.tumblestone_brick_slabs.name"", ""item"""
cobblepedia,FactorMoon\mods\Cobblepedia-NeoForge-0.7.1.jar,assets/cobblepedia/patchouli_books/cobblepedia/en_us/entries/tumblestone_brick_stairs.json,False,False,"{ ""name"": ""block.cobblemon.tumblestone_brick_stairs"", ""category"": ""cobblepedia:items"", ""read_by_default"": true, ""icon"": ""cobblemon:tumblestone_brick_stairs"", ""pages"": [ { ""type"": ""patchouli:spotlight"", ""title"": ""block.cobblemon.tumblestone_brick_stairs"", ""item"
cobblepedia,FactorMoon\mods\Cobblepedia-NeoForge-0.7.1.jar,assets/cobblepedia/patchouli_books/cobblepedia/en_us/entries/tumblestone_brick_wall.json,False,False,"{ ""name"": ""block.cobblemon.tumblestone_brick_wall"", ""category"": ""cobblepedia:items"", ""read_by_default"": true, ""icon"": ""cobblemon:tumblestone_brick_wall"", ""pages"": [ { ""type"": ""patchouli:spotlight"", ""title"": ""block.cobblemon.tumblestone_brick_wall"", ""item"": ""co"
cobblepedia,FactorMoon\mods\Cobblepedia-NeoForge-0.7.1.jar,assets/cobblepedia/patchouli_books/cobblepedia/en_us/entries/tumblestone_brick_walls.json,False,False,"{ ""name"": ""book.cobblepedia.entries.tumblestone_brick_walls.name"", ""category"": ""cobblepedia:items"", ""icon"": ""cobblemon:tumblestone_brick_wall"", ""pages"": [ { ""type"": ""patchouli:spotlight"", ""title"": ""book.cobblepedia.entries.tumblestone_brick_walls.name"", ""item"""
cobblepedia,FactorMoon\mods\Cobblepedia-NeoForge-0.7.1.jar,assets/cobblepedia/patchouli_books/cobblepedia/en_us/entries/tumblestone_bricks.json,False,False,"{ ""name"": ""block.cobblemon.tumblestone_bricks"", ""category"": ""cobblepedia:items"", ""read_by_default"": true, ""icon"": ""cobblemon:tumblestone_bricks"", ""pages"": [ { ""type"": ""patchouli:spotlight"", ""title"": ""block.cobblemon.tumblestone_bricks"", ""item"": ""cobblemon:tumb"
cobblepedia,FactorMoon\mods\Cobblepedia-NeoForge-0.7.1.jar,assets/cobblepedia/patchouli_books/cobblepedia/en_us/entries/tumblestone_bricks_set.json,False,False,"{ ""name"": ""book.cobblepedia.entries.tumblestone_bricks_set.name"", ""category"": ""cobblepedia:archaeology"", ""icon"": ""cobblemon:tumblestone_bricks"", ""pages"": [ { ""type"": ""patchouli:text"", ""text"": ""book.cobblepedia.entries.tumblestone_bricks_set.text"" }, { ""type"": "
cobblepedia,FactorMoon\mods\Cobblepedia-NeoForge-0.7.1.jar,assets/cobblepedia/patchouli_books/cobblepedia/en_us/entries/tumblestone_bricks_stairs.json,False,False,"{ ""name"": ""book.cobblepedia.entries.tumblestone_bricks_stairs.name"", ""category"": ""cobblepedia:items"", ""icon"": ""cobblemon:tumblestone_brick_stairs"", ""pages"": [ { ""type"": ""patchouli:spotlight"", ""title"": ""book.cobblepedia.entries.tumblestone_bricks_stairs.name"", "
cobblepedia,FactorMoon\mods\Cobblepedia-NeoForge-0.7.1.jar,assets/cobblepedia/patchouli_books/cobblepedia/en_us/entries/tumblestone_cluster.json,False,False,"{ ""name"": ""block.cobblemon.tumblestone_cluster"", ""category"": ""cobblepedia:items"", ""read_by_default"": true, ""icon"": ""cobblemon:tumblestone_cluster"", ""pages"": [ { ""type"": ""patchouli:spotlight"", ""title"": ""block.cobblemon.tumblestone_cluster"", ""item"": ""cobblemon:t"
cobblepedia,FactorMoon\mods\Cobblepedia-NeoForge-0.7.1.jar,assets/cobblepedia/patchouli_books/cobblepedia/en_us/entries/tumblestone_clusters.json,False,False,"{ ""name"": ""book.cobblepedia.entries.tumblestone_clusters.name"", ""category"": ""cobblepedia:archaeology"", ""icon"": ""cobblemon:tumblestone_cluster"", ""pages"": [ { ""type"": ""patchouli:spotlight"", ""title"": ""book.cobblepedia.entries.tumblestone_clusters.name"", ""item"": """
cobblepedia,FactorMoon\mods\Cobblepedia-NeoForge-0.7.1.jar,assets/cobblepedia/patchouli_books/cobblepedia/en_us/entries/tumblestones.json,False,False,"{ ""name"": ""book.cobblepedia.entries.tumblestones.name"", ""category"": ""cobblepedia:archaeology"", ""icon"": ""cobblemon:tumblestone"", ""turnin"": ""cobblemon:obtain_tumblestone"", ""pages"": [ { ""type"": ""patchouli:spotlight"", ""title"": ""book.cobblepedia.entries.tumblestone"
cobblepedia,FactorMoon\mods\Cobblepedia-NeoForge-0.7.1.jar,assets/cobblepedia/patchouli_books/cobblepedia/en_us/entries/tumblestones_bricks.json,False,False,"{ ""name"": ""book.cobblepedia.entries.tumblestones_bricks.name"", ""category"": ""cobblepedia:items"", ""icon"": ""cobblemon:tumblestone_bricks"", ""pages"": [ { ""type"": ""patchouli:spotlight"", ""title"": ""book.cobblepedia.entries.tumblestones_bricks.name"", ""item"": ""cobblemon"
cobblepedia,FactorMoon\mods\Cobblepedia-NeoForge-0.7.1.jar,assets/cobblepedia/patchouli_books/cobblepedia/en_us/entries/twisted_spoon.json,False,False,"{ ""name"": ""item.cobblemon.twisted_spoon"", ""category"": ""cobblepedia:items"", ""read_by_default"": true, ""icon"": ""cobblemon:twisted_spoon"", ""pages"": [ { ""type"": ""patchouli:spotlight"", ""item"": ""cobblemon:twisted_spoon"", ""text"": ""book.cobblepedia.entries.twisted_spoo"
cobblepedia,FactorMoon\mods\Cobblepedia-NeoForge-0.7.1.jar,assets/cobblepedia/patchouli_books/cobblepedia/en_us/entries/type_boosting_items.json,False,False,"{ ""name"": ""book.cobblepedia.entries.type_boosting_items"", ""category"": ""cobblepedia:held_items"", ""icon"": ""cobblemon:black_belt"", ""pages"": [ { ""type"": ""patchouli:text"", ""text"": ""book.cobblepedia.entries.type_boosting_items.text"" }, { ""type"": ""patchouli:relations"
cobblepedia,FactorMoon\mods\Cobblepedia-NeoForge-0.7.1.jar,assets/cobblepedia/patchouli_books/cobblepedia/en_us/entries/type_gem.json,False,False,"{ ""name"": ""book.cobblepedia.entries.type_gem.name"", ""category"": ""cobblepedia:held_items"", ""icon"": ""cobblemon:normal_gem"", ""pages"": [ { ""type"": ""patchouli:spotlight"", ""title"": ""book.cobblepedia.entries.type_gem.name"", ""item"": ""tag:cobblemon:type_gems"", ""text"": "
cobblepedia,FactorMoon\mods\Cobblepedia-NeoForge-0.7.1.jar,assets/cobblepedia/patchouli_books/cobblepedia/en_us/entries/ultra_ball.json,False,False,"{ ""name"": ""item.cobblemon.ultra_ball"", ""category"": ""cobblepedia:items"", ""read_by_default"": true, ""icon"": ""cobblemon:ultra_ball"", ""pages"": [ { ""type"": ""patchouli:spotlight"", ""item"": ""cobblemon:ultra_ball"", ""text"": ""book.cobblepedia.entries.ultra_ball.text"" }, {"
cobblepedia,FactorMoon\mods\Cobblepedia-NeoForge-0.7.1.jar,assets/cobblepedia/patchouli_books/cobblepedia/en_us/entries/ultra_rod.json,False,False,"{ ""name"": ""book.cobblepedia.entries.ultra_rod.name"", ""category"": ""cobblepedia:items"", ""read_by_default"": true, ""icon"": ""cobblemon:ultra_rod"", ""pages"": [ { ""type"": ""patchouli:spotlight"", ""item"": ""cobblemon:ultra_rod"", ""text"": ""book.cobblepedia.entries.ultra_rod"
cobblepedia,FactorMoon\mods\Cobblepedia-NeoForge-0.7.1.jar,assets/cobblepedia/patchouli_books/cobblepedia/en_us/entries/unique_forms.json,False,False,"{ ""name"": ""book.cobblepedia.entries.unique_forms"", ""category"": ""cobblepedia:pokemon"", ""icon"": ""cobblemon:beast_ball"", ""pages"": [ { ""type"": ""patchouli:text"", ""text"": ""book.cobblepedia.entries.unique_forms.text"" }, { ""type"": ""patchouli:link"", ""title"": ""book.cobb"
cobblepedia,FactorMoon\mods\Cobblepedia-NeoForge-0.7.1.jar,assets/cobblepedia/patchouli_books/cobblepedia/en_us/entries/unremarkable_teacup.json,False,False,"{ ""name"": ""item.cobblemon.unremarkable_teacup"", ""category"": ""cobblepedia:items"", ""read_by_default"": true, ""icon"": ""cobblemon:unremarkable_teacup"", ""pages"": [ { ""type"": ""patchouli:spotlight"", ""item"": ""cobblemon:unremarkable_teacup"", ""title"": ""item.cobblemon.unr"
cobblepedia,FactorMoon\mods\Cobblepedia-NeoForge-0.7.1.jar,assets/cobblepedia/patchouli_books/cobblepedia/en_us/entries/unstable_cave_ruins.json,False,False,"{ ""name"": ""book.cobblepedia.entries.unstable_cave_ruins.name"", ""category"": ""cobblepedia:structures"", ""read_by_default"": true, ""icon"": ""minecraft:suspicious_sand"", ""pages"": [ { ""type"": ""patchouli:text"", ""text"": ""book.cobblepedia.entries.unstable_cave_ruins.text"
cobblepedia,FactorMoon\mods\Cobblepedia-NeoForge-0.7.1.jar,assets/cobblepedia/patchouli_books/cobblepedia/en_us/entries/upgrade.json,False,False,"{ ""name"": ""item.cobblemon.upgrade"", ""category"": ""cobblepedia:items"", ""read_by_default"": true, ""icon"": ""cobblemon:upgrade"", ""pages"": [ { ""type"": ""patchouli:spotlight"", ""item"": ""cobblemon:upgrade"", ""title"": ""item.cobblemon.upgrade"", ""text"": ""book.cobblepedia.ent"
cobblepedia,FactorMoon\mods\Cobblepedia-NeoForge-0.7.1.jar,assets/cobblepedia/patchouli_books/cobblepedia/en_us/entries/using_evolution_item.json,False,False,"{ ""name"": ""book.cobblepedia.entries.using_evolution_item"", ""category"": ""cobblepedia:evolution_items"", ""icon"": ""cobblemon:black_augurite"", ""priority"": true, ""pages"": [ { ""type"": ""patchouli:text"", ""title"": ""book.cobblepedia.entries.using_evolution_item"", ""text"":"
cobblepedia,FactorMoon\mods\Cobblepedia-NeoForge-0.7.1.jar,assets/cobblepedia/patchouli_books/cobblepedia/en_us/entries/utility_blocks.json,False,False,"{ ""name"": ""book.cobblepedia.entries.utility_blocks"", ""category"": ""cobblepedia:getting_started"", ""icon"": ""cobblemon:healing_machine"", ""turnin"": ""cobblemon:healing_machine"", ""pages"": [ { ""type"": ""patchouli:text"", ""text"": ""book.cobblepedia.entries.utility_blocks."
cobblepedia,FactorMoon\mods\Cobblepedia-NeoForge-0.7.1.jar,assets/cobblepedia/patchouli_books/cobblepedia/en_us/entries/utility_umbrella.json,False,False,"{ ""name"": ""item.cobblemon.utility_umbrella"", ""category"": ""cobblepedia:items"", ""read_by_default"": true, ""icon"": ""cobblemon:utility_umbrella"", ""pages"": [ { ""type"": ""patchouli:spotlight"", ""item"": ""cobblemon:utility_umbrella"", ""text"": ""book.cobblepedia.entries.uti"
cobblepedia,FactorMoon\mods\Cobblepedia-NeoForge-0.7.1.jar,assets/cobblepedia/patchouli_books/cobblepedia/en_us/entries/verdant_ball.json,False,False,"{ ""name"": ""item.cobblemon.verdant_ball"", ""category"": ""cobblepedia:items"", ""read_by_default"": true, ""icon"": ""cobblemon:verdant_ball"", ""pages"": [ { ""type"": ""patchouli:spotlight"", ""item"": ""cobblemon:verdant_ball"", ""text"": ""book.cobblepedia.entries.verdant_ball.te"
cobblepedia,FactorMoon\mods\Cobblepedia-NeoForge-0.7.1.jar,assets/cobblepedia/patchouli_books/cobblepedia/en_us/entries/verdant_rod.json,False,False,"{ ""name"": ""book.cobblepedia.entries.verdant_rod.name"", ""category"": ""cobblepedia:items"", ""read_by_default"": true, ""icon"": ""cobblemon:verdant_rod"", ""pages"": [ { ""type"": ""patchouli:spotlight"", ""item"": ""cobblemon:verdant_rod"", ""text"": ""book.cobblepedia.entries.ver"
cobblepedia,FactorMoon\mods\Cobblepedia-NeoForge-0.7.1.jar,assets/cobblepedia/patchouli_books/cobblepedia/en_us/entries/village_pokecenter.json,False,False,"{ ""name"": ""book.cobblepedia.entries.village_pokecenter.name"", ""category"": ""cobblepedia:structures"", ""read_by_default"": true, ""icon"": ""cobblemon:healing_machine"", ""pages"": [ { ""type"": ""patchouli:text"", ""text"": ""book.cobblepedia.entries.village_pokecenter.text"" "
cobblepedia,FactorMoon\mods\Cobblepedia-NeoForge-0.7.1.jar,assets/cobblepedia/patchouli_books/cobblepedia/en_us/entries/vitamin.json,False,False,"{ ""name"": ""book.cobblepedia.entries.vitamin"", ""category"": ""cobblepedia:consumables"", ""icon"": ""cobblemon:calcium"", ""pages"": [ { ""type"": ""patchouli:text"", ""text"": ""book.cobblepedia.entries.vitamin.text"" }, { ""type"": ""patchouli:relations"", ""entries"": [ ""cobbleped"
cobblepedia,FactorMoon\mods\Cobblepedia-NeoForge-0.7.1.jar,assets/cobblepedia/patchouli_books/cobblepedia/en_us/entries/vivichoke.json,False,False,"{ ""name"": ""item.cobblemon.vivichoke"", ""category"": ""cobblepedia:items"", ""read_by_default"": true, ""icon"": ""cobblemon:vivichoke"", ""pages"": [ { ""type"": ""patchouli:spotlight"", ""item"": ""cobblemon:vivichoke"", ""link_recipe"": true, ""text"": ""book.cobblepedia.entries.viv"
cobblepedia,FactorMoon\mods\Cobblepedia-NeoForge-0.7.1.jar,assets/cobblepedia/patchouli_books/cobblepedia/en_us/entries/vivichoke_dip.json,False,False,"{ ""name"": ""item.cobblemon.vivichoke_dip"", ""category"": ""cobblepedia:items"", ""read_by_default"": true, ""icon"": ""cobblemon:vivichoke_dip"", ""pages"": [ { ""type"": ""patchouli:spotlight"", ""item"": ""cobblemon:vivichoke_dip"", ""text"": ""book.cobblepedia.entries.vivichoke_di"
cobblepedia,FactorMoon\mods\Cobblepedia-NeoForge-0.7.1.jar,assets/cobblepedia/patchouli_books/cobblepedia/en_us/entries/vivichoke_seeds.json,False,False,"{ ""name"": ""item.cobblemon.vivichoke_seeds"", ""category"": ""cobblepedia:items"", ""read_by_default"": true, ""icon"": ""cobblemon:vivichoke_seeds"", ""pages"": [ { ""type"": ""patchouli:spotlight"", ""item"": ""cobblemon:vivichoke_seeds"", ""text"": ""book.cobblepedia.entries.vivich"
cobblepedia,FactorMoon\mods\Cobblepedia-NeoForge-0.7.1.jar,assets/cobblepedia/patchouli_books/cobblepedia/en_us/entries/wacan_berry.json,False,False,"{ ""name"": ""item.cobblemon.wacan_berry"", ""category"": ""cobblepedia:items"", ""read_by_default"": true, ""icon"": ""cobblemon:wacan_berry"", ""pages"": [ { ""type"": ""cobblepedia:natural_berry"", ""item"": ""cobblemon:wacan_berry"" }, { ""type"": ""patchouli:text"", ""title"": ""book.c"
cobblepedia,FactorMoon\mods\Cobblepedia-NeoForge-0.7.1.jar,assets/cobblepedia/patchouli_books/cobblepedia/en_us/entries/water_gem.json,False,False,"{ ""name"": ""item.cobblemon.water_gem"", ""category"": ""cobblepedia:items"", ""read_by_default"": true, ""icon"": ""cobblemon:water_gem"", ""pages"": [ { ""type"": ""patchouli:spotlight"", ""item"": ""cobblemon:water_gem"", ""link_recipe"": true, ""text"": ""book.cobblepedia.entries.wat"
cobblepedia,FactorMoon\mods\Cobblepedia-NeoForge-0.7.1.jar,assets/cobblepedia/patchouli_books/cobblepedia/en_us/entries/water_stone.json,False,False,"{ ""name"": ""item.cobblemon.water_stone"", ""category"": ""cobblepedia:items"", ""read_by_default"": true, ""icon"": ""cobblemon:water_stone"", ""pages"": [ { ""type"": ""patchouli:spotlight"", ""item"": ""cobblemon:water_stone"", ""title"": ""item.cobblemon.water_stone"", ""text"": ""book"
cobblepedia,FactorMoon\mods\Cobblepedia-NeoForge-0.7.1.jar,assets/cobblepedia/patchouli_books/cobblepedia/en_us/entries/water_stone_block.json,False,False,"{ ""name"": ""block.cobblemon.water_stone_block"", ""category"": ""cobblepedia:items"", ""read_by_default"": true, ""icon"": ""cobblemon:water_stone_block"", ""pages"": [ { ""type"": ""patchouli:spotlight"", ""item"": ""cobblemon:water_stone_block"", ""text"": ""book.cobblepedia.entries"
cobblepedia,FactorMoon\mods\Cobblepedia-NeoForge-0.7.1.jar,assets/cobblepedia/patchouli_books/cobblepedia/en_us/entries/water_stone_ore.json,False,False,"{ ""name"": ""block.cobblemon.water_stone_ore"", ""category"": ""cobblepedia:items"", ""read_by_default"": true, ""icon"": ""cobblemon:water_stone_ore"", ""pages"": [ { ""type"": ""patchouli:spotlight"", ""item"": ""cobblemon:water_stone_ore"", ""link_recipe"": true, ""title"": ""block.co"
cobblepedia,FactorMoon\mods\Cobblepedia-NeoForge-0.7.1.jar,assets/cobblepedia/patchouli_books/cobblepedia/en_us/entries/watmel_berry.json,False,False,"{ ""name"": ""item.cobblemon.watmel_berry"", ""category"": ""cobblepedia:items"", ""read_by_default"": true, ""icon"": ""cobblemon:watmel_berry"", ""pages"": [ { ""type"": ""cobblepedia:mutated_berry"", ""item"": ""cobblemon:watmel_berry"" }, { ""type"": ""patchouli:text"", ""title"": ""boo"
cobblepedia,FactorMoon\mods\Cobblepedia-NeoForge-0.7.1.jar,assets/cobblepedia/patchouli_books/cobblepedia/en_us/entries/weakness_policy.json,False,False,"{ ""name"": ""item.cobblemon.weakness_policy"", ""category"": ""cobblepedia:items"", ""read_by_default"": true, ""icon"": ""cobblemon:weakness_policy"", ""pages"": [ { ""type"": ""patchouli:spotlight"", ""item"": ""cobblemon:weakness_policy"", ""text"": ""book.cobblepedia.entries.weakne"
cobblepedia,FactorMoon\mods\Cobblepedia-NeoForge-0.7.1.jar,assets/cobblepedia/patchouli_books/cobblepedia/en_us/entries/wepear_berry.json,False,False,"{ ""name"": ""item.cobblemon.wepear_berry"", ""category"": ""cobblepedia:items"", ""read_by_default"": true, ""icon"": ""cobblemon:wepear_berry"", ""pages"": [ { ""type"": ""cobblepedia:natural_berry"", ""item"": ""cobblemon:wepear_berry"" }, { ""type"": ""patchouli:text"", ""title"": ""boo"
cobblepedia,FactorMoon\mods\Cobblepedia-NeoForge-0.7.1.jar,assets/cobblepedia/patchouli_books/cobblepedia/en_us/entries/whipped_dream.json,False,False,"{ ""name"": ""item.cobblemon.whipped_dream"", ""category"": ""cobblepedia:items"", ""read_by_default"": true, ""icon"": ""cobblemon:whipped_dream"", ""pages"": [ { ""type"": ""patchouli:spotlight"", ""item"": ""cobblemon:whipped_dream"", ""title"": ""item.cobblemon.whipped_dream"", ""text"
cobblepedia,FactorMoon\mods\Cobblepedia-NeoForge-0.7.1.jar,assets/cobblepedia/patchouli_books/cobblepedia/en_us/entries/white_apricorn.json,False,False,"{ ""name"": ""item.cobblemon.white_apricorn"", ""category"": ""cobblepedia:items"", ""read_by_default"": true, ""icon"": ""cobblemon:white_apricorn"", ""pages"": [ { ""type"": ""patchouli:spotlight"", ""item"": ""cobblemon:white_apricorn"", ""link_recipe"": true, ""title"": ""item.cobblem"
cobblepedia,FactorMoon\mods\Cobblepedia-NeoForge-0.7.1.jar,assets/cobblepedia/patchouli_books/cobblepedia/en_us/entries/white_apricorn_seed.json,False,False,"{ ""name"": ""item.cobblemon.white_apricorn_seed"", ""category"": ""cobblepedia:items"", ""read_by_default"": true, ""icon"": ""cobblemon:white_apricorn_seed"", ""pages"": [ { ""type"": ""patchouli:spotlight"", ""item"": ""cobblemon:white_apricorn_seed"", ""link_recipe"": true, ""title"""
cobblepedia,FactorMoon\mods\Cobblepedia-NeoForge-0.7.1.jar,assets/cobblepedia/patchouli_books/cobblepedia/en_us/entries/white_gilded_chest.json,False,False,"{ ""name"": ""block.cobblemon.white_gilded_chest"", ""category"": ""cobblepedia:items"", ""read_by_default"": true, ""icon"": ""cobblemon:white_gilded_chest"", ""pages"": [ { ""type"": ""patchouli:spotlight"", ""item"": ""cobblemon:white_gilded_chest"", ""title"": ""block.cobblemon.whit"
cobblepedia,FactorMoon\mods\Cobblepedia-NeoForge-0.7.1.jar,assets/cobblepedia/patchouli_books/cobblepedia/en_us/entries/white_herb.json,False,False,"{ ""name"": ""item.cobblemon.white_herb"", ""category"": ""cobblepedia:items"", ""read_by_default"": true, ""icon"": ""cobblemon:white_herb"", ""pages"": [ { ""type"": ""patchouli:spotlight"", ""item"": ""cobblemon:white_herb"", ""link_recipe"": true, ""text"": ""book.cobblepedia.entries."
cobblepedia,FactorMoon\mods\Cobblepedia-NeoForge-0.7.1.jar,assets/cobblepedia/patchouli_books/cobblepedia/en_us/entries/white_mint_leaf.json,False,False,"{ ""name"": ""item.cobblemon.white_mint_leaf"", ""category"": ""cobblepedia:items"", ""read_by_default"": true, ""icon"": ""cobblemon:white_mint_leaf"", ""pages"": [ { ""type"": ""patchouli:spotlight"", ""item"": ""cobblemon:white_mint_leaf"", ""link_recipe"": true, ""text"": ""book.cobbl"
cobblepedia,FactorMoon\mods\Cobblepedia-NeoForge-0.7.1.jar,assets/cobblepedia/patchouli_books/cobblepedia/en_us/entries/white_mint_seeds.json,False,False,"{ ""name"": ""block.cobblemon.white_mint"", ""category"": ""cobblepedia:items"", ""read_by_default"": true, ""icon"": ""cobblemon:white_mint_seeds"", ""pages"": [ { ""type"": ""patchouli:spotlight"", ""item"": ""cobblemon:white_mint_seeds"", ""link_recipe"": true, ""text"": ""book.cobblep"
cobblepedia,FactorMoon\mods\Cobblepedia-NeoForge-0.7.1.jar,assets/cobblepedia/patchouli_books/cobblepedia/en_us/entries/wide_lens.json,False,False,"{ ""name"": ""item.cobblemon.wide_lens"", ""category"": ""cobblepedia:items"", ""read_by_default"": true, ""icon"": ""cobblemon:wide_lens"", ""pages"": [ { ""type"": ""patchouli:spotlight"", ""item"": ""cobblemon:wide_lens"", ""text"": ""book.cobblepedia.entries.wide_lens.text"" }, { ""ty"
cobblepedia,FactorMoon\mods\Cobblepedia-NeoForge-0.7.1.jar,assets/cobblepedia/patchouli_books/cobblepedia/en_us/entries/wiki_berry.json,False,False,"{ ""name"": ""item.cobblemon.wiki_berry"", ""category"": ""cobblepedia:items"", ""read_by_default"": true, ""icon"": ""cobblemon:wiki_berry"", ""pages"": [ { ""type"": ""cobblepedia:mutated_berry"", ""item"": ""cobblemon:wiki_berry"" }, { ""type"": ""patchouli:text"", ""title"": ""book.cobb"
cobblepedia,FactorMoon\mods\Cobblepedia-NeoForge-0.7.1.jar,assets/cobblepedia/patchouli_books/cobblepedia/en_us/entries/wise_glasses.json,False,False,"{ ""name"": ""item.cobblemon.wise_glasses"", ""category"": ""cobblepedia:items"", ""read_by_default"": true, ""icon"": ""cobblemon:wise_glasses"", ""pages"": [ { ""type"": ""patchouli:spotlight"", ""item"": ""cobblemon:wise_glasses"", ""text"": ""book.cobblepedia.entries.wise_glasses.te"
cobblepedia,FactorMoon\mods\Cobblepedia-NeoForge-0.7.1.jar,assets/cobblepedia/patchouli_books/cobblepedia/en_us/entries/x_accuracy.json,False,False,"{ ""name"": ""item.cobblemon.x_accuracy"", ""category"": ""cobblepedia:items"", ""read_by_default"": true, ""icon"": ""cobblemon:x_accuracy"", ""pages"": [ { ""type"": ""patchouli:spotlight"", ""item"": ""cobblemon:x_accuracy"", ""text"": ""book.cobblepedia.entries.x_accuracy.text"" }, {"
cobblepedia,FactorMoon\mods\Cobblepedia-NeoForge-0.7.1.jar,assets/cobblepedia/patchouli_books/cobblepedia/en_us/entries/x_attack.json,False,False,"{ ""name"": ""item.cobblemon.x_attack"", ""category"": ""cobblepedia:items"", ""read_by_default"": true, ""icon"": ""cobblemon:x_attack"", ""pages"": [ { ""type"": ""patchouli:spotlight"", ""item"": ""cobblemon:x_attack"", ""text"": ""book.cobblepedia.entries.x_attack.text"" }, { ""type"":"
cobblepedia,FactorMoon\mods\Cobblepedia-NeoForge-0.7.1.jar,assets/cobblepedia/patchouli_books/cobblepedia/en_us/entries/x_defence.json,False,False,"{ ""name"": ""item.cobblemon.x_defence"", ""category"": ""cobblepedia:items"", ""read_by_default"": true, ""icon"": ""cobblemon:x_defence"", ""pages"": [ { ""type"": ""patchouli:spotlight"", ""item"": ""cobblemon:x_defence"", ""text"": ""book.cobblepedia.entries.x_defence.text"" }, { ""ty"
cobblepedia,FactorMoon\mods\Cobblepedia-NeoForge-0.7.1.jar,assets/cobblepedia/patchouli_books/cobblepedia/en_us/entries/x_item.json,False,False,"{ ""name"": ""book.cobblepedia.entries.x_item"", ""category"": ""cobblepedia:consumables"", ""icon"": ""cobblemon:x_accuracy"", ""pages"": [ { ""type"": ""patchouli:text"", ""text"": ""book.cobblepedia.entries.x_item.text"" }, { ""type"": ""patchouli:relations"", ""entries"": [ ""cobblepe"
cobblepedia,FactorMoon\mods\Cobblepedia-NeoForge-0.7.1.jar,assets/cobblepedia/patchouli_books/cobblepedia/en_us/entries/x_special_attack.json,False,False,"{ ""name"": ""item.cobblemon.x_special_attack"", ""category"": ""cobblepedia:items"", ""read_by_default"": true, ""icon"": ""cobblemon:x_special_attack"", ""pages"": [ { ""type"": ""patchouli:spotlight"", ""item"": ""cobblemon:x_special_attack"", ""text"": ""book.cobblepedia.entries.x_s"
cobblepedia,FactorMoon\mods\Cobblepedia-NeoForge-0.7.1.jar,assets/cobblepedia/patchouli_books/cobblepedia/en_us/entries/x_special_defence.json,False,False,"{ ""name"": ""item.cobblemon.x_special_defence"", ""category"": ""cobblepedia:items"", ""read_by_default"": true, ""icon"": ""cobblemon:x_special_defence"", ""pages"": [ { ""type"": ""patchouli:spotlight"", ""item"": ""cobblemon:x_special_defence"", ""text"": ""book.cobblepedia.entries."
cobblepedia,FactorMoon\mods\Cobblepedia-NeoForge-0.7.1.jar,assets/cobblepedia/patchouli_books/cobblepedia/en_us/entries/x_speed.json,False,False,"{ ""name"": ""item.cobblemon.x_speed"", ""category"": ""cobblepedia:items"", ""read_by_default"": true, ""icon"": ""cobblemon:x_speed"", ""pages"": [ { ""type"": ""patchouli:spotlight"", ""item"": ""cobblemon:x_speed"", ""text"": ""book.cobblepedia.entries.x_speed.text"" }, { ""type"": ""pa"
cobblepedia,FactorMoon\mods\Cobblepedia-NeoForge-0.7.1.jar,assets/cobblepedia/patchouli_books/cobblepedia/en_us/entries/yache_berry.json,False,False,"{ ""name"": ""item.cobblemon.yache_berry"", ""category"": ""cobblepedia:items"", ""read_by_default"": true, ""icon"": ""cobblemon:yache_berry"", ""pages"": [ { ""type"": ""cobblepedia:natural_berry"", ""item"": ""cobblemon:yache_berry"" }, { ""type"": ""patchouli:text"", ""title"": ""book.c"
cobblepedia,FactorMoon\mods\Cobblepedia-NeoForge-0.7.1.jar,assets/cobblepedia/patchouli_books/cobblepedia/en_us/entries/yellow_apricorn.json,False,False,"{ ""name"": ""item.cobblemon.yellow_apricorn"", ""category"": ""cobblepedia:items"", ""read_by_default"": true, ""icon"": ""cobblemon:yellow_apricorn"", ""pages"": [ { ""type"": ""patchouli:spotlight"", ""item"": ""cobblemon:yellow_apricorn"", ""link_recipe"": true, ""title"": ""item.cobb"
cobblepedia,FactorMoon\mods\Cobblepedia-NeoForge-0.7.1.jar,assets/cobblepedia/patchouli_books/cobblepedia/en_us/entries/yellow_apricorn_seed.json,False,False,"{ ""name"": ""item.cobblemon.yellow_apricorn_seed"", ""category"": ""cobblepedia:items"", ""read_by_default"": true, ""icon"": ""cobblemon:yellow_apricorn_seed"", ""pages"": [ { ""type"": ""patchouli:spotlight"", ""item"": ""cobblemon:yellow_apricorn_seed"", ""link_recipe"": true, ""tit"
cobblepedia,FactorMoon\mods\Cobblepedia-NeoForge-0.7.1.jar,assets/cobblepedia/patchouli_books/cobblepedia/en_us/entries/yellow_gilded_chest.json,False,False,"{ ""name"": ""block.cobblemon.yellow_gilded_chest"", ""category"": ""cobblepedia:items"", ""read_by_default"": true, ""icon"": ""cobblemon:yellow_gilded_chest"", ""pages"": [ { ""type"": ""patchouli:spotlight"", ""item"": ""cobblemon:yellow_gilded_chest"", ""title"": ""block.cobblemon.y"
cobblepedia,FactorMoon\mods\Cobblepedia-NeoForge-0.7.1.jar,assets/cobblepedia/patchouli_books/cobblepedia/en_us/entries/zinc.json,False,False,"{ ""name"": ""item.cobblemon.zinc"", ""category"": ""cobblepedia:items"", ""read_by_default"": true, ""icon"": ""cobblemon:zinc"", ""pages"": [ { ""type"": ""patchouli:spotlight"", ""item"": ""cobblemon:zinc"", ""text"": ""book.cobblepedia.entries.zinc.text"" }, { ""type"": ""patchouli:craf"
cobblepedia,FactorMoon\mods\Cobblepedia-NeoForge-0.7.1.jar,assets/cobblepedia/patchouli_books/cobblepedia/en_us/entries/zoom_lens.json,False,False,"{ ""name"": ""item.cobblemon.zoom_lens"", ""category"": ""cobblepedia:items"", ""read_by_default"": true, ""icon"": ""cobblemon:zoom_lens"", ""pages"": [ { ""type"": ""patchouli:spotlight"", ""item"": ""cobblemon:zoom_lens"", ""text"": ""book.cobblepedia.entries.zoom_lens.text"" }, { ""ty"
cobblepedia,FactorMoon\mods\Cobblepedia-NeoForge-0.7.1.jar,assets/cobblepedia/patchouli_books/cobblepedia/en_us/templates/brewing.json,False,False,"{ ""components"": [ { ""type"": ""patchouli:header"", ""text"": ""#title"", ""guard"": ""#title->exists"", ""x"": -1, ""y"": -1 }, { ""type"": ""patchouli:header"", ""text"": ""#text"", ""guard"": ""#text->exists"", ""x"": -1, ""y"": 80 } ], ""include"": [ { ""template"": ""cobblepedia:brewing_base"
cobblepedia,FactorMoon\mods\Cobblepedia-NeoForge-0.7.1.jar,assets/cobblepedia/patchouli_books/cobblepedia/en_us/templates/brewing_base.json,False,False,"{ ""components"": [ { ""type"": ""patchouli:header"", ""text"": ""#result_item->iname"", ""guard"": ""#title->exists->inv"", ""x"": -1, ""y"": -1 }, { ""type"": ""patchouli:item"", ""item"": ""#reagent_item"", ""framed"": true, ""x"": 30, ""y"": 15 }, { ""type"": ""patchouli:item"", ""item"": ""min"
cobblepedia,FactorMoon\mods\Cobblepedia-NeoForge-0.7.1.jar,assets/cobblepedia/patchouli_books/cobblepedia/en_us/templates/dropping.json,False,False,"{ ""components"": [ { ""type"": ""patchouli:header"", ""text"": ""#title"", ""x"": -1, ""y"": -1 }, { ""type"": ""patchouli:separator"", ""x"": -1, ""y"": -1 }, { ""type"": ""patchouli:text"", ""text"": ""#text"", ""x"": 0, ""y"": 17 } ], ""include"": [ { ""template"": ""cobblepedia:dropping_base"","
cobblepedia,FactorMoon\mods\Cobblepedia-NeoForge-0.7.1.jar,assets/cobblepedia/patchouli_books/cobblepedia/en_us/templates/dropping_base.json,False,False,"{ ""processor"": ""com.gitlab.vinnystalck.cobblepedia.book.template.DroppingProcessor"", ""components"": [ { ""type"": ""patchouli:item"", ""item"": ""#pokemon_item"", ""framed"": true, ""x"": 25 }, { ""type"": ""patchouli:image"", ""image"": ""cobblepedia:textures/gui/crafting.png"", "
cobblepedia,FactorMoon\mods\Cobblepedia-NeoForge-0.7.1.jar,assets/cobblepedia/patchouli_books/cobblepedia/en_us/templates/evolving.json,False,False,"{ ""components"": [ { ""type"": ""patchouli:header"", ""text"": ""book.cobblepedia.pages.evolving"", ""x"": -1, ""y"": -1 }, { ""type"": ""patchouli:separator"", ""x"": -1, ""y"": -1 }, { ""type"": ""patchouli:text"", ""text"": ""An $(l)#item->iname#/$ is an item that is used to evolve Po"
cobblepedia,FactorMoon\mods\Cobblepedia-NeoForge-0.7.1.jar,assets/cobblepedia/patchouli_books/cobblepedia/en_us/templates/evolving_base.json,False,False,"{ ""processor"": ""com.gitlab.vinnystalck.cobblepedia.book.template.EvolvingProcessor"", ""components"": [ { ""type"": ""patchouli:item"", ""item"": ""#pokemon_item"", ""guard"": ""#holding_item->exists"", ""framed"": true, ""x"": 5 }, { ""type"": ""patchouli:item"", ""item"": ""#pokemon_"
cobblepedia,FactorMoon\mods\Cobblepedia-NeoForge-0.7.1.jar,assets/cobblepedia/patchouli_books/cobblepedia/en_us/templates/mutated_berry.json,False,False,"{ ""components"": [ { ""type"": ""patchouli:text"", ""text"": ""An $(l)#item->iname#/$ is a $(l:mutated_berry)mutated berry$()."", ""x"": 0, ""y"": 40 } ], ""include"": [ { ""template"": ""cobblepedia:spotlight"", ""as"": ""spotlight"", ""using"": { ""item"": ""#item"" } } ] }"
cobblepedia,FactorMoon\mods\Cobblepedia-NeoForge-0.7.1.jar,assets/cobblepedia/patchouli_books/cobblepedia/en_us/templates/natural_berry.json,False,False,"{ ""components"": [ { ""type"": ""patchouli:text"", ""text"": ""An $(l)#item->iname#/$ is a $(l:natural_berry)natural berry$()."", ""x"": 0, ""y"": 40 } ], ""include"": [ { ""template"": ""cobblepedia:spotlight"", ""as"": ""spotlight"", ""using"": { ""item"": ""#item"" } } ] }"
cobblepedia,FactorMoon\mods\Cobblepedia-NeoForge-0.7.1.jar,assets/cobblepedia/patchouli_books/cobblepedia/en_us/templates/spotlight.json,False,False,"{ ""components"": [ { ""type"": ""patchouli:header"", ""text"": ""#item->iname"", ""x"": -1, ""y"": -1 }, { ""type"": ""patchouli:item"", ""item"": ""#item"", ""framed"": true, ""link_recipe"": true, ""x"": 50, ""y"": 15 }, { ""type"": ""patchouli:text"", ""text"": ""#text"", ""x"": 0, ""y"": 40 } ] }"
cobblepedia,FactorMoon\mods\Cobblepedia-NeoForge-0.7.1.jar,assets/cobblepedia/patchouli_books/cobblepedia/es_es/templates/dropping_base.json,False,False,"{ ""processor"": ""com.gitlab.vinnystalck.cobblepedia.book.template.DroppingProcessor"", ""components"": [ { ""type"": ""patchouli:item"", ""item"": ""#pokemon_item"", ""framed"": true, ""x"": 25 }, { ""type"": ""patchouli:image"", ""image"": ""cobblepedia:textures/gui/crafting.png"", "
cobblepedia,FactorMoon\mods\Cobblepedia-NeoForge-0.7.1.jar,assets/cobblepedia/patchouli_books/cobblepedia/es_es/templates/evolving.json,False,False,"{ ""components"": [ { ""type"": ""patchouli:header"", ""text"": ""book.cobblepedia.pages.evolving"", ""x"": -1, ""y"": -1 }, { ""type"": ""patchouli:separator"", ""x"": -1, ""y"": -1 }, { ""type"": ""patchouli:text"", ""text"": ""Un $(l)#item->iname#/$ es un objeto que se utiliza para evo"
cobblepedia,FactorMoon\mods\Cobblepedia-NeoForge-0.7.1.jar,assets/cobblepedia/patchouli_books/cobblepedia/es_es/templates/evolving_base.json,False,False,"{ ""processor"": ""com.gitlab.vinnystalck.cobblepedia.book.template.EvolvingProcessor"", ""components"": [ { ""type"": ""patchouli:item"", ""item"": ""#pokemon_item"", ""guard"": ""#holding_item->exists"", ""framed"": true, ""x"": 5 }, { ""type"": ""patchouli:item"", ""item"": ""#pokemon_"
cobblepedia,FactorMoon\mods\Cobblepedia-NeoForge-0.7.1.jar,assets/cobblepedia/patchouli_books/cobblepedia/es_es/templates/mutated_berry.json,False,False,"{ ""components"": [ { ""type"": ""patchouli:text"", ""text"": ""Un $(l)#item->iname#/$ es una $(l:mutated_berry)baya mutada$()."", ""x"": 0, ""y"": 40 } ], ""include"": [ { ""template"": ""cobblepedia:spotlight"", ""as"": ""spotlight"", ""using"": { ""item"": ""#item"" } } ] }"
cobblepedia,FactorMoon\mods\Cobblepedia-NeoForge-0.7.1.jar,assets/cobblepedia/patchouli_books/cobblepedia/es_es/templates/natural_berry.json,False,False,"{ ""components"": [ { ""type"": ""patchouli:text"", ""text"": ""Un $(l)#item->iname#/$ es una $(l:natural_berry)baya natural$()."", ""x"": 0, ""y"": 40 } ], ""include"": [ { ""template"": ""cobblepedia:spotlight"", ""as"": ""spotlight"", ""using"": { ""item"": ""#item"" } } ] }"
cobblepedia,FactorMoon\mods\Cobblepedia-NeoForge-0.7.1.jar,assets/cobblepedia/patchouli_books/cobblepedia/pt_br/templates/dropping_base.json,False,False,"{ ""processor"": ""com.gitlab.vinnystalck.cobblepedia.book.template.DroppingProcessor"", ""components"": [ { ""type"": ""patchouli:item"", ""item"": ""#pokemon_item"", ""framed"": true, ""x"": 25 }, { ""type"": ""patchouli:image"", ""image"": ""cobblepedia:textures/gui/crafting.png"", "
cobblepedia,FactorMoon\mods\Cobblepedia-NeoForge-0.7.1.jar,assets/cobblepedia/patchouli_books/cobblepedia/pt_br/templates/evolving.json,False,False,"{ ""components"": [ { ""type"": ""patchouli:header"", ""text"": ""book.cobblepedia.pages.evolving"", ""x"": -1, ""y"": -1 }, { ""type"": ""patchouli:separator"", ""x"": -1, ""y"": -1 }, { ""type"": ""patchouli:text"", ""text"": ""Um $(l)#item->iname#/$ é um item utilizado para evoluir Pok"
cobblepedia,FactorMoon\mods\Cobblepedia-NeoForge-0.7.1.jar,assets/cobblepedia/patchouli_books/cobblepedia/pt_br/templates/evolving_base.json,False,False,"{ ""processor"": ""com.gitlab.vinnystalck.cobblepedia.book.template.EvolvingProcessor"", ""components"": [ { ""type"": ""patchouli:item"", ""item"": ""#pokemon_item"", ""guard"": ""#holding_item->exists"", ""framed"": true, ""x"": 5 }, { ""type"": ""patchouli:item"", ""item"": ""#pokemon_"
cobblepedia,FactorMoon\mods\Cobblepedia-NeoForge-0.7.1.jar,assets/cobblepedia/patchouli_books/cobblepedia/pt_br/templates/mutated_berry.json,False,False,"{ ""components"": [ { ""type"": ""patchouli:text"", ""text"": ""Um $(l)#item->iname#/$ é uma $(l:mutated_berry)baga mutada$()."", ""x"": 0, ""y"": 40 } ], ""include"": [ { ""template"": ""cobblepedia:spotlight"", ""as"": ""spotlight"", ""using"": { ""item"": ""#item"" } } ] }"
cobblepedia,FactorMoon\mods\Cobblepedia-NeoForge-0.7.1.jar,assets/cobblepedia/patchouli_books/cobblepedia/pt_br/templates/natural_berry.json,False,False,"{ ""components"": [ { ""type"": ""patchouli:text"", ""text"": ""Um $(l)#item->iname#/$ é uma $(l:natural_berry)baga natural$()."", ""x"": 0, ""y"": 40 } ], ""include"": [ { ""template"": ""cobblepedia:spotlight"", ""as"": ""spotlight"", ""using"": { ""item"": ""#item"" } } ] }"
cobblepedia,FactorMoon\mods\Cobblepedia-NeoForge-0.7.1.jar,data/cobblepedia/patchouli_books/cobblepedia/book.json,False,False,"{ ""name"": ""book.cobblepedia"", ""landing_text"": ""book.cobblepedia.landing_text"", ""subtitle"": ""advancements.cobblemon.root"", ""advancements_tab"": ""cobblemon"", ""creative_tab"": ""minecraft:tools_and_utilities"", ""book_texture"": ""cobblepedia:textures/gui/cobblepedia.pn"
battle_move_descriptions,FactorMoon\mods\create-1.21.1-6.0.10.jar,assets/create/lang/cs_cz.json,False,False,"{ ""advancement.create.andesite_alloy"": ""Robustnější kameny"", ""advancement.create.andesite_alloy.desc"": ""Vyrobte andezitovou slitinu, nejdůležitější materiál v Create"", ""advancement.create.andesite_casing"": ""Doba andezitová"", ""advancement.create.andesite_casing"
battle_move_descriptions,FactorMoon\mods\create-1.21.1-6.0.10.jar,assets/create/lang/nl_nl.json,False,False,"{ ""advancement.create.andesite_alloy"": ""Stevigere Stenen"", ""advancement.create.andesite_alloy.desc"": ""Verzamel wat Andesieten Legering, het belangrijkste materiaal in Create"", ""advancement.create.andesite_casing"": ""De Andesieten Eeuw"", ""advancement.create.ande"
battle_move_descriptions,FactorMoon\mods\create-1.21.1-6.0.10.jar,assets/create/lang/ko_kr.json,False,False,"{ ""advancement.create.andesite_alloy"": ""더 단단한 재료"", ""advancement.create.andesite_alloy.desc"": ""안산암 합금을 얻으세요. Create 모드의 가장 중요한 자원입니다"", ""advancement.create.andesite_casing"": ""안산암 시대"", ""advancement.create.andesite_casing.desc"": ""껍질 벗긴 나무에 안산암 합금을 사용해 기계 제작에 사용할 기"
battle_move_descriptions,FactorMoon\mods\create-1.21.1-6.0.10.jar,assets/create/lang/pl_pl.json,False,False,"{ ""advancement.create.andesite_alloy"": ""Twardsze Skały"", ""advancement.create.andesite_alloy.desc"": ""Zdobądź trochę Stopu Andezytu, najważniejszego surowca w Create"", ""advancement.create.andesite_casing"": ""Epoka Andezytu"", ""advancement.create.andesite_casing.de"
battle_move_descriptions,FactorMoon\mods\create-1.21.1-6.0.10.jar,assets/create/lang/fr_fr.json,False,False,"{ ""advancement.create.andesite_alloy"": ""Roches renforcées"", ""advancement.create.andesite_alloy.desc"": ""Obtenez de l'alliage d'andésite. C'est la ressource la plus importante de Create"", ""advancement.create.andesite_casing"": ""L'âge d'andésite"", ""advancement.cre"
battle_move_descriptions,FactorMoon\mods\create-1.21.1-6.0.10.jar,assets/create/lang/be_by.json,True,False,"{ ""advancement.create.andesite_alloy"": ""Мацнейшы за камень"", ""advancement.create.andesite_alloy.desc"": ""Стварыце трохі андэзітавага сплаву, найважнейшага рэсурсу ў Create"", ""advancement.create.andesite_casing"": ""Андэзітавы век"", ""advancement.create.andesite_ca"
battle_move_descriptions,FactorMoon\mods\create-1.21.1-6.0.10.jar,assets/create/lang/lzh.json,False,False,"{ ""advancement.create.andesite_alloy"": ""堅若磐石"", ""advancement.create.andesite_alloy.desc"": ""安山之金，天工之本"", ""advancement.create.andesite_casing"": ""安山之世"", ""advancement.create.andesite_casing.desc"": ""合安山合金於剝木皮，為君機器創基殼"", ""advancement.create.anvil_plough"": ""鍛匠之炮"", ""adva"
battle_move_descriptions,FactorMoon\mods\create-1.21.1-6.0.10.jar,assets/create/lang/ru_ru.json,True,True,"{ ""advancement.create.andesite_alloy"": ""Союз камня и металла"", ""advancement.create.andesite_alloy.desc"": ""Получите самый важный материал — андезитовый сплав"", ""advancement.create.andesite_casing"": ""Андезитовый век"", ""advancement.create.andesite_casing.desc"": """
battle_move_descriptions,FactorMoon\mods\create-1.21.1-6.0.10.jar,assets/create/lang/ro_ro.json,False,False,"{ ""advancement.create.andesite_alloy"": ""Roci mai dure"", ""advancement.create.andesite_alloy.desc"": ""Obține niște aliaje de andezit, cea mai importantă resursă create"", ""advancement.create.andesite_casing"": ""Epoca andezitului"", ""advancement.create.andesite_casin"
battle_move_descriptions,FactorMoon\mods\create-1.21.1-6.0.10.jar,assets/create/lang/uk_ua.json,True,False,"{ ""advancement.create.andesite_alloy"": ""Міцніше каміння"", ""advancement.create.andesite_alloy.desc"": ""Отримайте трохи андезитового стопу, найважливішого ресурсу Create"", ""advancement.create.andesite_casing"": ""Андезитова доба"", ""advancement.create.andesite_casin"
battle_move_descriptions,FactorMoon\mods\create-1.21.1-6.0.10.jar,assets/create/lang/zh_tw.json,False,False,"{ ""advancement.create.andesite_alloy"": ""堅如磐石"", ""advancement.create.andesite_alloy.desc"": ""獲得一些安山合金，機械動力中最重要的資源"", ""advancement.create.andesite_casing"": ""安山時代"", ""advancement.create.andesite_casing.desc"": ""對剝皮木使用安山合金，爲你的機器製作一個基礎機殼"", ""advancement.create.anvil_plou"
battle_move_descriptions,FactorMoon\mods\create-1.21.1-6.0.10.jar,assets/create/lang/zh_cn.json,False,False,"{ ""advancement.create.andesite_alloy"": ""坚如磐石"", ""advancement.create.andesite_alloy.desc"": ""获取机械动力中最重要的资源——安山合金"", ""advancement.create.andesite_casing"": ""安山时代"", ""advancement.create.andesite_casing.desc"": ""对去皮原木使用安山合金，为你的机器制作一个基础的机壳"", ""advancement.create.anvil_plo"
battle_move_descriptions,FactorMoon\mods\create-1.21.1-6.0.10.jar,assets/create/lang/ja_jp.json,False,False,"{ ""advancement.create.andesite_alloy"": ""頑丈な岩"", ""advancement.create.andesite_alloy.desc"": ""Createで最も重要な素材、安山岩合金を手に入れる。"", ""advancement.create.andesite_casing"": ""安山岩の時代"", ""advancement.create.andesite_casing.desc"": ""安山岩合金を樹皮を剥いだ原木に使って、基本の機械のケーシングを作る"", ""advancement"
battle_move_descriptions,FactorMoon\mods\create-1.21.1-6.0.10.jar,assets/create/lang/tr_tr.json,False,False,"{ ""advancement.create.andesite_alloy"": ""Daha Sert Kayalar"", ""advancement.create.andesite_alloy.desc"": ""Create'in en önemli kaynağı olan Andezit Alaşımından biraz ele geçirin"", ""advancement.create.andesite_casing"": ""Andezit Çağı"", ""advancement.create.andesite_c"
battle_move_descriptions,FactorMoon\mods\create-1.21.1-6.0.10.jar,assets/create/lang/it_it.json,False,False,"{ ""advancement.create.andesite_alloy"": ""Rocce robuste"", ""advancement.create.andesite_alloy.desc"": ""Ottieni della lega di andesite, la risorsa più importante di tutta la Create"", ""advancement.create.andesite_casing"": ""L'età dell'andesite"", ""advancement.create.a"
battle_move_descriptions,FactorMoon\mods\create-1.21.1-6.0.10.jar,assets/create/lang/es_es.json,False,False,"{ ""advancement.create.andesite_alloy"": ""Un montón de aleación"", ""advancement.create.andesite_alloy.desc"": ""Obtén aleación de andesita, el recurso más importante de Create"", ""advancement.create.andesite_casing"": ""La Edad de Andesita"", ""advancement.create.andesi"
battle_move_descriptions,FactorMoon\mods\create-1.21.1-6.0.10.jar,assets/create/lang/no_no.json,False,False,"{ ""advancement.create.andesite_alloy"": ""Stødigere steiner"", ""advancement.create.andesite_alloy.desc"": ""Skaff deg andesittlegering, Create's viktigste gjenstand"", ""advancement.create.andesite_casing"": ""Andesittalderen"", ""advancement.create.andesite_casing.desc"""
battle_move_descriptions,FactorMoon\mods\create-1.21.1-6.0.10.jar,assets/create/lang/he_il.json,False,False,"{ ""advancement.create.andesite_alloy"": ""סלעים חסונים יותר"", ""advancement.create.andesite_alloy.desc"": ""השג סגסוגת אנדזיט, המשאב החשוב ביותר של Create"", ""advancement.create.andesite_casing"": ""עידן האנדזיט"", ""advancement.create.andesite_casing.desc"": ""השתמש בסגס"
battle_move_descriptions,FactorMoon\mods\create-1.21.1-6.0.10.jar,assets/create/lang/en_gb.json,False,False,"{ ""advancement.create.andesite_alloy"": ""Sturdier Rocks"", ""advancement.create.andesite_alloy.desc"": ""Obtain some Andesite Alloy, Create's most important resource"", ""advancement.create.andesite_casing"": ""The Andesite Age"", ""advancement.create.andesite_casing.des"
battle_move_descriptions,FactorMoon\mods\create-1.21.1-6.0.10.jar,assets/create/lang/es_mx.json,False,False,"{ ""advancement.create.andesite_alloy"": ""Rocas más robustas"", ""advancement.create.andesite_alloy.desc"": ""Obtén algo de Aleación de Andesita, el recurso más importante de Create"", ""advancement.create.andesite_casing"": ""La Edad de Andesita"", ""advancement.create.a"
battle_move_descriptions,FactorMoon\mods\create-1.21.1-6.0.10.jar,assets/create/lang/rpr.json,True,False,"{ ""advancement.create.andesite_alloy"": ""Союзъ камня и металла"", ""advancement.create.andesite_alloy.desc"": ""Добудьте нѣсколько андезитоваго сплава, важнѣйшаго рессурса Create"", ""advancement.create.andesite_casing"": ""Андезитовый вѣкъ"", ""advancement.create.andesi"
battle_move_descriptions,FactorMoon\mods\create-1.21.1-6.0.10.jar,assets/create/lang/en_ud.json,False,False,"{ ""advancement.create.andesite_alloy"": ""sʞɔoᴚ ɹǝıpɹnʇS"", ""advancement.create.andesite_alloy.desc"": ""ǝɔɹnosǝɹ ʇuɐʇɹodɯı ʇsoɯ s,ǝʇɐǝɹƆ 'ʎoןןⱯ ǝʇısǝpuⱯ ǝɯos uıɐʇqO"", ""advancement.create.andesite_casing"": ""ǝbⱯ ǝʇısǝpuⱯ ǝɥ⟘"", ""advancement.create.andesite_casing.des"
battle_move_descriptions,FactorMoon\mods\create-1.21.1-6.0.10.jar,assets/create/lang/pt_br.json,False,False,"{ ""advancement.create.andesite_alloy"": ""Pedra dura"", ""advancement.create.andesite_alloy.desc"": ""Obtenha Liga de Andesito, o material mais importante do Create"", ""advancement.create.andesite_casing"": ""A Idade do Andesito"", ""advancement.create.andesite_casing.de"
battle_move_descriptions,FactorMoon\mods\create-1.21.1-6.0.10.jar,assets/create/lang/pt_pt.json,False,False,"{ ""advancement.create.andesite_alloy"": ""Rochas resistentes"", ""advancement.create.andesite_alloy.desc"": ""Obtem ligas de andesito, o recurso mais importante do Create"", ""advancement.create.andesite_casing"": ""A era do andesito"", ""advancement.create.andesite_casin"
battle_move_descriptions,FactorMoon\mods\create-1.21.1-6.0.10.jar,assets/create/lang/en_us.json,False,False,"{ ""advancement.create.andesite_alloy"": ""Sturdier Rocks"", ""advancement.create.andesite_alloy.desc"": ""Obtain some Andesite Alloy, Create's most important resource"", ""advancement.create.andesite_casing"": ""The Andesite Age"", ""advancement.create.andesite_casing.des"
battle_move_descriptions,FactorMoon\mods\create-1.21.1-6.0.10.jar,assets/create/lang/fi_fi.json,False,False,"{ ""advancement.create.andesite_alloy"": ""Vahvempia kiviä"", ""advancement.create.andesite_alloy.desc"": ""Hanki andesiittiseosta, Createn tärkeintä resurssia"", ""advancement.create.andesite_casing"": ""Andesiittikausi"", ""advancement.create.andesite_casing.desc"": ""Lisä"
battle_move_descriptions,FactorMoon\mods\create-1.21.1-6.0.10.jar,assets/create/lang/es_cl.json,False,False,"{ ""advancement.create.andesite_alloy"": ""Rocas más fuertes"", ""advancement.create.andesite_alloy.desc"": ""Obtén algo de Aleación de Andesita, el recurso más importante de Create"", ""advancement.create.andesite_casing"": ""La Edad de la Andesita"", ""advancement.create"
battle_move_descriptions,FactorMoon\mods\create-1.21.1-6.0.10.jar,assets/create/lang/de_de.json,False,False,"{ ""advancement.create.andesite_alloy"": ""Robustere Felsen"", ""advancement.create.andesite_alloy.desc"": ""Erhalte Andesit-Legierung, die wichtigste Ressource von Create"", ""advancement.create.andesite_casing"": ""Das Andesitzeitalter"", ""advancement.create.andesite_ca"
battle_move_descriptions,FactorMoon\mods\create-1.21.1-6.0.10.jar,assets/create/lang/fr_ca.json,False,False,"{ ""advancement.create.andesite_alloy"": ""Roches renforcées"", ""advancement.create.andesite_alloy.desc"": ""Obtenez de l'alliage d'andésite, la ressource la plus importante de Create"", ""advancement.create.andesite_casing"": ""L'âge d'andésite"", ""advancement.create.an"
battle_move_descriptions,FactorMoon\mods\create-1.21.1-6.0.10.jar,assets/create/lang/sv_se.json,False,False,"{ ""advancement.create.andesite_alloy"": ""Tuffare stenar"", ""advancement.create.andesite_alloy.desc"": ""Skaffa andesitlegering, Creates viktigaste resurs"", ""advancement.create.andesite_casing"": ""Andesitåldern"", ""advancement.create.andesite_casing.desc"": ""Applicera"
battle_move_descriptions,FactorMoon\mods\create-1.21.1-6.0.10.jar,assets/create/lang/hu_hu.json,False,False,"{ ""advancement.create.andesite_alloy"": ""Sziklánál szilárdabb"", ""advancement.create.andesite_alloy.desc"": ""Szerezz némi andezitötvözetet, a Create legfontosabb anyagát"", ""advancement.create.andesite_casing"": ""Andezitkorszak"", ""advancement.create.andesite_casing"
battle_move_descriptions,FactorMoon\mods\create-1.21.1-6.0.10.jar,assets/create/lang/vi_vn.json,False,False,"{ ""advancement.create.andesite_alloy"": ""Đá cứng hơn"", ""advancement.create.andesite_alloy.desc"": ""Kiếm một ít hợp kim Andesit, tài nguyên quan trọng nhất của Create"", ""advancement.create.andesite_casing"": ""Thời kì Andesit"", ""advancement.create.andesite_casing.d"
battle_move_descriptions,FactorMoon\mods\create-1.21.1-6.0.10.jar,assets/create/lang/qep.json,False,False,"{ ""advancement.create.andesite_alloy"": ""Stockier Stones"", ""advancement.create.andesite_alloy.desc"": ""Reap some Andestone Mingebloom, Create's most key anwork"", ""advancement.create.andesite_casing"": ""The Andestone Eld"", ""advancement.create.andesite_casing.desc"""
battle_move_descriptions,FactorMoon\mods\create-1.21.1-6.0.10.jar,assets/create/lang/bel_tr.json,True,False,"{ ""advancement.create.andesite_alloy"": ""Камень памацней"", ""advancement.create.andesite_alloy.desc"": ""Стварыце трохі андэзітавага стопку, найважнейшага рэсурсу ў Create"", ""advancement.create.andesite_casing"": ""Андэзітавы век"", ""advancement.create.andesite_casin"
battle_move_descriptions,FactorMoon\mods\create-1.21.1-6.0.10.jar,assets/create/lang/da_dk.json,False,False,"{ ""advancement.create.andesite_alloy"": ""Stærkere Sten"", ""advancement.create.andesite_alloy.desc"": ""Få noget Andesitlegering, Create's vigtigste ressource"", ""advancement.create.andesite_casing"": ""Andesitalderen"", ""advancement.create.andesite_casing.desc"": ""Tilf"
battle_move_descriptions,FactorMoon\mods\create-1.21.1-6.0.10.jar,assets/create/lang/default/interface.json,False,False,"{ ""itemGroup.create.base"": ""Create"", ""itemGroup.create.palettes"": ""Create's Building Blocks"", ""death.attack.create.crush"": ""%1$s was processed by Crushing Wheels"", ""death.attack.create.crush.player"": ""%1$s was thrown into Crushing Wheels by %2$s"", ""death.attac"
battle_move_descriptions,FactorMoon\mods\mega_showdown-neoforge-1.8.4+1.7.3+1.21.1.jar,assets/mega_showdown/lang/en_us.json,False,False,"{ ""item.mega_showdown.mega_stone"": ""Mega Stone"", ""item.mega_showdown.abomasite"": ""Abomasite"", ""item.mega_showdown.absolite"": ""Absolite"", ""item.mega_showdown.aerodactylite"": ""Aerodactylite"", ""item.mega_showdown.aggronite"": ""Aggronite"", ""item.mega_showdown.alaka"
battle_move_descriptions,FactorMoon\mods\mega_showdown-neoforge-1.8.4+1.7.3+1.21.1.jar,assets/mega_showdown/lang/es_es.json,False,False,"{ ""item.mega_showdown.keystone"": ""Piedra activadora"", ""item.mega_showdown.mega_stone"": ""Megapiedra"", ""item.mega_showdown.abomasite"": ""Abomasnowita"", ""item.mega_showdown.absolite"": ""Absolita"", ""item.mega_showdown.aerodactylite"": ""Aerodactylita"", ""item.mega_show"
battle_move_descriptions,FactorMoon\mods\mega_showdown-neoforge-1.8.4+1.7.3+1.21.1.jar,assets/mega_showdown/lang/fr_fr.json,False,False,"{ ""item.mega_showdown.mega_stone"": ""Méga-Gemme"", ""item.mega_showdown.abomasite"": ""Blizzarite"", ""item.mega_showdown.absolite"": ""Absolite"", ""item.mega_showdown.aerodactylite"": ""Ptéraïte"", ""item.mega_showdown.aggronite"": ""Galekingite"", ""item.mega_showdown.alakazi"
battle_move_descriptions,FactorMoon\mods\mega_showdown-neoforge-1.8.4+1.7.3+1.21.1.jar,assets/mega_showdown/lang/ja_jp.json,False,False,"{ ""item.mega_showdown.mega_stone"": ""メガストーン"", ""item.mega_showdown.abomasite"": ""ユキノオナイト"", ""item.mega_showdown.absolite"": ""アブソルナイト"", ""item.mega_showdown.aerodactylite"": ""プテラナイト"", ""item.mega_showdown.aggronite"": ""ボスゴドラナイト"", ""item.mega_showdown.alakazite"": ""フーディナイト"
battle_move_descriptions,FactorMoon\mods\mega_showdown-neoforge-1.8.4+1.7.3+1.21.1.jar,assets/mega_showdown/lang/ko_kr.json,False,False,"{ ""item.mega_showdown.mega_stone"": ""메가스톤"", ""item.mega_showdown.abomasite"": ""눈설왕나이트"", ""item.mega_showdown.absolite"": ""앱솔나이트"", ""item.mega_showdown.aerodactylite"": ""프테라나이트"", ""item.mega_showdown.aggronite"": ""보스로라나이트"", ""item.mega_showdown.alakazite"": ""후딘나이트"", ""item"
battle_move_descriptions,FactorMoon\mods\mega_showdown-neoforge-1.8.4+1.7.3+1.21.1.jar,assets/mega_showdown/lang/pt_br.json,False,False,"{ ""item.mega_showdown.mega_stone"": ""Mega Pedra"", ""item.mega_showdown.abomasite"": ""Abomasita"", ""item.mega_showdown.absolite"": ""Absolita"", ""item.mega_showdown.aerodactylite"": ""Aerodactylita"", ""item.mega_showdown.aggronite"": ""Aggronita"", ""item.mega_showdown.alaka"
battle_move_descriptions,FactorMoon\mods\mega_showdown-neoforge-1.8.4+1.7.3+1.21.1.jar,assets/mega_showdown/lang/zh_cn.json,False,False,"{ ""item.mega_showdown.mega_stone"": ""空白进化石"", ""item.mega_showdown.abomasite"": ""暴雪王进化石"", ""item.mega_showdown.absolite"": ""阿勃梭鲁进化石"", ""item.mega_showdown.aerodactylite"": ""化石翼龙进化石"", ""item.mega_showdown.aggronite"": ""波士可多拉进化石"", ""item.mega_showdown.alakazite"": ""胡地进化石"", "
battle_move_descriptions,FactorMoon\mods\mega_showdown-neoforge-1.8.4+1.7.3+1.21.1.jar,data/mega_showdown/advancement/mega_showdown/z/get_all_z_move.json,False,False,"{ ""display"": { ""icon"": { ""id"": ""mega_showdown:ultranecrozium_z"" }, ""title"": { ""translate"": ""advancement.mega_showdown.get_all_z_move.title"", ""fallback"": ""Crystal Collector Extraordinaire!"" }, ""description"": { ""translate"": ""advancement.mega_showdown.get_all_z_m"
battle_move_descriptions,FactorMoon\mods\mega_showdown-neoforge-1.8.4+1.7.3+1.21.1.jar,data/mega_showdown/advancement/mega_showdown/z/get_blank_move.json,False,False,"{ ""display"": { ""icon"": { ""id"": ""mega_showdown:blank_z"" }, ""title"": { ""translate"": ""advancement.mega_showdown.get_blank_move.title"", ""fallback"": ""Crystal Clear Confusion!"" }, ""description"": { ""translate"": ""advancement.mega_showdown.get_blank_move.description"", "
battle_move_descriptions,FactorMoon\mods\mega_showdown-neoforge-1.8.4+1.7.3+1.21.1.jar,data/mega_showdown/advancement/mega_showdown/z/get_z_move.json,False,False,"{ ""display"": { ""icon"": { ""id"": ""mega_showdown:normalium_z"" }, ""title"": { ""translate"": ""advancement.mega_showdown.get_z_move.title"", ""fallback"": ""Shiny Rock, Big Boom!"" }, ""description"": { ""translate"": ""advancement.mega_showdown.get_z_move.description"", ""fallba"
battle_move_descriptions,FactorMoon\mods\reforgedplaymod-1.21.1-0.3.jar,assets/viaversion/data/en_US.properties,False,False,# (c) 2017 Mojang AB language.name=English language.region=United States language.code=en_us gui.done=Done gui.cancel=Cancel gui.back=Back gui.toTitle=Back to title screen gui.toMenu=Back to server list gui.up=Up gui.down=Down gui.yes=Yes gui.no=No gui.none=No
battle_move_descriptions,FactorMoon\mods\reforgedplaymod-1.21.1-0.3.jar,assets/viaversion/data/mapping-lang-1.12-1.13.json,False,False,"{ ""language.name"": null, ""language.region"": null, ""language.code"": null, ""gui.done"": null, ""gui.cancel"": null, ""gui.back"": null, ""gui.toTitle"": null, ""gui.toMenu"": null, ""gui.up"": null, ""gui.down"": null, ""gui.yes"": null, ""gui.no"": null, ""gui.none"": null, ""gui."
cobblenav_pokenav,FactorMoon\resourcepacks\COBBLEVERSE RP [CF].zip,assets/cobblenav/lang/en_us.json,False,False,"{ ""gui.cobblenav.apply_bucket"": ""Show Actual Spawn Chance"", ""biome.cobblenav.any"": ""Any Biome"" }"
cobblenav_pokenav,FactorMoon\resourcepacks\iB%20-%203D%20Cobblenav-release-4.zip,assets/cobblenav/models/item/hand/fishingnav_item.json,False,False,"{ ""format_version"": ""1.21.11"", ""credit"": ""Made with Blockbench"", ""texture_size"": [32, 32], ""textures"": { ""0"": ""cobblenav:item/hand/fishingnav_item"", ""particle"": ""cobblenav:item/hand/fishingnav_item"" }, ""elements"": [ { ""from"": [4, 0, 7], ""to"": [12, 12, 9], ""rot"
cobblenav_pokenav,FactorMoon\resourcepacks\iB%20-%203D%20Cobblenav-release-4.zip,assets/cobblenav/models/item/hand/pokefinder_item_black.json,False,False,"{ ""format_version"": ""1.9.0"", ""credit"": ""Made with Blockbench"", ""texture_size"": [32, 32], ""textures"": { ""0"": ""cobblenav:item/hand/pokefinder_item_black"" }, ""elements"": [ { ""from"": [0, 0, 7], ""to"": [16, 12, 9], ""rotation"": {""angle"": 0, ""axis"": ""x"", ""origin"": [0,"
cobblenav_pokenav,FactorMoon\resourcepacks\iB%20-%203D%20Cobblenav-release-4.zip,assets/cobblenav/models/item/hand/pokefinder_item_blue.json,False,False,"{ ""parent"": ""cobblenav:item/hand/pokefinder_item_black"", ""textures"": { ""0"": ""cobblenav:item/hand/pokefinder_item_blue"" } } "
cobblenav_pokenav,FactorMoon\resourcepacks\iB%20-%203D%20Cobblenav-release-4.zip,assets/cobblenav/models/item/hand/pokefinder_item_green.json,False,False,"{ ""parent"": ""cobblenav:item/hand/pokefinder_item_black"", ""textures"": { ""0"": ""cobblenav:item/hand/pokefinder_item_green"" } } "
cobblenav_pokenav,FactorMoon\resourcepacks\iB%20-%203D%20Cobblenav-release-4.zip,assets/cobblenav/models/item/hand/pokefinder_item_pink.json,False,False,"{ ""parent"": ""cobblenav:item/hand/pokefinder_item_black"", ""textures"": { ""0"": ""cobblenav:item/hand/pokefinder_item_pink"" } } "
cobblenav_pokenav,FactorMoon\resourcepacks\iB%20-%203D%20Cobblenav-release-4.zip,assets/cobblenav/models/item/hand/pokefinder_item_red.json,False,False,"{ ""parent"": ""cobblenav:item/hand/pokefinder_item_black"", ""textures"": { ""0"": ""cobblenav:item/hand/pokefinder_item_red"" } } "
cobblenav_pokenav,FactorMoon\resourcepacks\iB%20-%203D%20Cobblenav-release-4.zip,assets/cobblenav/models/item/hand/pokefinder_item_white.json,False,False,"{ ""parent"": ""cobblenav:item/hand/pokefinder_item_black"", ""textures"": { ""0"": ""cobblenav:item/hand/pokefinder_item_white"" } } "
cobblenav_pokenav,FactorMoon\resourcepacks\iB%20-%203D%20Cobblenav-release-4.zip,assets/cobblenav/models/item/hand/pokefinder_item_yellow.json,False,False,"{ ""parent"": ""cobblenav:item/hand/pokefinder_item_black"", ""textures"": { ""0"": ""cobblenav:item/hand/pokefinder_item_yellow"" } } "
cobblenav_pokenav,FactorMoon\resourcepacks\iB%20-%203D%20Cobblenav-release-4.zip,assets/cobblenav/models/item/hand/pokenav_item_base.json,False,False,"{ ""format_version"": ""1.9.0"", ""credit"": ""Made with Blockbench"", ""texture_size"": [32, 32], ""textures"": { ""0"": ""cobblenav:item/hand/base_pokenav"", ""particle"": ""cobblenav:item/hand/base_pokenav"" }, ""elements"": [ { ""from"": [4, 0, 0], ""to"": [12, 1, 8], ""rotation"": {"
cobblenav_pokenav,FactorMoon\resourcepacks\iB%20-%203D%20Cobblenav-release-4.zip,assets/cobblenav/models/item/hand/pokenav_item_black.json,False,False,"{ ""parent"": ""cobblenav:item/hand/pokenav_item_base"", ""textures"": { ""0"": ""cobblenav:item/hand/black_pokenav"" } } "
cobblenav_pokenav,FactorMoon\resourcepacks\iB%20-%203D%20Cobblenav-release-4.zip,assets/cobblenav/models/item/hand/pokenav_item_blue.json,False,False,"{ ""parent"": ""cobblenav:item/hand/pokenav_item_base"", ""textures"": { ""0"": ""cobblenav:item/hand/blue_pokenav"" } } "
cobblenav_pokenav,FactorMoon\resourcepacks\iB%20-%203D%20Cobblenav-release-4.zip,assets/cobblenav/models/item/hand/pokenav_item_brown.json,False,False,"{ ""parent"": ""cobblenav:item/hand/pokenav_item_base"", ""textures"": { ""0"": ""cobblenav:item/hand/brown_pokenav"" } } "
cobblenav_pokenav,FactorMoon\resourcepacks\iB%20-%203D%20Cobblenav-release-4.zip,assets/cobblenav/models/item/hand/pokenav_item_cyan.json,False,False,"{ ""parent"": ""cobblenav:item/hand/pokenav_item_base"", ""textures"": { ""0"": ""cobblenav:item/hand/cyan_pokenav"" } } "
cobblenav_pokenav,FactorMoon\resourcepacks\iB%20-%203D%20Cobblenav-release-4.zip,assets/cobblenav/models/item/hand/pokenav_item_gholdengo.json,False,False,"{ ""parent"": ""cobblenav:item/hand/pokenav_item_base"", ""textures"": { ""0"": ""cobblenav:item/hand/gholdengo_pokenav"" } } "
cobblenav_pokenav,FactorMoon\resourcepacks\iB%20-%203D%20Cobblenav-release-4.zip,assets/cobblenav/models/item/hand/pokenav_item_gray.json,False,False,"{ ""parent"": ""cobblenav:item/hand/pokenav_item_base"", ""textures"": { ""0"": ""cobblenav:item/hand/gray_pokenav"" } } "
cobblenav_pokenav,FactorMoon\resourcepacks\iB%20-%203D%20Cobblenav-release-4.zip,assets/cobblenav/models/item/hand/pokenav_item_green.json,False,False,"{ ""parent"": ""cobblenav:item/hand/pokenav_item_base"", ""textures"": { ""0"": ""cobblenav:item/hand/green_pokenav"" } } "
cobblenav_pokenav,FactorMoon\resourcepacks\iB%20-%203D%20Cobblenav-release-4.zip,assets/cobblenav/models/item/hand/pokenav_item_light_blue.json,False,False,"{ ""parent"": ""cobblenav:item/hand/pokenav_item_base"", ""textures"": { ""0"": ""cobblenav:item/hand/light_blue_pokenav"" } } "
cobblenav_pokenav,FactorMoon\resourcepacks\iB%20-%203D%20Cobblenav-release-4.zip,assets/cobblenav/models/item/hand/pokenav_item_light_gray.json,False,False,"{ ""parent"": ""cobblenav:item/hand/pokenav_item_base"", ""textures"": { ""0"": ""cobblenav:item/hand/light_gray_pokenav"" } } "
cobblenav_pokenav,FactorMoon\resourcepacks\iB%20-%203D%20Cobblenav-release-4.zip,assets/cobblenav/models/item/hand/pokenav_item_lime.json,False,False,"{ ""parent"": ""cobblenav:item/hand/pokenav_item_base"", ""textures"": { ""0"": ""cobblenav:item/hand/lime_pokenav"" } } "
cobblenav_pokenav,FactorMoon\resourcepacks\iB%20-%203D%20Cobblenav-release-4.zip,assets/cobblenav/models/item/hand/pokenav_item_magenta.json,False,False,"{ ""parent"": ""cobblenav:item/hand/pokenav_item_base"", ""textures"": { ""0"": ""cobblenav:item/hand/magenta_pokenav"" } } "
cobblenav_pokenav,FactorMoon\resourcepacks\iB%20-%203D%20Cobblenav-release-4.zip,assets/cobblenav/models/item/hand/pokenav_item_old.json,False,False,"{ ""parent"": ""cobblenav:item/hand/pokenav_item_base"", ""textures"": { ""0"": ""cobblenav:item/hand/old_pokenav"" } } "
cobblenav_pokenav,FactorMoon\resourcepacks\iB%20-%203D%20Cobblenav-release-4.zip,assets/cobblenav/models/item/hand/pokenav_item_orange.json,False,False,"{ ""parent"": ""cobblenav:item/hand/pokenav_item_base"", ""textures"": { ""0"": ""cobblenav:item/hand/orange_pokenav"" } } "
cobblenav_pokenav,FactorMoon\resourcepacks\iB%20-%203D%20Cobblenav-release-4.zip,assets/cobblenav/models/item/hand/pokenav_item_pink.json,False,False,"{ ""parent"": ""cobblenav:item/hand/pokenav_item_base"", ""textures"": { ""0"": ""cobblenav:item/hand/pink_pokenav"" } } "
cobblenav_pokenav,FactorMoon\resourcepacks\iB%20-%203D%20Cobblenav-release-4.zip,assets/cobblenav/models/item/hand/pokenav_item_purple.json,False,False,"{ ""parent"": ""cobblenav:item/hand/pokenav_item_base"", ""textures"": { ""0"": ""cobblenav:item/hand/purple_pokenav"" } } "
cobblenav_pokenav,FactorMoon\resourcepacks\iB%20-%203D%20Cobblenav-release-4.zip,assets/cobblenav/models/item/hand/pokenav_item_red.json,False,False,"{ ""parent"": ""cobblenav:item/hand/pokenav_item_base"", ""textures"": { ""0"": ""cobblenav:item/hand/red_pokenav"" } } "
cobblenav_pokenav,FactorMoon\resourcepacks\iB%20-%203D%20Cobblenav-release-4.zip,assets/cobblenav/models/item/hand/pokenav_item_wanderer.json,False,False,"{ ""parent"": ""cobblenav:item/hand/pokenav_item_base"", ""textures"": { ""0"": ""cobblenav:item/hand/wanderer_pokenav"" } } "
cobblenav_pokenav,FactorMoon\resourcepacks\iB%20-%203D%20Cobblenav-release-4.zip,assets/cobblenav/models/item/hand/pokenav_item_white.json,False,False,"{ ""parent"": ""cobblenav:item/hand/pokenav_item_base"", ""textures"": { ""0"": ""cobblenav:item/hand/white_pokenav"" } } "
cobblenav_pokenav,FactorMoon\resourcepacks\iB%20-%203D%20Cobblenav-release-4.zip,assets/cobblenav/models/item/hand/pokenav_item_yellow.json,False,False,"{ ""parent"": ""cobblenav:item/hand/pokenav_item_base"", ""textures"": { ""0"": ""cobblenav:item/hand/yellow_pokenav"" } } "
cobblenav_pokenav,FactorMoon\resourcepacks\iB%20-%203D%20Cobblenav-release-4.zip,assets/cobblenav/models/item/pokefinder_item_black.json,False,False,"{ ""parent"": ""item/handheld"", ""loader"": ""neoforge:separate_transforms"", ""base"": { ""parent"": ""cobblenav:item/hand/pokefinder_item_black"" }, ""perspectives"": { ""fixed"": { ""parent"": ""minecraft:item/generated"", ""textures"": { ""layer0"": ""cobblenav:item/gui/pokefinder_"
cobblenav_pokenav,FactorMoon\resourcepacks\iB%20-%203D%20Cobblenav-release-4.zip,assets/cobblenav/models/item/pokefinder_item_blue.json,False,False,"{ ""parent"": ""item/handheld"", ""loader"": ""neoforge:separate_transforms"", ""base"": { ""parent"": ""cobblenav:item/hand/pokefinder_item_blue"" }, ""perspectives"": { ""fixed"": { ""parent"": ""minecraft:item/generated"", ""textures"": { ""layer0"": ""cobblenav:item/gui/pokefinder_i"
cobblenav_pokenav,FactorMoon\resourcepacks\iB%20-%203D%20Cobblenav-release-4.zip,assets/cobblenav/models/item/pokefinder_item_green.json,False,False,"{ ""parent"": ""item/handheld"", ""loader"": ""neoforge:separate_transforms"", ""base"": { ""parent"": ""cobblenav:item/hand/pokefinder_item_green"" }, ""perspectives"": { ""fixed"": { ""parent"": ""minecraft:item/generated"", ""textures"": { ""layer0"": ""cobblenav:item/gui/pokefinder_"
cobblenav_pokenav,FactorMoon\resourcepacks\iB%20-%203D%20Cobblenav-release-4.zip,assets/cobblenav/models/item/pokefinder_item_pink.json,False,False,"{ ""parent"": ""item/handheld"", ""loader"": ""neoforge:separate_transforms"", ""base"": { ""parent"": ""cobblenav:item/hand/pokefinder_item_pink"" }, ""perspectives"": { ""fixed"": { ""parent"": ""minecraft:item/generated"", ""textures"": { ""layer0"": ""cobblenav:item/gui/pokefinder_i"
cobblenav_pokenav,FactorMoon\resourcepacks\iB%20-%203D%20Cobblenav-release-4.zip,assets/cobblenav/models/item/pokefinder_item_red.json,False,False,"{ ""parent"": ""item/handheld"", ""loader"": ""neoforge:separate_transforms"", ""base"": { ""parent"": ""cobblenav:item/hand/pokefinder_item_red"" }, ""perspectives"": { ""fixed"": { ""parent"": ""minecraft:item/generated"", ""textures"": { ""layer0"": ""cobblenav:item/gui/pokefinder_it"
cobblenav_pokenav,FactorMoon\resourcepacks\iB%20-%203D%20Cobblenav-release-4.zip,assets/cobblenav/models/item/pokefinder_item_white.json,False,False,"{ ""parent"": ""item/handheld"", ""loader"": ""neoforge:separate_transforms"", ""base"": { ""parent"": ""cobblenav:item/hand/pokefinder_item_white"" }, ""perspectives"": { ""fixed"": { ""parent"": ""minecraft:item/generated"", ""textures"": { ""layer0"": ""cobblenav:item/gui/pokefinder_"
cobblenav_pokenav,FactorMoon\resourcepacks\iB%20-%203D%20Cobblenav-release-4.zip,assets/cobblenav/models/item/pokefinder_item_yellow.json,False,False,"{ ""parent"": ""item/handheld"", ""loader"": ""neoforge:separate_transforms"", ""base"": { ""parent"": ""cobblenav:item/hand/pokefinder_item_yellow"" }, ""perspectives"": { ""fixed"": { ""parent"": ""minecraft:item/generated"", ""textures"": { ""layer0"": ""cobblenav:item/gui/pokefinder"
cobblenav_pokenav,FactorMoon\resourcepacks\iB%20-%203D%20Cobblenav-release-4.zip,assets/cobblenav/models/item/pokenav_item.json,False,False,"{ ""parent"": ""item/handheld"", ""loader"": ""neoforge:separate_transforms"", ""base"": { ""parent"": ""cobblenav:item/hand/pokenav_item_base"" }, ""perspectives"": { ""fixed"": { ""parent"": ""minecraft:item/generated"", ""textures"": { ""layer0"": ""cobblenav:item/gui/pokenav_item_ba"
cobblenav_pokenav,FactorMoon\resourcepacks\iB%20-%203D%20Cobblenav-release-4.zip,assets/cobblenav/models/item/pokenav_item_base.json,False,False,"{ ""parent"": ""item/handheld"", ""loader"": ""neoforge:separate_transforms"", ""base"": { ""parent"": ""cobblenav:item/hand/pokenav_item_base"" }, ""perspectives"": { ""fixed"": { ""parent"": ""minecraft:item/generated"", ""textures"": { ""layer0"": ""cobblenav:item/gui/pokenav_item_ba"
cobblenav_pokenav,FactorMoon\resourcepacks\iB%20-%203D%20Cobblenav-release-4.zip,assets/cobblenav/models/item/pokenav_item_black.json,False,False,"{ ""parent"": ""item/handheld"", ""loader"": ""neoforge:separate_transforms"", ""base"": { ""parent"": ""cobblenav:item/hand/pokenav_item_black"" }, ""perspectives"": { ""fixed"": { ""parent"": ""minecraft:item/generated"", ""textures"": { ""layer0"": ""cobblenav:item/gui/pokenav_item_b"
cobblenav_pokenav,FactorMoon\resourcepacks\iB%20-%203D%20Cobblenav-release-4.zip,assets/cobblenav/models/item/pokenav_item_blue.json,False,False,"{ ""parent"": ""item/handheld"", ""loader"": ""neoforge:separate_transforms"", ""base"": { ""parent"": ""cobblenav:item/hand/pokenav_item_blue"" }, ""perspectives"": { ""fixed"": { ""parent"": ""minecraft:item/generated"", ""textures"": { ""layer0"": ""cobblenav:item/gui/pokenav_item_bl"
cobblenav_pokenav,FactorMoon\resourcepacks\iB%20-%203D%20Cobblenav-release-4.zip,assets/cobblenav/models/item/pokenav_item_brown.json,False,False,"{ ""parent"": ""item/handheld"", ""loader"": ""neoforge:separate_transforms"", ""base"": { ""parent"": ""cobblenav:item/hand/pokenav_item_brown"" }, ""perspectives"": { ""fixed"": { ""parent"": ""minecraft:item/generated"", ""textures"": { ""layer0"": ""cobblenav:item/gui/pokenav_item_b"
cobblenav_pokenav,FactorMoon\resourcepacks\iB%20-%203D%20Cobblenav-release-4.zip,assets/cobblenav/models/item/pokenav_item_cyan.json,False,False,"{ ""parent"": ""item/handheld"", ""loader"": ""neoforge:separate_transforms"", ""base"": { ""parent"": ""cobblenav:item/hand/pokenav_item_cyan"" }, ""perspectives"": { ""fixed"": { ""parent"": ""minecraft:item/generated"", ""textures"": { ""layer0"": ""cobblenav:item/gui/pokenav_item_cy"
cobblenav_pokenav,FactorMoon\resourcepacks\iB%20-%203D%20Cobblenav-release-4.zip,assets/cobblenav/models/item/pokenav_item_gholdengo.json,False,False,"{ ""parent"": ""item/handheld"", ""loader"": ""neoforge:separate_transforms"", ""base"": { ""parent"": ""cobblenav:item/hand/pokenav_item_gholdengo"" }, ""perspectives"": { ""fixed"": { ""parent"": ""minecraft:item/generated"", ""textures"": { ""layer0"": ""cobblenav:item/gui/pokenav_it"
cobblenav_pokenav,FactorMoon\resourcepacks\iB%20-%203D%20Cobblenav-release-4.zip,assets/cobblenav/models/item/pokenav_item_gray.json,False,False,"{ ""parent"": ""item/handheld"", ""loader"": ""neoforge:separate_transforms"", ""base"": { ""parent"": ""cobblenav:item/hand/pokenav_item_gray"" }, ""perspectives"": { ""fixed"": { ""parent"": ""minecraft:item/generated"", ""textures"": { ""layer0"": ""cobblenav:item/gui/pokenav_item_gr"
cobblenav_pokenav,FactorMoon\resourcepacks\iB%20-%203D%20Cobblenav-release-4.zip,assets/cobblenav/models/item/pokenav_item_green.json,False,False,"{ ""parent"": ""item/handheld"", ""loader"": ""neoforge:separate_transforms"", ""base"": { ""parent"": ""cobblenav:item/hand/pokenav_item_green"" }, ""perspectives"": { ""fixed"": { ""parent"": ""minecraft:item/generated"", ""textures"": { ""layer0"": ""cobblenav:item/gui/pokenav_item_g"
cobblenav_pokenav,FactorMoon\resourcepacks\iB%20-%203D%20Cobblenav-release-4.zip,assets/cobblenav/models/item/pokenav_item_light_blue.json,False,False,"{ ""parent"": ""item/handheld"", ""loader"": ""neoforge:separate_transforms"", ""base"": { ""parent"": ""cobblenav:item/hand/pokenav_item_light_blue"" }, ""perspectives"": { ""fixed"": { ""parent"": ""minecraft:item/generated"", ""textures"": { ""layer0"": ""cobblenav:item/gui/pokenav_i"
cobblenav_pokenav,FactorMoon\resourcepacks\iB%20-%203D%20Cobblenav-release-4.zip,assets/cobblenav/models/item/pokenav_item_light_gray.json,False,False,"{ ""parent"": ""item/handheld"", ""loader"": ""neoforge:separate_transforms"", ""base"": { ""parent"": ""cobblenav:item/hand/pokenav_item_light_gray"" }, ""perspectives"": { ""fixed"": { ""parent"": ""minecraft:item/generated"", ""textures"": { ""layer0"": ""cobblenav:item/gui/pokenav_i"
cobblenav_pokenav,FactorMoon\resourcepacks\iB%20-%203D%20Cobblenav-release-4.zip,assets/cobblenav/models/item/pokenav_item_lime.json,False,False,"{ ""parent"": ""item/handheld"", ""loader"": ""neoforge:separate_transforms"", ""base"": { ""parent"": ""cobblenav:item/hand/pokenav_item_lime"" }, ""perspectives"": { ""fixed"": { ""parent"": ""minecraft:item/generated"", ""textures"": { ""layer0"": ""cobblenav:item/gui/pokenav_item_li"
cobblenav_pokenav,FactorMoon\resourcepacks\iB%20-%203D%20Cobblenav-release-4.zip,assets/cobblenav/models/item/pokenav_item_magenta.json,False,False,"{ ""parent"": ""item/handheld"", ""loader"": ""neoforge:separate_transforms"", ""base"": { ""parent"": ""cobblenav:item/hand/pokenav_item_magenta"" }, ""perspectives"": { ""fixed"": { ""parent"": ""minecraft:item/generated"", ""textures"": { ""layer0"": ""cobblenav:item/gui/pokenav_item"
cobblenav_pokenav,FactorMoon\resourcepacks\iB%20-%203D%20Cobblenav-release-4.zip,assets/cobblenav/models/item/pokenav_item_netherite.json,False,False,"{ ""parent"": ""item/handheld"", ""loader"": ""neoforge:separate_transforms"", ""base"": { ""parent"": ""cobblenav:item/hand/pokenav_item_netherite"" }, ""perspectives"": { ""fixed"": { ""parent"": ""minecraft:item/generated"", ""textures"": { ""layer0"": ""cobblenav:item/gui/pokenav_it"
cobblenav_pokenav,FactorMoon\resourcepacks\iB%20-%203D%20Cobblenav-release-4.zip,assets/cobblenav/models/item/pokenav_item_old.json,False,False,"{ ""parent"": ""item/handheld"", ""loader"": ""neoforge:separate_transforms"", ""base"": { ""parent"": ""cobblenav:item/hand/pokenav_item_old"" }, ""perspectives"": { ""fixed"": { ""parent"": ""minecraft:item/generated"", ""textures"": { ""layer0"": ""cobblenav:item/gui/pokenav_item_old"
cobblenav_pokenav,FactorMoon\resourcepacks\iB%20-%203D%20Cobblenav-release-4.zip,assets/cobblenav/models/item/pokenav_item_orange.json,False,False,"{ ""parent"": ""item/handheld"", ""loader"": ""neoforge:separate_transforms"", ""base"": { ""parent"": ""cobblenav:item/hand/pokenav_item_orange"" }, ""perspectives"": { ""fixed"": { ""parent"": ""minecraft:item/generated"", ""textures"": { ""layer0"": ""cobblenav:item/gui/pokenav_item_"
cobblenav_pokenav,FactorMoon\resourcepacks\iB%20-%203D%20Cobblenav-release-4.zip,assets/cobblenav/models/item/pokenav_item_pink.json,False,False,"{ ""parent"": ""item/handheld"", ""loader"": ""neoforge:separate_transforms"", ""base"": { ""parent"": ""cobblenav:item/hand/pokenav_item_pink"" }, ""perspectives"": { ""fixed"": { ""parent"": ""minecraft:item/generated"", ""textures"": { ""layer0"": ""cobblenav:item/gui/pokenav_item_pi"
cobblenav_pokenav,FactorMoon\resourcepacks\iB%20-%203D%20Cobblenav-release-4.zip,assets/cobblenav/models/item/pokenav_item_purple.json,False,False,"{ ""parent"": ""item/handheld"", ""loader"": ""neoforge:separate_transforms"", ""base"": { ""parent"": ""cobblenav:item/hand/pokenav_item_purple"" }, ""perspectives"": { ""fixed"": { ""parent"": ""minecraft:item/generated"", ""textures"": { ""layer0"": ""cobblenav:item/gui/pokenav_item_"
cobblenav_pokenav,FactorMoon\resourcepacks\iB%20-%203D%20Cobblenav-release-4.zip,assets/cobblenav/models/item/pokenav_item_red.json,False,False,"{ ""parent"": ""item/handheld"", ""loader"": ""neoforge:separate_transforms"", ""base"": { ""parent"": ""cobblenav:item/hand/pokenav_item_red"" }, ""perspectives"": { ""fixed"": { ""parent"": ""minecraft:item/generated"", ""textures"": { ""layer0"": ""cobblenav:item/gui/pokenav_item_red"
cobblenav_pokenav,FactorMoon\resourcepacks\iB%20-%203D%20Cobblenav-release-4.zip,assets/cobblenav/models/item/pokenav_item_wanderer.json,False,False,"{ ""parent"": ""item/handheld"", ""loader"": ""neoforge:separate_transforms"", ""base"": { ""parent"": ""cobblenav:item/hand/pokenav_item_wanderer"" }, ""perspectives"": { ""fixed"": { ""parent"": ""minecraft:item/generated"", ""textures"": { ""layer0"": ""cobblenav:item/gui/pokenav_ite"
cobblenav_pokenav,FactorMoon\resourcepacks\iB%20-%203D%20Cobblenav-release-4.zip,assets/cobblenav/models/item/pokenav_item_white.json,False,False,"{ ""parent"": ""item/handheld"", ""loader"": ""neoforge:separate_transforms"", ""base"": { ""parent"": ""cobblenav:item/hand/pokenav_item_white"" }, ""perspectives"": { ""fixed"": { ""parent"": ""minecraft:item/generated"", ""textures"": { ""layer0"": ""cobblenav:item/gui/pokenav_item_w"
cobblenav_pokenav,FactorMoon\resourcepacks\iB%20-%203D%20Cobblenav-release-4.zip,assets/cobblenav/models/item/pokenav_item_yellow.json,False,False,"{ ""parent"": ""item/handheld"", ""loader"": ""neoforge:separate_transforms"", ""base"": { ""parent"": ""cobblenav:item/hand/pokenav_item_yellow"" }, ""perspectives"": { ""fixed"": { ""parent"": ""minecraft:item/generated"", ""textures"": { ""layer0"": ""cobblenav:item/gui/pokenav_item_"
cobblenav_pokenav,cobblemon-extra\cobblenav\settings\pokefinder.json,,False,False,
cobblenav_pokenav,cobblemon-extra\cobblenav\settings\pokenav.json,,False,False,"{ ""preferences"": { ""bucketIndex"": 3, ""sorting"": ""ASCENDING"", ""applyBucketChecked"": true } }"
cobblenav_pokenav,FactorMoon\_cobblemon_extra_reference\cobblenav\settings\pokefinder.json,,False,False,
cobblenav_pokenav,FactorMoon\_cobblemon_extra_reference\cobblenav\settings\pokenav.json,,False,False,"{ ""preferences"": { ""bucketIndex"": 3, ""sorting"": ""ASCENDING"", ""applyBucketChecked"": true } }"
cobblenav_pokenav,FactorMoon\_cobblemon_extra_reference\TLauncherAdditional.json,,False,False,"{ ""activateSkinCapeForUserVersion"": false, ""skipHashsumValidation"": false, ""tlauncherVersion"": 0, ""modpack"": { ""modpackMemory"": false, ""memory"": 0, ""id"": 1210677, ""name"": ""COBBLEVERSE - Pokemon Adventure [Cobblemon]"", ""favorite"": false, ""version"": { ""mods"": [ "
